"block_id","crop_name","longitude","latitude"
"34ae6579aee1-1","amaranth",36.75,-3.37
"34ae6579aee1-2","amaranth",36.78,-3.36
"34ae6579aee1-3","amaranth",36.75,-3.37
"34ae6579aee1-4","amaranth",36.76,-3.36
"34ae6579aee1-5","amaranth",36.76,-3.37
"34ae6579aee1-6","amaranth",36.76,-3.37
"34ae6579aee1-7","amaranth",36.75,-3.39
"34ae6579aee1-8","amaranth",36.76,-3.38
"34ae6579aee1-9","amaranth",36.77,-3.39
"34ae6579aee1-10","amaranth",36.77,-3.38
"34ae6579aee1-11","amaranth",36.75,-3.36
"34ae6579aee1-12","amaranth",36.77,-3.39
"34ae6579aee1-13","amaranth",36.76,-3.37
"34ae6579aee1-14","amaranth",36.77,-3.36
"34ae6579aee1-15","amaranth",36.76,-3.37
"34ae6579aee1-16","amaranth",36.76,-3.38
"34ae6579aee1-17","amaranth",36.76,-3.4
"34ae6579aee1-18","amaranth",36.76,-3.39
"34ae6579aee1-19","amaranth",36.75,-3.38
"34ae6579aee1-20","amaranth",36.76,-3.37
"34ae6579aee1-21","amaranth",36.76,-3.38
"34ae6579aee1-22","amaranth",36.76,-3.37
"34ae6579aee1-23","amaranth",36.75,-3.39
"34ae6579aee1-24","amaranth",36.76,-3.38
"34ae6579aee1-25","amaranth",36.76,-3.37
"34ae6579aee1-26","amaranth",36.77,-3.39
"34ae6579aee1-27","amaranth",36.8,-3.37
"34ae6579aee1-28","amaranth",36.79,-3.37
"34ae6579aee1-29","amaranth",36.78,-3.37
"34ae6579aee1-30","amaranth",36.8,-3.37
"34ae6579aee1-31","amaranth",36.79,-3.36
"34ae6579aee1-32","amaranth",36.8,-3.37
"34ae6579aee1-33","amaranth",36.78,-3.37
"34ae6579aee1-34","amaranth",36.81,-3.37
"34ae6579aee1-35","amaranth",36.8,-3.36
"34ae6579aee1-36","amaranth",36.79,-3.38
"34ae6579aee1-37","amaranth",36.8,-3.38
"34ae6579aee1-38","amaranth",36.79,-3.37
"34ae6579aee1-39","amaranth",36.8,-3.35
"34ae6579aee1-40","amaranth",36.81,-3.36
"34ae6579aee1-41","amaranth",36.79,-3.36
"34ae6579aee1-42","amaranth",36.8,-3.37
"34ae6579aee1-43","amaranth",36.8,-3.35
"34ae6579aee1-44","amaranth",36.79,-3.36
"34ae6579aee1-45","amaranth",36.81,-3.36
"34ae6579aee1-46","amaranth",36.81,-3.38
"34ae6579aee1-47","amaranth",36.81,-3.36
"34ae6579aee1-48","amaranth",36.8,-3.38
"34ae6579aee1-49","amaranth",36.81,-3.37
"34ae6579aee1-50","amaranth",36.82,-3.38
"34ae6579aee1-51","amaranth",36.8,-3.37
"34ae6579aee1-52","amaranth",36.81,-3.35
"34ae6579aee1-53","amaranth",36.8,-3.38
"34ae6579aee1-54","amaranth",36.81,-3.37
"34ae6579aee1-55","amaranth",36.79,-3.44
"34ae6579aee1-56","amaranth",36.82,-3.44
"34ae6579aee1-57","amaranth",36.79,-3.46
"34ae6579aee1-58","amaranth",36.79,-3.44
"34ae6579aee1-59","amaranth",36.8,-3.46
"34ae6579aee1-60","amaranth",36.79,-3.45
"34ae6579aee1-61","amaranth",36.79,-3.44
"34ae6579aee1-62","amaranth",36.82,-3.46
"34ae6579aee1-63","amaranth",36.79,-3.47
"34ae6579aee1-64","amaranth",36.8,-3.45
"34ae6579aee1-65","amaranth",36.8,-3.44
"34ae6579aee1-66","amaranth",36.8,-3.46
"34ae6579aee1-67","amaranth",36.79,-3.46
"34ae6579aee1-68","amaranth",36.79,-3.46
"34ae6579aee1-69","amaranth",36.72,-3.47
"34ae6579aee1-70","amaranth",36.81,-3.46
"34ae6579aee1-71","amaranth",36.77,-3.44
"34ae6579aee1-72","amaranth",36.8,-3.46
"34ae6579aee1-73","amaranth",36.79,-3.45
"34ae6579aee1-74","amaranth",36.81,-3.43
"34ae6579aee1-75","amaranth",36.79,-3.45
"34ae6579aee1-76","amaranth",36.79,-3.44
"34ae6579aee1-77","amaranth",36.8,-3.46
"34ae6579aee1-78","amaranth",36.79,-3.47
"34ae6579aee1-79","amaranth",36.79,-3.45
"34ae6579aee1-80","amaranth",36.79,-3.44
"34ae6579aee1-81","amaranth",36.81,-3.4
"34ae6579aee1-82","amaranth",36.8,-3.39
"34ae6579aee1-83","amaranth",36.81,-3.4
"34ae6579aee1-84","amaranth",36.81,-3.41
"34ae6579aee1-85","amaranth",36.82,-3.4
"34ae6579aee1-86","amaranth",36.82,-3.4
"34ae6579aee1-87","amaranth",36.8,-3.4
"34ae6579aee1-88","amaranth",36.81,-3.41
"34ae6579aee1-89","amaranth",36.81,-3.41
"34ae6579aee1-90","amaranth",36.82,-3.4
"34ae6579aee1-91","amaranth",36.82,-3.4
"34ae6579aee1-92","amaranth",36.82,-3.4
"34ae6579aee1-93","amaranth",36.82,-3.41
"34ae6579aee1-94","amaranth",36.81,-3.4
"34ae6579aee1-95","amaranth",36.81,-3.41
"34ae6579aee1-96","amaranth",36.82,-3.41
"34ae6579aee1-97","amaranth",36.82,-3.4
"34ae6579aee1-98","amaranth",36.81,-3.4
"34ae6579aee1-99","amaranth",36.8,-3.4
"34ae6579aee1-100","amaranth",36.81,-3.38
"34ae6579aee1-101","amaranth",36.8,-3.39
"34ae6579aee1-102","amaranth",36.82,-3.41
"34ae6579aee1-103","amaranth",36.83,-3.41
"34ae6579aee1-104","amaranth",36.82,-3.4
"34ae6579aee1-105","amaranth",36.82,-3.4
"34ae6579aee1-106","amaranth",36.81,-3.4
"34ae6579aee1-107","amaranth",37.25,-3.33
"34ae6579aee1-108","amaranth",37.27,-3.34
"34ae6579aee1-109","amaranth",37.27,-3.33
"34ae6579aee1-110","amaranth",37.25,-3.33
"34ae6579aee1-111","amaranth",37.27,-3.32
"34ae6579aee1-112","amaranth",37.26,-3.33
"34ae6579aee1-113","amaranth",37.29,-3.33
"34ae6579aee1-114","amaranth",37.26,-3.34
"34ae6579aee1-115","amaranth",37.28,-3.36
"34ae6579aee1-116","amaranth",37.28,-3.35
"34ae6579aee1-117","amaranth",37.28,-3.32
"34ae6579aee1-118","amaranth",37.27,-3.32
"34ae6579aee1-119","amaranth",37.25,-3.32
"34ae6579aee1-120","amaranth",37.26,-3.34
"34ae6579aee1-121","amaranth",37.27,-3.32
"34ae6579aee1-122","amaranth",37.26,-3.33
"34ae6579aee1-123","amaranth",37.26,-3.34
"34ae6579aee1-124","amaranth",37.25,-3.34
"34ae6579aee1-125","amaranth",37.25,-3.33
"34ae6579aee1-126","amaranth",37.26,-3.35
"34ae6579aee1-127","amaranth",37.25,-3.34
"34ae6579aee1-128","amaranth",37.25,-3.32
"34ae6579aee1-129","amaranth",37.26,-3.34
"34ae6579aee1-130","amaranth",37.25,-3.34
"34ae6579aee1-131","amaranth",37.26,-3.32
"34ae6579aee1-132","amaranth",37.26,-3.34
"34ae6579aee1-133","amaranth",36.99,-3.19
"34ae6579aee1-134","amaranth",36.99,-3.19
"34ae6579aee1-135","amaranth",37.01,-3.21
"34ae6579aee1-136","amaranth",36.98,-3.2
"34ae6579aee1-137","amaranth",37,-3.18
"34ae6579aee1-138","amaranth",36.99,-3.22
"34ae6579aee1-139","amaranth",36.98,-3.22
"34ae6579aee1-140","amaranth",36.99,-3.2
"34ae6579aee1-141","amaranth",36.99,-3.18
"34ae6579aee1-142","amaranth",36.97,-3.18
"34ae6579aee1-143","amaranth",36.99,-3.18
"34ae6579aee1-144","amaranth",36.98,-3.21
"34ae6579aee1-145","amaranth",36.99,-3.19
"34ae6579aee1-146","amaranth",36.98,-3.2
"34ae6579aee1-147","amaranth",36.98,-3.21
"34ae6579aee1-148","amaranth",37,-3.19
"34ae6579aee1-149","amaranth",36.98,-3.18
"34ae6579aee1-150","amaranth",37.01,-3.19
"34ae6579aee1-151","amaranth",36.99,-3.18
"34ae6579aee1-152","amaranth",37.01,-3.2
"34ae6579aee1-153","amaranth",36.99,-3.2
"34ae6579aee1-154","amaranth",36.99,-3.2
"34ae6579aee1-155","amaranth",37,-3.17
"34ae6579aee1-156","amaranth",36.99,-3.19
"34ae6579aee1-157","amaranth",36.99,-3.19
"34ae6579aee1-158","amaranth",37,-3.17
"34ae6579aee1-159","amaranth",37.55,-3.37
"34ae6579aee1-160","amaranth",37.52,-3.39
"34ae6579aee1-161","amaranth",37.52,-3.39
"34ae6579aee1-162","amaranth",37.53,-3.38
"34ae6579aee1-163","amaranth",37.53,-3.4
"34ae6579aee1-164","amaranth",37.53,-3.37
"34ae6579aee1-165","amaranth",37.55,-3.36
"34ae6579aee1-166","amaranth",37.53,-3.38
"34ae6579aee1-167","amaranth",37.54,-3.36
"34ae6579aee1-168","amaranth",37.54,-3.36
"34ae6579aee1-169","amaranth",37.54,-3.37
"34ae6579aee1-170","amaranth",37.55,-3.37
"34ae6579aee1-171","amaranth",37.55,-3.39
"34ae6579aee1-172","amaranth",37.54,-3.36
"34ae6579aee1-173","amaranth",37.54,-3.37
"34ae6579aee1-174","amaranth",37.54,-3.36
"34ae6579aee1-175","amaranth",37.54,-3.38
"34ae6579aee1-176","amaranth",37.54,-3.38
"34ae6579aee1-177","amaranth",37.54,-3.37
"34ae6579aee1-178","amaranth",37.54,-3.37
"34ae6579aee1-179","amaranth",37.53,-3.38
"34ae6579aee1-180","amaranth",37.52,-3.33
"34ae6579aee1-181","amaranth",37.52,-3.4
"34ae6579aee1-182","amaranth",37.52,-3.39
"34ae6579aee1-183","amaranth",37.54,-3.37
"34ae6579aee1-184","amaranth",37.53,-3.37
"ea0eb14e67ce-1","amaranth",38.99,-10.25
"ea0eb14e67ce-2","amaranth",38.98,-10.25
"ea0eb14e67ce-3","amaranth",39.01,-10.25
"ea0eb14e67ce-4","amaranth",39,-10.26
"ea0eb14e67ce-5","amaranth",38.99,-10.26
"ea0eb14e67ce-6","amaranth",39.01,-10.27
"ea0eb14e67ce-7","amaranth",39,-10.27
"ea0eb14e67ce-8","amaranth",38.97,-10.25
"ea0eb14e67ce-9","amaranth",39,-10.27
"ea0eb14e67ce-10","amaranth",38.97,-10.25
"ea0eb14e67ce-11","amaranth",39.01,-10.26
"ea0eb14e67ce-12","amaranth",39.01,-10.27
"ea0eb14e67ce-13","amaranth",38.99,-10.26
"ea0eb14e67ce-14","amaranth",38.98,-10.27
"ea0eb14e67ce-15","amaranth",38.98,-10.25
"ea0eb14e67ce-16","amaranth",39,-10.27
"ea0eb14e67ce-17","amaranth",38.99,-10.26
"ea0eb14e67ce-18","amaranth",39,-10.27
"ea0eb14e67ce-19","amaranth",38.99,-10.26
"ea0eb14e67ce-20","amaranth",39,-10.29
"ea0eb14e67ce-21","amaranth",38.99,-10.29
"ea0eb14e67ce-22","amaranth",38.99,-10.28
"ea0eb14e67ce-23","amaranth",38.94,-10.28
"ea0eb14e67ce-24","amaranth",38.99,-10.26
"ea0eb14e67ce-25","amaranth",38.99,-10.25
"ea0eb14e67ce-26","amaranth",38.97,-10.24
"ea0eb14e67ce-27","amaranth",38.97,-10.25
"ea0eb14e67ce-28","amaranth",38.97,-10.25
"ea0eb14e67ce-29","amaranth",38.99,-10.24
"ea0eb14e67ce-30","amaranth",38.99,-10.25
"ea0eb14e67ce-31","amaranth",38.98,-10.26
"ea0eb14e67ce-32","amaranth",38.96,-10.27
"ea0eb14e67ce-33","amaranth",38.94,-10.26
"ea0eb14e67ce-34","amaranth",38.96,-10.27
"ea0eb14e67ce-35","amaranth",39,-10.25
"ea0eb14e67ce-36","amaranth",38.95,-10.25
"ea0eb14e67ce-37","amaranth",38.95,-10.25
"ea0eb14e67ce-38","amaranth",38.95,-10.25
"ea0eb14e67ce-39","amaranth",38.95,-10.25
"ea0eb14e67ce-40","amaranth",39.01,-10.24
"ea0eb14e67ce-41","amaranth",38.99,-10.24
"ea0eb14e67ce-42","amaranth",38.98,-10.23
"ea0eb14e67ce-43","amaranth",38.97,-10.24
"ea0eb14e67ce-44","amaranth",38.98,-10.26
"ea0eb14e67ce-45","amaranth",38.94,-10.26
"ea0eb14e67ce-46","amaranth",38.99,-10.25
"ea0eb14e67ce-47","amaranth",38.94,-10.25
"ea0eb14e67ce-48","amaranth",38.91,-10.12
"ea0eb14e67ce-49","amaranth",38.89,-10.15
"ea0eb14e67ce-50","amaranth",38.92,-10.18
"ea0eb14e67ce-51","amaranth",38.92,-10.17
"ea0eb14e67ce-52","amaranth",38.91,-10.16
"ea0eb14e67ce-53","amaranth",38.92,-10.18
"ea0eb14e67ce-54","amaranth",38.93,-10.13
"ea0eb14e67ce-55","amaranth",38.92,-10.17
"ea0eb14e67ce-56","amaranth",38.91,-10.18
"ea0eb14e67ce-57","amaranth",38.93,-10.17
"ea0eb14e67ce-58","amaranth",38.92,-10.11
"ea0eb14e67ce-59","amaranth",38.93,-10.13
"ea0eb14e67ce-60","amaranth",38.89,-10.15
"ea0eb14e67ce-61","amaranth",38.89,-10.16
"ea0eb14e67ce-62","amaranth",38.92,-10.12
"ea0eb14e67ce-63","amaranth",38.88,-10.17
"ea0eb14e67ce-64","amaranth",38.91,-10.19
"ea0eb14e67ce-65","amaranth",38.93,-10.12
"ea0eb14e67ce-66","amaranth",38.91,-10.17
"ea0eb14e67ce-67","amaranth",38.93,-10.18
"ea0eb14e67ce-68","amaranth",38.88,-10.15
"ea0eb14e67ce-69","amaranth",38.89,-10.17
"ea0eb14e67ce-70","amaranth",38.91,-10.18
"ea0eb14e67ce-71","amaranth",38.91,-10.18
"ea0eb14e67ce-72","amaranth",38.89,-10.16
"ea0eb14e67ce-73","amaranth",38.93,-10.27
"ea0eb14e67ce-74","amaranth",38.91,-10.21
"ea0eb14e67ce-75","amaranth",38.94,-10.24
"ea0eb14e67ce-76","amaranth",38.94,-10.28
"ea0eb14e67ce-77","amaranth",38.94,-10.27
"ea0eb14e67ce-78","amaranth",38.91,-10.26
"ea0eb14e67ce-79","amaranth",38.95,-10.25
"ea0eb14e67ce-80","amaranth",38.93,-10.28
"ea0eb14e67ce-81","amaranth",38.91,-10.28
"ea0eb14e67ce-82","amaranth",38.95,-10.22
"ea0eb14e67ce-83","amaranth",38.93,-10.24
"ea0eb14e67ce-84","amaranth",38.93,-10.27
"ea0eb14e67ce-85","amaranth",38.93,-10.22
"ea0eb14e67ce-86","amaranth",38.91,-10.29
"ea0eb14e67ce-87","amaranth",38.93,-10.26
"ea0eb14e67ce-88","amaranth",38.94,-10.27
"ea0eb14e67ce-89","amaranth",38.94,-10.25
"ea0eb14e67ce-90","amaranth",38.94,-10.26
"ea0eb14e67ce-91","amaranth",38.93,-10.24
"ea0eb14e67ce-92","amaranth",38.93,-10.25
"ea0eb14e67ce-93","amaranth",38.94,-10.24
"ea0eb14e67ce-94","amaranth",38.94,-10.26
"ea0eb14e67ce-95","amaranth",38.92,-10.28
"ea0eb14e67ce-96","amaranth",38.94,-10.26
"ea0eb14e67ce-97","amaranth",38.92,-10.21
"ea0eb14e67ce-98","amaranth",38.93,-10.18
"ea0eb14e67ce-99","amaranth",38.94,-10.2
"ea0eb14e67ce-100","amaranth",38.93,-10.19
"ea0eb14e67ce-101","amaranth",38.93,-10.19
"ea0eb14e67ce-102","amaranth",38.93,-10.18
"ea0eb14e67ce-103","amaranth",38.94,-10.2
"ea0eb14e67ce-104","amaranth",38.93,-10.19
"ea0eb14e67ce-105","amaranth",38.93,-10.17
"ea0eb14e67ce-106","amaranth",38.94,-10.18
"ea0eb14e67ce-107","amaranth",38.95,-10.19
"ea0eb14e67ce-108","amaranth",38.95,-10.18
"ea0eb14e67ce-109","amaranth",38.92,-10.18
"ea0eb14e67ce-110","amaranth",38.93,-10.18
"ea0eb14e67ce-111","amaranth",38.96,-10.2
"ea0eb14e67ce-112","amaranth",38.95,-10.19
"ea0eb14e67ce-113","amaranth",38.94,-10.18
"ea0eb14e67ce-114","amaranth",38.96,-10.18
"ea0eb14e67ce-115","amaranth",38.96,-10.2
"ea0eb14e67ce-116","amaranth",38.95,-10.19
"ea0eb14e67ce-117","amaranth",38.97,-10.19
"ea0eb14e67ce-118","amaranth",38.96,-10.19
"ea0eb14e67ce-119","amaranth",38.95,-10.18
"ea0eb14e67ce-120","amaranth",38.97,-10.19
"ea0eb14e67ce-121","amaranth",38.93,-10.17
"ea0eb14e67ce-122","amaranth",38.93,-10.19
"ea0eb14e67ce-123","amaranth",38.88,-10.11
"ea0eb14e67ce-124","amaranth",38.87,-10.11
"ea0eb14e67ce-125","amaranth",38.87,-10.12
"ea0eb14e67ce-126","amaranth",38.87,-10.11
"ea0eb14e67ce-127","amaranth",38.87,-10.12
"ea0eb14e67ce-128","amaranth",38.88,-10.12
"ea0eb14e67ce-129","amaranth",38.87,-10.13
"ea0eb14e67ce-130","amaranth",38.86,-10.12
"ea0eb14e67ce-131","amaranth",38.86,-10.11
"ea0eb14e67ce-132","amaranth",38.87,-10.11
"ea0eb14e67ce-133","amaranth",38.87,-10.11
"ea0eb14e67ce-134","amaranth",38.87,-10.11
"ea0eb14e67ce-135","amaranth",38.88,-10.1
"ea0eb14e67ce-136","amaranth",38.86,-10.1
"ea0eb14e67ce-137","amaranth",38.89,-10.12
"ea0eb14e67ce-138","amaranth",38.88,-10.1
"ea0eb14e67ce-139","amaranth",38.87,-10.12
"ea0eb14e67ce-140","amaranth",38.88,-10.12
"ea0eb14e67ce-141","amaranth",38.87,-10.11
"ea0eb14e67ce-142","amaranth",38.88,-10.13
"ea0eb14e67ce-143","amaranth",38.86,-10.12
"ea0eb14e67ce-144","amaranth",38.88,-10.12
"ea0eb14e67ce-145","amaranth",38.86,-10.12
"ea0eb14e67ce-146","amaranth",38.88,-10.1
"ea0eb14e67ce-147","amaranth",38.87,-10.12
"ea0eb14e67ce-148","amaranth",39.71,-10.92
"ea0eb14e67ce-149","amaranth",39.64,-10.91
"ea0eb14e67ce-150","amaranth",39.62,-10.89
"ea0eb14e67ce-151","amaranth",39.63,-10.89
"ea0eb14e67ce-152","amaranth",39.63,-10.89
"ea0eb14e67ce-153","amaranth",39.64,-10.89
"ea0eb14e67ce-154","amaranth",39.63,-10.89
"ea0eb14e67ce-155","amaranth",39.62,-10.91
"ea0eb14e67ce-156","amaranth",39.62,-10.89
"ea0eb14e67ce-157","amaranth",39.64,-10.9
"ea0eb14e67ce-158","amaranth",39.63,-10.9
"ea0eb14e67ce-159","amaranth",39.64,-10.91
"ea0eb14e67ce-160","amaranth",39.63,-10.89
"ea0eb14e67ce-161","amaranth",39.61,-10.9
"ea0eb14e67ce-162","amaranth",39.61,-10.89
"ea0eb14e67ce-163","amaranth",39.61,-10.88
"ea0eb14e67ce-164","amaranth",39.63,-10.89
"ea0eb14e67ce-165","amaranth",39.7,-10.92
"ea0eb14e67ce-166","amaranth",39.6,-10.9
"ea0eb14e67ce-167","amaranth",39.62,-10.9
"ea0eb14e67ce-168","amaranth",39.61,-10.9
"ea0eb14e67ce-169","amaranth",39.6,-10.88
"ea0eb14e67ce-170","amaranth",39.6,-10.9
"ea0eb14e67ce-171","amaranth",39.63,-10.91
"ea0eb14e67ce-172","amaranth",39.7,-10.91
"ea0eb14e67ce-173","amaranth",39.55,-10.9
"ea0eb14e67ce-174","amaranth",39.54,-10.92
"ea0eb14e67ce-175","amaranth",39.55,-10.91
"ea0eb14e67ce-176","amaranth",39.55,-10.91
"ea0eb14e67ce-177","amaranth",39.54,-10.89
"ea0eb14e67ce-178","amaranth",39.54,-10.89
"ea0eb14e67ce-179","amaranth",39.55,-10.9
"ea0eb14e67ce-180","amaranth",39.55,-10.89
"ea0eb14e67ce-181","amaranth",39.51,-10.9
"ea0eb14e67ce-182","amaranth",39.51,-10.89
"ea0eb14e67ce-183","amaranth",39.5,-10.89
"ea0eb14e67ce-184","amaranth",39.5,-10.89
"ea0eb14e67ce-185","amaranth",39.5,-10.89
"ea0eb14e67ce-186","amaranth",39.5,-10.9
"ea0eb14e67ce-187","amaranth",39.52,-10.91
"ea0eb14e67ce-188","amaranth",39.51,-10.91
"ea0eb14e67ce-189","amaranth",39.53,-10.92
"ea0eb14e67ce-190","amaranth",39.53,-10.93
"ea0eb14e67ce-191","amaranth",39.53,-10.91
"ea0eb14e67ce-192","amaranth",39.53,-10.92
"ea0eb14e67ce-193","amaranth",39.55,-10.9
"ea0eb14e67ce-194","amaranth",39.53,-10.9
"ea0eb14e67ce-195","amaranth",39.52,-10.92
"ea0eb14e67ce-196","amaranth",39.53,-10.9
"ea0eb14e67ce-197","amaranth",39.51,-10.91
"ea0eb14e67ce-198","amaranth",39.7,-10.82
"ea0eb14e67ce-199","amaranth",39.69,-10.84
"ea0eb14e67ce-200","amaranth",39.68,-10.84
"ea0eb14e67ce-201","amaranth",39.71,-10.84
"ea0eb14e67ce-202","amaranth",39.7,-10.86
"ea0eb14e67ce-203","amaranth",39.68,-10.85
"ea0eb14e67ce-204","amaranth",39.7,-10.83
"ea0eb14e67ce-205","amaranth",39.69,-10.84
"ea0eb14e67ce-206","amaranth",39.68,-10.85
"ea0eb14e67ce-207","amaranth",39.7,-10.86
"ea0eb14e67ce-208","amaranth",39.7,-10.85
"ea0eb14e67ce-209","amaranth",39.68,-10.85
"ea0eb14e67ce-210","amaranth",39.69,-10.85
"ea0eb14e67ce-211","amaranth",39.68,-10.84
"ea0eb14e67ce-212","amaranth",39.68,-10.85
"ea0eb14e67ce-213","amaranth",39.7,-10.84
"ea0eb14e67ce-214","amaranth",39.7,-10.84
"ea0eb14e67ce-215","amaranth",39.69,-10.84
"ea0eb14e67ce-216","amaranth",39.7,-10.85
"ea0eb14e67ce-217","amaranth",39.7,-10.85
"ea0eb14e67ce-218","amaranth",38.98,-10.27
"ea0eb14e67ce-219","amaranth",38.99,-10.29
"ea0eb14e67ce-220","amaranth",38.99,-10.29
"ea0eb14e67ce-221","amaranth",39.69,-10.85
"ea0eb14e67ce-222","amaranth",39.69,-10.85
"ea0eb14e67ce-223","amaranth",39.71,-10.84
"ea0eb14e67ce-224","amaranth",39.7,-10.85
"ea0eb14e67ce-225","amaranth",39.71,-10.85
"ea0eb14e67ce-226","amaranth",39.48,-10.88
"ea0eb14e67ce-227","amaranth",39.48,-10.89
"ea0eb14e67ce-228","amaranth",39.47,-10.9
"ea0eb14e67ce-229","amaranth",39.49,-10.9
"ea0eb14e67ce-230","amaranth",39.5,-10.9
"ea0eb14e67ce-231","amaranth",39.48,-10.88
"ea0eb14e67ce-232","amaranth",39.48,-10.9
"ea0eb14e67ce-233","amaranth",39.49,-10.89
"ea0eb14e67ce-234","amaranth",39.49,-10.9
"ea0eb14e67ce-235","amaranth",39.47,-10.89
"ea0eb14e67ce-236","amaranth",39.48,-10.9
"ea0eb14e67ce-237","amaranth",39.47,-10.88
"ea0eb14e67ce-238","amaranth",39.47,-10.89
"ea0eb14e67ce-239","amaranth",39.49,-10.89
"ea0eb14e67ce-240","amaranth",39.49,-10.89
"ea0eb14e67ce-241","amaranth",39.48,-10.89
"ea0eb14e67ce-242","amaranth",39.47,-10.9
"ea0eb14e67ce-243","amaranth",39.49,-10.89
"ea0eb14e67ce-244","amaranth",39.49,-10.89
"ea0eb14e67ce-245","amaranth",39.49,-10.89
"ea0eb14e67ce-246","amaranth",39.5,-10.89
"ea0eb14e67ce-247","amaranth",39.49,-10.89
"ea0eb14e67ce-248","amaranth",39.49,-10.89
"ea0eb14e67ce-249","amaranth",39.48,-10.9
"ea0eb14e67ce-250","amaranth",39.48,-10.89
"ea0eb14e67ce-251","amaranth",39.76,-10.9
"ea0eb14e67ce-252","amaranth",39.79,-10.83
"ea0eb14e67ce-253","amaranth",39.75,-10.9
"ea0eb14e67ce-254","amaranth",39.74,-10.9
"ea0eb14e67ce-255","amaranth",39.74,-10.84
"ea0eb14e67ce-256","amaranth",39.73,-10.9
"ea0eb14e67ce-257","amaranth",39.73,-10.89
"ea0eb14e67ce-258","amaranth",39.74,-10.85
"ea0eb14e67ce-259","amaranth",39.72,-10.83
"ea0eb14e67ce-260","amaranth",39.76,-10.88
"ea0eb14e67ce-261","amaranth",39.73,-10.93
"ea0eb14e67ce-262","amaranth",39.75,-10.85
"ea0eb14e67ce-263","amaranth",39.73,-10.91
"ea0eb14e67ce-264","amaranth",39.73,-10.9
"ea0eb14e67ce-265","amaranth",39.77,-10.89
"ea0eb14e67ce-266","amaranth",39.76,-10.83
"ea0eb14e67ce-267","amaranth",39.74,-10.91
"ea0eb14e67ce-268","amaranth",39.72,-10.84
"ea0eb14e67ce-269","amaranth",39.73,-10.91
"ea0eb14e67ce-270","amaranth",39.73,-10.83
"ea0eb14e67ce-271","amaranth",39.76,-10.84
"ea0eb14e67ce-272","amaranth",39.75,-10.83
"ea0eb14e67ce-273","amaranth",39.78,-10.84
"ea0eb14e67ce-274","amaranth",39.74,-10.84
"ea0eb14e67ce-275","amaranth",39.75,-10.84
"ea0eb14e67ce-276","amaranth",39.56,-10.91
"ea0eb14e67ce-277","amaranth",39.55,-10.91
"ea0eb14e67ce-278","amaranth",39.57,-10.92
"ea0eb14e67ce-279","amaranth",39.57,-10.9
"ea0eb14e67ce-280","amaranth",39.57,-10.91
"ea0eb14e67ce-281","amaranth",39.56,-10.9
"ea0eb14e67ce-282","amaranth",39.57,-10.91
"ea0eb14e67ce-283","amaranth",39.58,-10.91
"ea0eb14e67ce-284","amaranth",39.58,-10.9
"ea0eb14e67ce-285","amaranth",39.58,-10.9
"ea0eb14e67ce-286","amaranth",39.57,-10.92
"ea0eb14e67ce-287","amaranth",39.56,-10.9
"ea0eb14e67ce-288","amaranth",39.58,-10.91
"ea0eb14e67ce-289","amaranth",39.58,-10.91
"ea0eb14e67ce-290","amaranth",39.57,-10.92
"ea0eb14e67ce-291","amaranth",39.58,-10.92
"ea0eb14e67ce-292","amaranth",39.57,-10.92
"ea0eb14e67ce-293","amaranth",39.58,-10.9
"ea0eb14e67ce-294","amaranth",39.58,-10.91
"ea0eb14e67ce-295","amaranth",39.58,-10.9
"ea0eb14e67ce-296","amaranth",39.59,-10.91
"ea0eb14e67ce-297","amaranth",39.59,-10.92
"ea0eb14e67ce-298","amaranth",39.6,-10.91
"ea0eb14e67ce-299","amaranth",39.57,-10.89
"ea0eb14e67ce-300","amaranth",39.59,-10.9
"d2a6d0817bc8-1","amaranth",39.01,-10.63
"d2a6d0817bc8-2","amaranth",39.01,-10.62
"d2a6d0817bc8-3","amaranth",39.03,-10.61
"d2a6d0817bc8-4","amaranth",39,-10.62
"d2a6d0817bc8-5","amaranth",39.02,-10.62
"d2a6d0817bc8-6","amaranth",39.03,-10.59
"d2a6d0817bc8-7","amaranth",39.01,-10.61
"d2a6d0817bc8-8","amaranth",39.04,-10.59
"d2a6d0817bc8-9","amaranth",39.02,-10.6
"d2a6d0817bc8-10","amaranth",38.99,-10.62
"d2a6d0817bc8-11","amaranth",39.02,-10.61
"d2a6d0817bc8-12","amaranth",39.02,-10.62
"d2a6d0817bc8-13","amaranth",39.02,-10.6
"d2a6d0817bc8-14","amaranth",38.99,-10.61
"d2a6d0817bc8-15","amaranth",39.04,-10.59
"d2a6d0817bc8-16","amaranth",38.98,-10.62
"d2a6d0817bc8-17","amaranth",39,-10.61
"d2a6d0817bc8-18","amaranth",39,-10.6
"d2a6d0817bc8-19","amaranth",39.02,-10.6
"d2a6d0817bc8-20","amaranth",38.99,-10.61
"d2a6d0817bc8-21","amaranth",39.02,-10.63
"d2a6d0817bc8-22","amaranth",38.98,-10.63
"d2a6d0817bc8-23","amaranth",38.92,-10.54
"d2a6d0817bc8-24","amaranth",38.93,-10.55
"d2a6d0817bc8-25","amaranth",38.93,-10.55
"d2a6d0817bc8-26","amaranth",38.92,-10.56
"d2a6d0817bc8-27","amaranth",38.92,-10.55
"d2a6d0817bc8-28","amaranth",38.92,-10.55
"d2a6d0817bc8-29","amaranth",38.93,-10.53
"d2a6d0817bc8-30","amaranth",38.93,-10.54
"d2a6d0817bc8-31","amaranth",38.93,-10.55
"d2a6d0817bc8-32","amaranth",38.93,-10.54
"d2a6d0817bc8-33","amaranth",38.93,-10.54
"d2a6d0817bc8-34","amaranth",38.94,-10.55
"d2a6d0817bc8-35","amaranth",38.94,-10.55
"d2a6d0817bc8-36","amaranth",38.94,-10.56
"d2a6d0817bc8-37","amaranth",38.94,-10.55
"d2a6d0817bc8-38","amaranth",38.92,-10.56
"d2a6d0817bc8-39","amaranth",38.93,-10.55
"d2a6d0817bc8-40","amaranth",38.94,-10.56
"d2a6d0817bc8-41","amaranth",38.94,-10.56
"d2a6d0817bc8-42","amaranth",38.91,-10.55
"d2a6d0817bc8-43","amaranth",38.95,-10.58
"d2a6d0817bc8-44","amaranth",38.92,-10.56
"d2a6d0817bc8-45","amaranth",38.93,-10.54
"d2a6d0817bc8-46","amaranth",38.93,-10.58
"d2a6d0817bc8-47","amaranth",38.91,-10.54
"d2a6d0817bc8-48","amaranth",39.7,-10.37
"d2a6d0817bc8-49","amaranth",39.69,-10.35
"d2a6d0817bc8-50","amaranth",39.72,-10.36
"d2a6d0817bc8-51","amaranth",39.7,-10.35
"d2a6d0817bc8-52","amaranth",39.7,-10.35
"d2a6d0817bc8-53","amaranth",39.7,-10.37
"d2a6d0817bc8-54","amaranth",39.71,-10.35
"d2a6d0817bc8-55","amaranth",39.72,-10.38
"d2a6d0817bc8-56","amaranth",39.7,-10.36
"d2a6d0817bc8-57","amaranth",39.71,-10.36
"d2a6d0817bc8-58","amaranth",39.7,-10.37
"d2a6d0817bc8-59","amaranth",39.71,-10.37
"d2a6d0817bc8-60","amaranth",39.72,-10.37
"d2a6d0817bc8-61","amaranth",39.71,-10.37
"d2a6d0817bc8-62","amaranth",39.72,-10.38
"d2a6d0817bc8-63","amaranth",39.71,-10.35
"d2a6d0817bc8-64","amaranth",39.72,-10.36
"d2a6d0817bc8-65","amaranth",39.72,-10.37
"d2a6d0817bc8-66","amaranth",39.71,-10.35
"d2a6d0817bc8-67","amaranth",39.71,-10.36
"d2a6d0817bc8-68","amaranth",39.7,-10.36
"d2a6d0817bc8-69","amaranth",39.71,-10.36
"d2a6d0817bc8-70","amaranth",39.71,-10.38
"d2a6d0817bc8-71","amaranth",39.71,-10.35
"d2a6d0817bc8-72","amaranth",39.7,-10.36
"d2a6d0817bc8-73","amaranth",39.7,-10.36
"d2a6d0817bc8-74","amaranth",39.71,-10.36
"d2a6d0817bc8-75","amaranth",40.18,-10.28
"d2a6d0817bc8-76","amaranth",39.84,-10.38
"d2a6d0817bc8-77","amaranth",39.7,-10.35
"d2a6d0817bc8-78","amaranth",39.71,-10.36
"d2a6d0817bc8-79","amaranth",39.7,-10.37
"d2a6d0817bc8-80","amaranth",39.7,-10.36
"d2a6d0817bc8-81","amaranth",39.69,-10.37
"d2a6d0817bc8-82","amaranth",39.7,-10.35
"d2a6d0817bc8-83","amaranth",39.72,-10.37
"d2a6d0817bc8-84","amaranth",39.84,-10.37
"d2a6d0817bc8-85","amaranth",39.72,-10.37
"d2a6d0817bc8-86","amaranth",39.84,-10.38
"d2a6d0817bc8-87","amaranth",39.84,-10.38
"d2a6d0817bc8-88","amaranth",39.71,-10.36
"d2a6d0817bc8-89","amaranth",39.71,-10.36
"d2a6d0817bc8-90","amaranth",39.71,-10.37
"d2a6d0817bc8-91","amaranth",39.71,-10.38
"d2a6d0817bc8-92","amaranth",39.7,-10.35
"d2a6d0817bc8-93","amaranth",39.7,-10.37
"d2a6d0817bc8-94","amaranth",39.71,-10.35
"d2a6d0817bc8-95","amaranth",39.71,-10.37
"d2a6d0817bc8-96","amaranth",39.71,-10.36
"d2a6d0817bc8-97","amaranth",39.85,-10.38
"d2a6d0817bc8-98","amaranth",39.32,-10.46
"d2a6d0817bc8-99","amaranth",39.31,-10.45
"d2a6d0817bc8-100","amaranth",39.31,-10.46
"d2a6d0817bc8-101","amaranth",39.33,-10.45
"d2a6d0817bc8-102","amaranth",39.32,-10.46
"d2a6d0817bc8-103","amaranth",39.33,-10.46
"d2a6d0817bc8-104","amaranth",39.33,-10.46
"d2a6d0817bc8-105","amaranth",39.3,-10.46
"d2a6d0817bc8-106","amaranth",39.3,-10.48
"d2a6d0817bc8-107","amaranth",39.32,-10.45
"d2a6d0817bc8-108","amaranth",39.32,-10.44
"d2a6d0817bc8-109","amaranth",39.32,-10.45
"d2a6d0817bc8-110","amaranth",39.31,-10.46
"d2a6d0817bc8-111","amaranth",39.32,-10.46
"d2a6d0817bc8-112","amaranth",39.31,-10.45
"d2a6d0817bc8-113","amaranth",39.32,-10.46
"d2a6d0817bc8-114","amaranth",39.33,-10.46
"d2a6d0817bc8-115","amaranth",39.32,-10.45
"d2a6d0817bc8-116","amaranth",39.3,-10.46
"d2a6d0817bc8-117","amaranth",39.32,-10.45
"d2a6d0817bc8-118","amaranth",39.32,-10.47
"d2a6d0817bc8-119","amaranth",39.32,-10.46
"d2a6d0817bc8-120","amaranth",39.32,-10.45
"d2a6d0817bc8-121","amaranth",39.31,-10.45
"d2a6d0817bc8-122","amaranth",39.31,-10.47
"d2a6d0817bc8-123","amaranth",39.27,-10.35
"d2a6d0817bc8-124","amaranth",39.29,-10.36
"d2a6d0817bc8-125","amaranth",39.28,-10.36
"d2a6d0817bc8-126","amaranth",39.28,-10.37
"d2a6d0817bc8-127","amaranth",39.28,-10.37
"d2a6d0817bc8-128","amaranth",39.28,-10.34
"d2a6d0817bc8-129","amaranth",39.27,-10.37
"d2a6d0817bc8-130","amaranth",39.28,-10.36
"d2a6d0817bc8-131","amaranth",39.28,-10.35
"d2a6d0817bc8-132","amaranth",39.26,-10.36
"d2a6d0817bc8-133","amaranth",39.28,-10.36
"d2a6d0817bc8-134","amaranth",39.28,-10.37
"d2a6d0817bc8-135","amaranth",39.27,-10.35
"d2a6d0817bc8-136","amaranth",39.28,-10.35
"d2a6d0817bc8-137","amaranth",39.27,-10.36
"d2a6d0817bc8-138","amaranth",39.29,-10.37
"d2a6d0817bc8-139","amaranth",39.27,-10.35
"d2a6d0817bc8-140","amaranth",39.27,-10.36
"d2a6d0817bc8-141","amaranth",39.28,-10.34
"d2a6d0817bc8-142","amaranth",39.26,-10.36
"d2a6d0817bc8-143","amaranth",39.27,-10.37
"d2a6d0817bc8-144","amaranth",39.27,-10.36
"d2a6d0817bc8-145","amaranth",39.28,-10.37
"d2a6d0817bc8-146","amaranth",39.28,-10.35
"d2a6d0817bc8-147","amaranth",39.29,-10.36
"d2a6d0817bc8-148","amaranth",39.3,-10.34
"d2a6d0817bc8-149","amaranth",39.29,-10.33
"d2a6d0817bc8-150","amaranth",39.3,-10.34
"d2a6d0817bc8-151","amaranth",39.29,-10.33
"d2a6d0817bc8-152","amaranth",39.31,-10.33
"d2a6d0817bc8-153","amaranth",39.29,-10.33
"d2a6d0817bc8-154","amaranth",39.31,-10.33
"d2a6d0817bc8-155","amaranth",39.3,-10.32
"d2a6d0817bc8-156","amaranth",39.3,-10.34
"d2a6d0817bc8-157","amaranth",39.29,-10.33
"d2a6d0817bc8-158","amaranth",39.29,-10.33
"d2a6d0817bc8-159","amaranth",39.27,-10.34
"d2a6d0817bc8-160","amaranth",39.3,-10.33
"d2a6d0817bc8-161","amaranth",39.3,-10.34
"d2a6d0817bc8-162","amaranth",39.29,-10.33
"d2a6d0817bc8-163","amaranth",39.31,-10.33
"d2a6d0817bc8-164","amaranth",39.28,-10.32
"d2a6d0817bc8-165","amaranth",39.28,-10.32
"d2a6d0817bc8-166","amaranth",39.29,-10.32
"d2a6d0817bc8-167","amaranth",39.3,-10.34
"d2a6d0817bc8-168","amaranth",39.3,-10.34
"d2a6d0817bc8-169","amaranth",39.31,-10.34
"d2a6d0817bc8-170","amaranth",39.3,-10.33
"d2a6d0817bc8-171","amaranth",39.3,-10.33
"d2a6d0817bc8-172","amaranth",39.3,-10.33
"d2a6d0817bc8-173","amaranth",39.43,-10.26
"d2a6d0817bc8-174","amaranth",39.43,-10.28
"d2a6d0817bc8-175","amaranth",39.43,-10.28
"d2a6d0817bc8-176","amaranth",39.43,-10.24
"d2a6d0817bc8-177","amaranth",39.44,-10.25
"d2a6d0817bc8-178","amaranth",39.41,-10.26
"d2a6d0817bc8-179","amaranth",39.43,-10.25
"d2a6d0817bc8-180","amaranth",39.43,-10.26
"d2a6d0817bc8-181","amaranth",39.43,-10.25
"d2a6d0817bc8-182","amaranth",39.44,-10.28
"d2a6d0817bc8-183","amaranth",39.44,-10.25
"d2a6d0817bc8-184","amaranth",39.44,-10.26
"d2a6d0817bc8-185","amaranth",39.43,-10.26
"d2a6d0817bc8-186","amaranth",39.42,-10.27
"d2a6d0817bc8-187","amaranth",39.44,-10.26
"d2a6d0817bc8-188","amaranth",39.43,-10.26
"d2a6d0817bc8-189","amaranth",39.44,-10.25
"d2a6d0817bc8-190","amaranth",39.44,-10.24
"d2a6d0817bc8-191","amaranth",39.42,-10.25
"d2a6d0817bc8-192","amaranth",39.43,-10.25
"d2a6d0817bc8-193","amaranth",39.42,-10.25
"d2a6d0817bc8-194","amaranth",39.42,-10.23
"d2a6d0817bc8-195","amaranth",39.42,-10.25
"d2a6d0817bc8-196","amaranth",39.43,-10.25
"d2a6d0817bc8-197","amaranth",39.42,-10.24
"d2a6d0817bc8-198","amaranth",39.66,-10.14
"d2a6d0817bc8-199","amaranth",39.65,-10.14
"d2a6d0817bc8-200","amaranth",39.65,-10.12
"d2a6d0817bc8-201","amaranth",39.65,-10.13
"d2a6d0817bc8-202","amaranth",39.66,-10.13
"d2a6d0817bc8-203","amaranth",39.66,-10.13
"d2a6d0817bc8-204","amaranth",39.66,-10.14
"d2a6d0817bc8-205","amaranth",39.67,-10.13
"d2a6d0817bc8-206","amaranth",39.65,-10.12
"d2a6d0817bc8-207","amaranth",39.65,-10.14
"d2a6d0817bc8-208","amaranth",39.65,-10.13
"d2a6d0817bc8-209","amaranth",39.65,-10.12
"d2a6d0817bc8-210","amaranth",39.66,-10.13
"d2a6d0817bc8-211","amaranth",39.66,-10.14
"d2a6d0817bc8-212","amaranth",39.65,-10.14
"d2a6d0817bc8-213","amaranth",39.66,-10.12
"d2a6d0817bc8-214","amaranth",39.65,-10.13
"d2a6d0817bc8-215","amaranth",39.65,-10.14
"d2a6d0817bc8-216","amaranth",39.65,-10.13
"d2a6d0817bc8-217","amaranth",39.66,-10.13
"d2a6d0817bc8-218","amaranth",39.66,-10.14
"d2a6d0817bc8-219","amaranth",39.66,-10.14
"d2a6d0817bc8-220","amaranth",39.64,-10.13
"d2a6d0817bc8-221","amaranth",39.65,-10.13
"d2a6d0817bc8-222","amaranth",39.65,-10.13
"d2a6d0817bc8-223","amaranth",39.65,-10.13
"d2a6d0817bc8-224","amaranth",39.66,-10.15
"d2a6d0817bc8-225","amaranth",39.65,-10.14
"d2a6d0817bc8-226","amaranth",39.59,-10.08
"d2a6d0817bc8-227","amaranth",39.58,-10.1
"d2a6d0817bc8-228","amaranth",39.58,-10.1
"d2a6d0817bc8-229","amaranth",39.58,-10.08
"d2a6d0817bc8-230","amaranth",39.59,-10.09
"d2a6d0817bc8-231","amaranth",39.59,-10.08
"d2a6d0817bc8-232","amaranth",39.59,-10.08
"d2a6d0817bc8-233","amaranth",39.59,-10.09
"d2a6d0817bc8-234","amaranth",39.59,-10.09
"d2a6d0817bc8-235","amaranth",39.59,-10.08
"d2a6d0817bc8-236","amaranth",39.57,-10.1
"d2a6d0817bc8-237","amaranth",39.58,-10.08
"d2a6d0817bc8-238","amaranth",39.59,-10.08
"d2a6d0817bc8-239","amaranth",39.59,-10.09
"d2a6d0817bc8-240","amaranth",39.59,-10.09
"d2a6d0817bc8-241","amaranth",39.59,-10.08
"d2a6d0817bc8-242","amaranth",39.58,-10.1
"d2a6d0817bc8-243","amaranth",39.6,-10.09
"d2a6d0817bc8-244","amaranth",39.58,-10.08
"d2a6d0817bc8-245","amaranth",39.6,-10.08
"d2a6d0817bc8-246","amaranth",39.59,-10.09
"d2a6d0817bc8-247","amaranth",39.58,-10.1
"d2a6d0817bc8-248","amaranth",39.6,-10.09
"d2a6d0817bc8-249","amaranth",39.6,-10.1
"d2a6d0817bc8-250","amaranth",39.59,-10.1
"d2a6d0817bc8-251","amaranth",39.32,-9.09
"d2a6d0817bc8-252","amaranth",39.31,-9.07
"d2a6d0817bc8-253","amaranth",39.33,-9.07
"d2a6d0817bc8-254","amaranth",39.31,-9.09
"d2a6d0817bc8-255","amaranth",39.31,-9.09
"d2a6d0817bc8-256","amaranth",39.31,-9.07
"d2a6d0817bc8-257","amaranth",39.33,-9.09
"d2a6d0817bc8-258","amaranth",39.32,-9.09
"d2a6d0817bc8-259","amaranth",39.32,-9.07
"d2a6d0817bc8-260","amaranth",39.36,-8.81
"d2a6d0817bc8-261","amaranth",39.34,-8.8
"d2a6d0817bc8-262","amaranth",39.35,-8.8
"d2a6d0817bc8-263","amaranth",39.35,-8.79
"d2a6d0817bc8-264","amaranth",39.31,-9.04
"d2a6d0817bc8-265","amaranth",39.32,-9.04
"d2a6d0817bc8-266","amaranth",39.33,-9.05
"d2a6d0817bc8-267","amaranth",39.32,-9.06
"d2a6d0817bc8-268","amaranth",39.31,-9.06
"d2a6d0817bc8-269","amaranth",39.31,-9.05
"d2a6d0817bc8-270","amaranth",39.32,-9.07
"d2a6d0817bc8-271","amaranth",39.32,-9.05
"d2a6d0817bc8-272","amaranth",39.32,-9.05
"d2a6d0817bc8-273","amaranth",39.32,-9.06
"d2a6d0817bc8-274","amaranth",39.31,-9.06
"d2a6d0817bc8-275","amaranth",39.31,-9.05
"d2a6d0817bc8-276","amaranth",39.31,-9.07
"d2a6d0817bc8-277","amaranth",39.31,-9.09
"d2a6d0817bc8-278","amaranth",39.31,-9.07
"d2a6d0817bc8-279","amaranth",39.32,-9.07
"d2a6d0817bc8-280","amaranth",39.32,-9.06
"d2a6d0817bc8-281","amaranth",39.31,-9.09
"d2a6d0817bc8-282","amaranth",39.33,-9.08
"d2a6d0817bc8-283","amaranth",39.31,-9.09
"d2a6d0817bc8-284","amaranth",39.32,-9.08
"d2a6d0817bc8-285","amaranth",39.31,-9.07
"d2a6d0817bc8-286","amaranth",39.31,-9.06
"d2a6d0817bc8-287","amaranth",39.32,-9.07
"d2a6d0817bc8-288","amaranth",39.31,-9.05
"d2a6d0817bc8-289","amaranth",39.33,-9.05
"d2a6d0817bc8-290","amaranth",39.32,-9.06
"d2a6d0817bc8-291","amaranth",39.31,-9.06
"d2a6d0817bc8-292","amaranth",39.31,-9.07
"d2a6d0817bc8-293","amaranth",39.33,-9.07
"d2a6d0817bc8-294","amaranth",39.33,-9.06
"d2a6d0817bc8-295","amaranth",39.32,-9.07
"d2a6d0817bc8-296","amaranth",39.33,-9.07
"d2a6d0817bc8-297","amaranth",39.32,-9.05
"d2a6d0817bc8-298","amaranth",39.33,-9.06
"d2a6d0817bc8-299","amaranth",39.32,-9.05
"d2a6d0817bc8-300","amaranth",39.32,-9.05
"a0e73fbc75df-1","jutemallow",-7.84,12.66
"a0e73fbc75df-2","jutemallow",-7.85,12.67
"a0e73fbc75df-3","jutemallow",-7.85,12.67
"a0e73fbc75df-4","jutemallow",-7.84,12.67
"a0e73fbc75df-5","jutemallow",-7.85,12.68
"a0e73fbc75df-6","jutemallow",-7.83,12.66
"a0e73fbc75df-7","jutemallow",-7.84,12.67
"a0e73fbc75df-8","jutemallow",-7.84,12.68
"a0e73fbc75df-9","jutemallow",-7.83,12.67
"a0e73fbc75df-10","jutemallow",-7.85,12.65
"a0e73fbc75df-11","jutemallow",-7.86,12.66
"a0e73fbc75df-12","jutemallow",-7.84,12.66
"a0e73fbc75df-13","jutemallow",-7.86,12.66
"a0e73fbc75df-14","jutemallow",-7.86,12.67
"a0e73fbc75df-15","jutemallow",-7.84,12.67
"a0e73fbc75df-16","jutemallow",-7.84,12.66
"a0e73fbc75df-17","jutemallow",-7.84,12.67
"a0e73fbc75df-18","jutemallow",-7.84,12.67
"a0e73fbc75df-19","jutemallow",-7.84,12.67
"a0e73fbc75df-20","jutemallow",-7.84,12.67
"a0e73fbc75df-21","jutemallow",-7.77,12.73
"a0e73fbc75df-22","jutemallow",-7.74,12.74
"a0e73fbc75df-23","jutemallow",-7.74,12.72
"a0e73fbc75df-24","jutemallow",-7.75,12.74
"a0e73fbc75df-25","jutemallow",-7.76,12.73
"a0e73fbc75df-26","jutemallow",-7.76,12.73
"a0e73fbc75df-27","jutemallow",-7.74,12.72
"a0e73fbc75df-28","jutemallow",-7.76,12.73
"a0e73fbc75df-29","jutemallow",-7.75,12.72
"a0e73fbc75df-30","jutemallow",-7.74,12.73
"a0e73fbc75df-31","jutemallow",-7.74,12.74
"a0e73fbc75df-32","jutemallow",-7.76,12.74
"a0e73fbc75df-33","jutemallow",-7.76,12.72
"a0e73fbc75df-34","jutemallow",-7.76,12.74
"a0e73fbc75df-35","jutemallow",-7.75,12.72
"a0e73fbc75df-36","jutemallow",-7.76,12.73
"a0e73fbc75df-37","jutemallow",-7.75,12.73
"a0e73fbc75df-38","jutemallow",-7.76,12.72
"a0e73fbc75df-39","jutemallow",-7.76,12.73
"a0e73fbc75df-40","jutemallow",-7.74,12.74
"a0e73fbc75df-41","jutemallow",-7.81,12.62
"a0e73fbc75df-42","jutemallow",-7.81,12.63
"a0e73fbc75df-43","jutemallow",-7.84,12.64
"a0e73fbc75df-44","jutemallow",-7.83,12.65
"a0e73fbc75df-45","jutemallow",-7.84,12.65
"a0e73fbc75df-46","jutemallow",-7.81,12.62
"a0e73fbc75df-47","jutemallow",-7.81,12.62
"a0e73fbc75df-48","jutemallow",-7.81,12.62
"a0e73fbc75df-49","jutemallow",-7.81,12.62
"a0e73fbc75df-50","jutemallow",-7.82,12.62
"a0e73fbc75df-51","jutemallow",-7.84,12.65
"a0e73fbc75df-52","jutemallow",-7.85,12.64
"a0e73fbc75df-53","jutemallow",-7.84,12.66
"a0e73fbc75df-54","jutemallow",-7.84,12.65
"a0e73fbc75df-55","jutemallow",-7.83,12.65
"a0e73fbc75df-56","jutemallow",-7.83,12.64
"a0e73fbc75df-57","jutemallow",-7.84,12.65
"a0e73fbc75df-58","jutemallow",-7.84,12.66
"a0e73fbc75df-59","jutemallow",-7.85,12.65
"a0e73fbc75df-60","jutemallow",-7.84,12.65
"a0e73fbc75df-61","jutemallow",-7.94,13.08
"a0e73fbc75df-62","jutemallow",-7.95,13.09
"a0e73fbc75df-63","jutemallow",-7.96,13.08
"a0e73fbc75df-64","jutemallow",-8.09,12.55
"a0e73fbc75df-65","jutemallow",-7.94,13.07
"a0e73fbc75df-66","jutemallow",-7.96,13.07
"a0e73fbc75df-67","jutemallow",-8.07,12.55
"a0e73fbc75df-68","jutemallow",-7.94,13.09
"a0e73fbc75df-69","jutemallow",-7.95,13.07
"a0e73fbc75df-70","jutemallow",-7.95,13.07
"a0e73fbc75df-71","jutemallow",-7.94,13.09
"a0e73fbc75df-72","jutemallow",-7.94,13.08
"a0e73fbc75df-73","jutemallow",-7.96,13.08
"a0e73fbc75df-74","jutemallow",-7.96,13.07
"a0e73fbc75df-75","jutemallow",-7.94,13.07
"a0e73fbc75df-76","jutemallow",-7.95,13.07
"a0e73fbc75df-77","jutemallow",-7.94,13.09
"a0e73fbc75df-78","jutemallow",-7.96,13.07
"a0e73fbc75df-79","jutemallow",-7.94,13.08
"a0e73fbc75df-80","jutemallow",-7.95,13.08
"a0e73fbc75df-81","jutemallow",-7.92,13.1
"a0e73fbc75df-82","jutemallow",-7.94,13.11
"a0e73fbc75df-83","jutemallow",-7.94,13.11
"a0e73fbc75df-84","jutemallow",-7.94,13.11
"a0e73fbc75df-85","jutemallow",-7.95,13.1
"a0e73fbc75df-86","jutemallow",-7.93,13.1
"a0e73fbc75df-87","jutemallow",-7.94,13.11
"a0e73fbc75df-88","jutemallow",-7.93,13.1
"a0e73fbc75df-89","jutemallow",-7.94,13.09
"a0e73fbc75df-90","jutemallow",-7.92,13.1
"a0e73fbc75df-91","jutemallow",-7.94,13.1
"a0e73fbc75df-92","jutemallow",-7.93,13.09
"a0e73fbc75df-93","jutemallow",-7.94,13.1
"a0e73fbc75df-94","jutemallow",-7.93,13.1
"a0e73fbc75df-95","jutemallow",-7.92,13.08
"a0e73fbc75df-96","jutemallow",-7.93,13.11
"a0e73fbc75df-97","jutemallow",-7.93,13.1
"a0e73fbc75df-98","jutemallow",-7.93,13.11
"a0e73fbc75df-99","jutemallow",-7.93,13.09
"a0e73fbc75df-100","jutemallow",-7.94,13.1
"a0e73fbc75df-101","jutemallow",-8.34,12.37
"a0e73fbc75df-102","jutemallow",-8.33,12.36
"a0e73fbc75df-103","jutemallow",-8.34,12.36
"a0e73fbc75df-104","jutemallow",-8.35,12.37
"a0e73fbc75df-105","jutemallow",-8.34,12.37
"a0e73fbc75df-106","jutemallow",-8.34,12.36
"a0e73fbc75df-107","jutemallow",-8.34,12.37
"a0e73fbc75df-108","jutemallow",-8.34,12.36
"a0e73fbc75df-109","jutemallow",-8.33,12.37
"a0e73fbc75df-110","jutemallow",-8.34,12.36
"a0e73fbc75df-111","jutemallow",-8.35,12.38
"a0e73fbc75df-112","jutemallow",-8.35,12.36
"a0e73fbc75df-113","jutemallow",-8.36,12.36
"a0e73fbc75df-116","jutemallow",-8.38,12.42
"a0e73fbc75df-117","jutemallow",-8.37,12.41
"a0e73fbc75df-118","jutemallow",-8.34,12.36
"a0e73fbc75df-119","jutemallow",-8.38,12.4
"a0e73fbc75df-120","jutemallow",-8.39,12.39
"a0e73fbc75df-121","jutemallow",-7.82,12.52
"a0e73fbc75df-122","jutemallow",-7.83,12.52
"a0e73fbc75df-123","jutemallow",-7.83,12.51
"a0e73fbc75df-124","jutemallow",-7.83,12.51
"a0e73fbc75df-125","jutemallow",-7.84,12.51
"a0e73fbc75df-126","jutemallow",-7.84,12.51
"a0e73fbc75df-127","jutemallow",-7.83,12.52
"a0e73fbc75df-128","jutemallow",-7.83,12.5
"a0e73fbc75df-129","jutemallow",-7.84,12.5
"a0e73fbc75df-130","jutemallow",-7.82,12.51
"a0e73fbc75df-131","jutemallow",-7.83,12.51
"a0e73fbc75df-132","jutemallow",-7.82,12.51
"a0e73fbc75df-133","jutemallow",-7.83,12.51
"a0e73fbc75df-134","jutemallow",-7.82,12.51
"a0e73fbc75df-135","jutemallow",-7.84,12.5
"a0e73fbc75df-136","jutemallow",-7.84,12.5
"a0e73fbc75df-137","jutemallow",-7.84,12.52
"a0e73fbc75df-138","jutemallow",-7.83,12.51
"a0e73fbc75df-139","jutemallow",-7.83,12.51
"a0e73fbc75df-140","jutemallow",-7.83,12.52
"a0e73fbc75df-141","jutemallow",-7.86,13.22
"a0e73fbc75df-142","jutemallow",-7.86,13.23
"a0e73fbc75df-143","jutemallow",-7.87,13.24
"a0e73fbc75df-144","jutemallow",-7.87,13.23
"a0e73fbc75df-145","jutemallow",-7.87,13.22
"a0e73fbc75df-146","jutemallow",-7.86,13.22
"a0e73fbc75df-147","jutemallow",-7.87,13.22
"a0e73fbc75df-148","jutemallow",-7.86,13.22
"a0e73fbc75df-149","jutemallow",-7.87,13.22
"a0e73fbc75df-150","jutemallow",-7.87,13.24
"a0e73fbc75df-151","jutemallow",-7.87,13.22
"a0e73fbc75df-152","jutemallow",-7.86,13.22
"a0e73fbc75df-153","jutemallow",-7.86,13.22
"a0e73fbc75df-154","jutemallow",-7.86,13.23
"a0e73fbc75df-155","jutemallow",-7.87,13.23
"a0e73fbc75df-156","jutemallow",-7.87,13.22
"a0e73fbc75df-157","jutemallow",-7.87,13.22
"a0e73fbc75df-158","jutemallow",-7.86,13.23
"a0e73fbc75df-159","jutemallow",-7.86,13.23
"a0e73fbc75df-160","jutemallow",-7.87,13.23
"a0e73fbc75df-161","jutemallow",-8.33,12.34
"a0e73fbc75df-162","jutemallow",-8.34,12.33
"a0e73fbc75df-163","jutemallow",-8.34,12.34
"a0e73fbc75df-164","jutemallow",-8.28,12.36
"a0e73fbc75df-165","jutemallow",-8.29,12.36
"a0e73fbc75df-166","jutemallow",-8.29,12.36
"a0e73fbc75df-167","jutemallow",-8.3,12.37
"a0e73fbc75df-168","jutemallow",-8.44,12.37
"a0e73fbc75df-169","jutemallow",-8.31,12.38
"a0e73fbc75df-170","jutemallow",-8.33,12.34
"a0e73fbc75df-171","jutemallow",-8.33,12.33
"a0e73fbc75df-172","jutemallow",-8.32,12.34
"a0e73fbc75df-173","jutemallow",-8.34,12.34
"a0e73fbc75df-174","jutemallow",-8.33,12.33
"a0e73fbc75df-175","jutemallow",-8.43,12.38
"a0e73fbc75df-176","jutemallow",-8.41,12.37
"a0e73fbc75df-177","jutemallow",-8.43,12.36
"a0e73fbc75df-179","jutemallow",-8.33,12.34
"a0e73fbc75df-180","jutemallow",-8.32,12.34
"a0e73fbc75df-181","jutemallow",-7.71,12.7
"a0e73fbc75df-182","jutemallow",-7.73,12.7
"a0e73fbc75df-183","jutemallow",-7.73,12.71
"a0e73fbc75df-184","jutemallow",-7.72,12.71
"a0e73fbc75df-185","jutemallow",-7.71,12.69
"a0e73fbc75df-186","jutemallow",-7.7,12.7
"a0e73fbc75df-187","jutemallow",-7.71,12.69
"a0e73fbc75df-188","jutemallow",-7.69,12.69
"a0e73fbc75df-189","jutemallow",-7.72,12.72
"a0e73fbc75df-190","jutemallow",-7.73,12.73
"a0e73fbc75df-191","jutemallow",-7.72,12.71
"a0e73fbc75df-192","jutemallow",-7.7,12.7
"a0e73fbc75df-193","jutemallow",-7.72,12.7
"a0e73fbc75df-195","jutemallow",-7.71,12.71
"a0e73fbc75df-196","jutemallow",-7.72,12.71
"a0e73fbc75df-197","jutemallow",-7.71,12.7
"a0e73fbc75df-198","jutemallow",-7.71,12.7
"a0e73fbc75df-199","jutemallow",-7.71,12.7
"a0e73fbc75df-200","jutemallow",-7.71,12.72
"504fc5afe13d-1","amaranth",-7.85,12.65
"504fc5afe13d-2","amaranth",-7.84,12.67
"504fc5afe13d-3","amaranth",-7.84,12.66
"504fc5afe13d-4","amaranth",-7.85,12.65
"504fc5afe13d-5","amaranth",-7.83,12.67
"504fc5afe13d-6","amaranth",-7.86,12.65
"504fc5afe13d-7","amaranth",-7.84,12.67
"504fc5afe13d-8","amaranth",-7.85,12.67
"504fc5afe13d-9","amaranth",-7.85,12.67
"504fc5afe13d-10","amaranth",-7.85,12.66
"504fc5afe13d-11","amaranth",-7.85,12.67
"504fc5afe13d-12","amaranth",-7.85,12.65
"504fc5afe13d-13","amaranth",-7.86,12.66
"504fc5afe13d-14","amaranth",-7.85,12.66
"504fc5afe13d-15","amaranth",-7.85,12.65
"504fc5afe13d-16","amaranth",-7.85,12.65
"504fc5afe13d-17","amaranth",-7.86,12.67
"504fc5afe13d-18","amaranth",-7.86,12.66
"504fc5afe13d-19","amaranth",-7.84,12.67
"504fc5afe13d-20","amaranth",-7.86,12.67
"504fc5afe13d-21","amaranth",-7.84,12.68
"504fc5afe13d-22","amaranth",-7.83,12.66
"504fc5afe13d-23","amaranth",-7.86,12.65
"504fc5afe13d-24","amaranth",-7.84,12.65
"504fc5afe13d-25","amaranth",-7.85,12.67
"504fc5afe13d-26","amaranth",-7.84,12.66
"504fc5afe13d-27","amaranth",-7.85,12.67
"504fc5afe13d-28","amaranth",-7.84,12.67
"504fc5afe13d-29","amaranth",-7.85,12.67
"504fc5afe13d-30","amaranth",-7.86,12.68
"504fc5afe13d-31","amaranth",-7.75,12.73
"504fc5afe13d-32","amaranth",-7.75,12.72
"504fc5afe13d-33","amaranth",-7.76,12.74
"504fc5afe13d-34","amaranth",-7.75,12.74
"504fc5afe13d-35","amaranth",-7.74,12.74
"504fc5afe13d-36","amaranth",-7.76,12.72
"504fc5afe13d-37","amaranth",-7.76,12.72
"504fc5afe13d-38","amaranth",-7.76,12.74
"504fc5afe13d-39","amaranth",-7.75,12.72
"504fc5afe13d-40","amaranth",-7.77,12.73
"504fc5afe13d-41","amaranth",-7.76,12.72
"504fc5afe13d-42","amaranth",-7.75,12.72
"504fc5afe13d-43","amaranth",-7.75,12.72
"504fc5afe13d-44","amaranth",-7.74,12.74
"504fc5afe13d-45","amaranth",-7.75,12.72
"504fc5afe13d-46","amaranth",-7.76,12.72
"504fc5afe13d-47","amaranth",-7.75,12.74
"504fc5afe13d-48","amaranth",-7.74,12.73
"504fc5afe13d-49","amaranth",-7.76,12.73
"504fc5afe13d-50","amaranth",-7.76,12.72
"504fc5afe13d-51","amaranth",-7.76,12.73
"504fc5afe13d-52","amaranth",-7.76,12.72
"504fc5afe13d-53","amaranth",-7.75,12.74
"504fc5afe13d-54","amaranth",-7.75,12.73
"504fc5afe13d-55","amaranth",-7.75,12.73
"504fc5afe13d-56","amaranth",-7.74,12.73
"504fc5afe13d-57","amaranth",-7.75,12.73
"504fc5afe13d-58","amaranth",-7.75,12.74
"504fc5afe13d-59","amaranth",-7.74,12.73
"504fc5afe13d-60","amaranth",-7.74,12.73
"504fc5afe13d-61","amaranth",-7.85,12.64
"504fc5afe13d-62","amaranth",-7.84,12.63
"504fc5afe13d-63","amaranth",-7.84,12.63
"504fc5afe13d-64","amaranth",-7.84,12.65
"504fc5afe13d-65","amaranth",-7.83,12.65
"504fc5afe13d-66","amaranth",-7.84,12.63
"504fc5afe13d-67","amaranth",-7.83,12.63
"504fc5afe13d-68","amaranth",-7.83,12.65
"504fc5afe13d-69","amaranth",-7.84,12.64
"504fc5afe13d-70","amaranth",-7.83,12.64
"504fc5afe13d-71","amaranth",-7.83,12.65
"504fc5afe13d-72","amaranth",-7.83,12.65
"504fc5afe13d-73","amaranth",-7.83,12.63
"504fc5afe13d-74","amaranth",-7.83,12.64
"504fc5afe13d-75","amaranth",-7.84,12.64
"504fc5afe13d-76","amaranth",-7.84,12.65
"504fc5afe13d-77","amaranth",-7.83,12.65
"504fc5afe13d-78","amaranth",-7.85,12.63
"504fc5afe13d-79","amaranth",-7.85,12.65
"504fc5afe13d-80","amaranth",-7.83,12.64
"504fc5afe13d-82","amaranth",-7.82,12.63
"504fc5afe13d-83","amaranth",-7.84,12.64
"504fc5afe13d-84","amaranth",-7.84,12.63
"504fc5afe13d-85","amaranth",-7.83,12.64
"504fc5afe13d-86","amaranth",-7.85,12.65
"504fc5afe13d-87","amaranth",-7.83,12.64
"504fc5afe13d-88","amaranth",-7.83,12.64
"504fc5afe13d-89","amaranth",-7.83,12.64
"504fc5afe13d-90","amaranth",-7.82,12.64
"504fc5afe13d-92","amaranth",-7.99,13.03
"504fc5afe13d-93","amaranth",-7.98,13.02
"504fc5afe13d-94","amaranth",-8,13.01
"504fc5afe13d-95","amaranth",-8,13.02
"504fc5afe13d-96","amaranth",-7.99,13.01
"504fc5afe13d-97","amaranth",-7.98,13.01
"504fc5afe13d-98","amaranth",-7.99,13.02
"504fc5afe13d-99","amaranth",-7.99,13.01
"504fc5afe13d-100","amaranth",-7.98,13.02
"504fc5afe13d-101","amaranth",-7.98,13.01
"504fc5afe13d-102","amaranth",-7.99,13.01
"504fc5afe13d-103","amaranth",-7.99,13.01
"504fc5afe13d-104","amaranth",-7.99,13.01
"504fc5afe13d-105","amaranth",-7.99,13.01
"504fc5afe13d-106","amaranth",-7.99,13.01
"504fc5afe13d-107","amaranth",-7.98,13.01
"504fc5afe13d-108","amaranth",-7.99,13.01
"504fc5afe13d-109","amaranth",-7.99,13.01
"504fc5afe13d-110","amaranth",-8.07,12.56
"504fc5afe13d-111","amaranth",-7.98,13.02
"504fc5afe13d-112","amaranth",-7.99,13
"504fc5afe13d-113","amaranth",-7.98,13.02
"504fc5afe13d-114","amaranth",-8.08,12.55
"504fc5afe13d-115","amaranth",-7.99,13.02
"504fc5afe13d-116","amaranth",-7.95,13.08
"504fc5afe13d-117","amaranth",-7.94,13.07
"504fc5afe13d-118","amaranth",-7.94,13.08
"504fc5afe13d-119","amaranth",-7.95,13.07
"504fc5afe13d-120","amaranth",-7.94,13.09
"504fc5afe13d-121","amaranth",-7.93,13.09
"504fc5afe13d-122","amaranth",-7.94,13.09
"504fc5afe13d-123","amaranth",-7.93,13.08
"504fc5afe13d-124","amaranth",-7.95,13.09
"504fc5afe13d-125","amaranth",-7.94,13.1
"504fc5afe13d-126","amaranth",-7.94,13.09
"504fc5afe13d-127","amaranth",-7.94,13.09
"504fc5afe13d-128","amaranth",-7.94,13.1
"504fc5afe13d-129","amaranth",-7.93,13.1
"504fc5afe13d-130","amaranth",-7.95,13.1
"504fc5afe13d-131","amaranth",-7.95,13.1
"504fc5afe13d-132","amaranth",-7.93,13.11
"504fc5afe13d-133","amaranth",-7.95,13.09
"504fc5afe13d-134","amaranth",-7.93,13.09
"504fc5afe13d-135","amaranth",-7.94,13.11
"504fc5afe13d-136","amaranth",-7.95,13.1
"504fc5afe13d-137","amaranth",-7.93,13.1
"504fc5afe13d-138","amaranth",-7.94,13.1
"504fc5afe13d-139","amaranth",-7.93,13.1
"504fc5afe13d-140","amaranth",-7.93,13.09
"504fc5afe13d-141","amaranth",-7.93,13.1
"504fc5afe13d-142","amaranth",-7.95,13.09
"504fc5afe13d-143","amaranth",-7.93,13.09
"504fc5afe13d-144","amaranth",-7.94,13.11
"504fc5afe13d-145","amaranth",-7.92,13.1
"504fc5afe13d-146","amaranth",-7.95,13.1
"504fc5afe13d-147","amaranth",-7.95,13.11
"504fc5afe13d-148","amaranth",-7.94,13.09
"504fc5afe13d-149","amaranth",-7.93,13.09
"504fc5afe13d-150","amaranth",-7.95,13.1
"504fc5afe13d-151","amaranth",-8.29,12.37
"504fc5afe13d-152","amaranth",-8.42,12.38
"504fc5afe13d-154","amaranth",-8.44,12.38
"504fc5afe13d-155","amaranth",-8.33,12.38
"504fc5afe13d-156","amaranth",-8.34,12.34
"504fc5afe13d-157","amaranth",-8.32,12.33
"504fc5afe13d-158","amaranth",-8.34,12.33
"504fc5afe13d-159","amaranth",-8.33,12.32
"504fc5afe13d-160","amaranth",-8.33,12.33
"504fc5afe13d-161","amaranth",-8.29,12.38
"504fc5afe13d-162","amaranth",-8.29,12.36
"504fc5afe13d-163","amaranth",-8.29,12.37
"504fc5afe13d-164","amaranth",-8.29,12.38
"504fc5afe13d-165","amaranth",-8.32,12.34
"504fc5afe13d-166","amaranth",-8.32,12.34
"504fc5afe13d-167","amaranth",-8.33,12.33
"504fc5afe13d-168","amaranth",-8.34,12.33
"504fc5afe13d-169","amaranth",-8.3,12.37
"504fc5afe13d-170","amaranth",-8.31,12.38
"504fc5afe13d-171","amaranth",-8.3,12.38
"504fc5afe13d-173","amaranth",-8.42,12.38
"504fc5afe13d-175","amaranth",-8.42,12.38
"504fc5afe13d-176","amaranth",-8.37,12.39
"504fc5afe13d-177","amaranth",-8.35,12.35
"504fc5afe13d-179","amaranth",-8.34,12.36
"504fc5afe13d-211","amaranth",-7.87,13.24
"504fc5afe13d-212","amaranth",-7.87,13.23
"504fc5afe13d-213","amaranth",-7.87,13.22
"504fc5afe13d-214","amaranth",-7.85,13.22
"504fc5afe13d-215","amaranth",-7.87,13.22
"504fc5afe13d-216","amaranth",-7.87,13.21
"504fc5afe13d-217","amaranth",-7.86,13.23
"504fc5afe13d-218","amaranth",-7.86,13.22
"504fc5afe13d-219","amaranth",-7.87,13.23
"504fc5afe13d-220","amaranth",-7.86,13.22
"504fc5afe13d-221","amaranth",-7.87,13.21
"504fc5afe13d-222","amaranth",-7.86,13.23
"504fc5afe13d-223","amaranth",-7.86,13.23
"504fc5afe13d-224","amaranth",-7.87,13.23
"504fc5afe13d-225","amaranth",-7.86,13.23
"504fc5afe13d-226","amaranth",-7.87,13.24
"504fc5afe13d-227","amaranth",-7.87,13.22
"504fc5afe13d-228","amaranth",-7.86,13.24
"504fc5afe13d-229","amaranth",-7.88,13.22
"504fc5afe13d-230","amaranth",-7.87,13.22
"504fc5afe13d-231","amaranth",-7.87,13.24
"504fc5afe13d-232","amaranth",-7.87,13.21
"504fc5afe13d-233","amaranth",-7.87,13.21
"504fc5afe13d-234","amaranth",-7.85,13.22
"504fc5afe13d-235","amaranth",-7.86,13.23
"504fc5afe13d-236","amaranth",-7.88,13.23
"504fc5afe13d-237","amaranth",-7.86,13.22
"504fc5afe13d-238","amaranth",-7.87,13.23
"504fc5afe13d-239","amaranth",-7.86,13.22
"504fc5afe13d-240","amaranth",-7.87,13.22
"504fc5afe13d-241","amaranth",-8.34,12.34
"504fc5afe13d-242","amaranth",-8.4,12.39
"504fc5afe13d-243","amaranth",-8.34,12.36
"504fc5afe13d-244","amaranth",-8.29,12.38
"504fc5afe13d-245","amaranth",-8.29,12.36
"504fc5afe13d-246","amaranth",-8.3,12.37
"504fc5afe13d-247","amaranth",-8.3,12.36
"504fc5afe13d-248","amaranth",-8.34,12.39
"504fc5afe13d-249","amaranth",-8.48,12.42
"504fc5afe13d-250","amaranth",-8.31,12.37
"504fc5afe13d-251","amaranth",-8.39,12.38
"504fc5afe13d-252","amaranth",-8.39,12.4
"504fc5afe13d-253","amaranth",-8.34,12.35
"504fc5afe13d-254","amaranth",-8.39,12.4
"504fc5afe13d-255","amaranth",-8.38,12.42
"504fc5afe13d-256","amaranth",-8.39,12.42
"504fc5afe13d-257","amaranth",-8.38,12.4
"504fc5afe13d-258","amaranth",-8.35,12.33
"504fc5afe13d-259","amaranth",-8.39,12.37
"504fc5afe13d-260","amaranth",-8.38,12.39
"504fc5afe13d-261","amaranth",-8.35,12.35
"504fc5afe13d-262","amaranth",-8.31,12.36
"504fc5afe13d-263","amaranth",-8.29,12.37
"504fc5afe13d-264","amaranth",-8.46,12.4
"504fc5afe13d-265","amaranth",-8.49,12.44
"504fc5afe13d-266","amaranth",-8.33,12.38
"504fc5afe13d-267","amaranth",-8.38,12.4
"504fc5afe13d-268","amaranth",-8.35,12.37
"504fc5afe13d-269","amaranth",-8.38,12.39
"504fc5afe13d-270","amaranth",-8.37,12.4
"504fc5afe13d-271","amaranth",-7.7,12.7
"504fc5afe13d-272","amaranth",-7.71,12.69
"504fc5afe13d-273","amaranth",-7.71,12.7
"504fc5afe13d-274","amaranth",-7.73,12.73
"504fc5afe13d-275","amaranth",-7.73,12.71
"504fc5afe13d-276","amaranth",-7.71,12.7
"504fc5afe13d-277","amaranth",-7.72,12.7
"504fc5afe13d-278","amaranth",-7.72,12.7
"504fc5afe13d-279","amaranth",-7.71,12.7
"504fc5afe13d-280","amaranth",-7.73,12.71
"504fc5afe13d-281","amaranth",-7.72,12.7
"504fc5afe13d-283","amaranth",-7.7,12.7
"504fc5afe13d-284","amaranth",-7.71,12.7
"504fc5afe13d-285","amaranth",-7.69,12.7
"504fc5afe13d-287","amaranth",-7.71,12.71
"504fc5afe13d-288","amaranth",-7.73,12.7
"504fc5afe13d-289","amaranth",-7.7,12.69
"504fc5afe13d-290","amaranth",-7.7,12.7
"504fc5afe13d-291","amaranth",-7.72,12.71
"504fc5afe13d-292","amaranth",-7.72,12.71
"504fc5afe13d-295","amaranth",-7.69,12.71
"504fc5afe13d-296","amaranth",-7.74,12.71
"504fc5afe13d-297","amaranth",-7.71,12.71
"504fc5afe13d-298","amaranth",-7.93,12.57
"504fc5afe13d-299","amaranth",-7.71,12.7
"504fc5afe13d-300","amaranth",-7.72,12.69
"e7c470820fcb-1","amaranth",1.73,6.63
"e7c470820fcb-2","amaranth",1.71,6.62
"e7c470820fcb-3","amaranth",1.73,6.63
"e7c470820fcb-4","amaranth",1.72,6.63
"e7c470820fcb-6","amaranth",1.74,6.64
"e7c470820fcb-7","amaranth",1.76,6.64
"e7c470820fcb-9","amaranth",1.74,6.64
"e7c470820fcb-10","amaranth",1.76,6.64
"e7c470820fcb-11","amaranth",1.76,6.63
"e7c470820fcb-12","amaranth",1.74,6.64
"e7c470820fcb-13","amaranth",1.67,6.73
"e7c470820fcb-14","amaranth",1.68,6.73
"e7c470820fcb-15","amaranth",1.67,6.71
"e7c470820fcb-16","amaranth",1.67,6.73
"e7c470820fcb-17","amaranth",1.67,6.72
"e7c470820fcb-18","amaranth",1.66,6.73
"e7c470820fcb-19","amaranth",1.69,6.71
"e7c470820fcb-20","amaranth",1.67,6.73
"e7c470820fcb-21","amaranth",1.67,6.71
"e7c470820fcb-22","amaranth",1.72,6.61
"e7c470820fcb-23","amaranth",1.73,6.61
"e7c470820fcb-24","amaranth",1.73,6.64
"e7c470820fcb-26","amaranth",1.68,6.72
"e7c470820fcb-27","amaranth",1.67,6.73
"e7c470820fcb-28","amaranth",1.67,6.72
"e7c470820fcb-29","amaranth",1.66,6.72
"e7c470820fcb-30","amaranth",1.66,6.72
"e7c470820fcb-31","amaranth",1.69,6.72
"e7c470820fcb-32","amaranth",1.67,6.72
"e7c470820fcb-33","amaranth",1.67,6.72
"e7c470820fcb-34","amaranth",1.66,6.73
"e7c470820fcb-35","amaranth",1.68,6.72
"e7c470820fcb-36","amaranth",1.66,6.71
"e7c470820fcb-37","amaranth",1.76,6.63
"e7c470820fcb-38","amaranth",1.75,6.63
"e7c470820fcb-39","amaranth",1.75,6.64
"e7c470820fcb-41","amaranth",1.67,6.71
"e7c470820fcb-42","amaranth",1.67,6.73
"e7c470820fcb-43","amaranth",3.31,11.75
"e7c470820fcb-44","amaranth",3.32,11.76
"e7c470820fcb-45","amaranth",3.3,11.76
"e7c470820fcb-46","amaranth",3.32,11.76
"e7c470820fcb-47","amaranth",3.32,11.76
"e7c470820fcb-48","amaranth",3.39,11.84
"e7c470820fcb-49","amaranth",3.38,11.86
"e7c470820fcb-50","amaranth",3.38,11.84
"e7c470820fcb-51","amaranth",3.37,11.85
"e7c470820fcb-52","amaranth",3.39,11.85
"e7c470820fcb-53","amaranth",3.4,11.84
"e7c470820fcb-54","amaranth",3.38,11.86
"e7c470820fcb-55","amaranth",3.39,11.87
"e7c470820fcb-56","amaranth",3.39,11.86
"e7c470820fcb-57","amaranth",3.4,11.84
"e7c470820fcb-58","amaranth",3.39,11.86
"e7c470820fcb-60","amaranth",3.38,11.85
"e7c470820fcb-61","amaranth",1.72,6.76
"e7c470820fcb-62","amaranth",1.73,6.76
"e7c470820fcb-63","amaranth",1.72,6.77
"e7c470820fcb-66","amaranth",1.72,6.77
"e7c470820fcb-67","amaranth",1.71,6.76
"e7c470820fcb-68","amaranth",1.73,6.77
"e7c470820fcb-69","amaranth",1.72,6.77
"e7c470820fcb-70","amaranth",1.79,6.81
"e7c470820fcb-71","amaranth",1.78,6.83
"e7c470820fcb-72","amaranth",1.79,6.81
"e7c470820fcb-73","amaranth",1.77,6.8
"e7c470820fcb-74","amaranth",1.71,6.75
"e7c470820fcb-75","amaranth",1.77,6.8
"e7c470820fcb-76","amaranth",1.76,6.8
"e7c470820fcb-77","amaranth",1.76,6.79
"e7c470820fcb-78","amaranth",1.73,6.77
"e7c470820fcb-79","amaranth",1.73,6.77
"e7c470820fcb-80","amaranth",1.74,6.8
"e7c470820fcb-81","amaranth",1.74,6.81
"e7c470820fcb-82","amaranth",1.73,6.8
"e7c470820fcb-83","amaranth",1.77,6.76
"e7c470820fcb-84","amaranth",1.73,6.76
"e7c470820fcb-85","amaranth",1.73,6.76
"e7c470820fcb-86","amaranth",1.72,6.75
"e7c470820fcb-88","amaranth",1.79,6.81
"e7c470820fcb-90","amaranth",1.78,6.76
"e7c470820fcb-91","amaranth",1.76,6.8
"e7c470820fcb-93","amaranth",1.78,6.81
"e7c470820fcb-94","amaranth",1.78,6.81
"e7c470820fcb-95","amaranth",1.74,6.78
"e7c470820fcb-96","amaranth",1.66,6.58
"e7c470820fcb-97","amaranth",1.7,6.62
"e7c470820fcb-98","amaranth",1.71,6.63
"e7c470820fcb-99","amaranth",1.75,6.54
"e7c470820fcb-100","amaranth",1.69,6.58
"e7c470820fcb-101","amaranth",1.64,6.66
"e7c470820fcb-102","amaranth",1.77,6.54
"e7c470820fcb-103","amaranth",1.66,6.67
"e7c470820fcb-104","amaranth",1.64,6.67
"e7c470820fcb-105","amaranth",1.66,6.65
"e7c470820fcb-106","amaranth",1.65,6.66
"e7c470820fcb-107","amaranth",1.65,6.65
"e7c470820fcb-108","amaranth",1.72,6.61
"e7c470820fcb-109","amaranth",1.7,6.63
"e7c470820fcb-110","amaranth",1.72,6.65
"e7c470820fcb-111","amaranth",1.71,6.62
"e7c470820fcb-112","amaranth",1.65,6.65
"e7c470820fcb-113","amaranth",1.64,6.66
"e7c470820fcb-114","amaranth",1.65,6.66
"e7c470820fcb-115","amaranth",1.66,6.66
"e7c470820fcb-116","amaranth",1.67,6.58
"e7c470820fcb-117","amaranth",1.67,6.57
"e7c470820fcb-118","amaranth",1.69,6.62
"e7c470820fcb-119","amaranth",1.7,6.64
"e7c470820fcb-120","amaranth",1.67,6.56
"e7c470820fcb-124","amaranth",1.73,6.64
"e7c470820fcb-169","amaranth",2.99,11.17
"e7c470820fcb-170","amaranth",3.01,11.17
"e7c470820fcb-171","amaranth",2.99,11.16
"e7c470820fcb-172","amaranth",3.01,11.17
"e7c470820fcb-173","amaranth",3.01,11.18
"e7c470820fcb-174","amaranth",3,11.17
"e7c470820fcb-175","amaranth",2.9,11.09
"e7c470820fcb-176","amaranth",3,11.16
"e7c470820fcb-177","amaranth",2.99,11.17
"e7c470820fcb-178","amaranth",3.01,11.17
"e7c470820fcb-179","amaranth",2.99,11.17
"e7c470820fcb-180","amaranth",2.9,11.09
"e7c470820fcb-181","amaranth",3,11.16
"e7c470820fcb-182","amaranth",3,11.17
"e7c470820fcb-183","amaranth",3.01,11.17
"e7c470820fcb-184","amaranth",3,11.16
"e7c470820fcb-185","amaranth",2.99,11.16
"e7c470820fcb-186","amaranth",3.01,11.17
"e7c470820fcb-187","amaranth",3,11.17
"e7c470820fcb-188","amaranth",2.91,11.09
"e7c470820fcb-189","amaranth",3,11.18
"e7c470820fcb-190","amaranth",3,11.15
"e7c470820fcb-191","amaranth",3.01,11.17
"e7c470820fcb-192","amaranth",3,11.17
"e7c470820fcb-193","amaranth",2.89,11.09
"e7c470820fcb-194","amaranth",2.91,11.07
"e7c470820fcb-195","amaranth",3.01,11.16
"e7c470820fcb-196","amaranth",3.01,11.17
"e7c470820fcb-197","amaranth",3.01,11.16
"e7c470820fcb-198","amaranth",3,11.16
"e7c470820fcb-199","amaranth",2.91,11.08
"e7c470820fcb-200","amaranth",2.18,6.52
"e7c470820fcb-201","amaranth",2.2,6.54
"e7c470820fcb-202","amaranth",2.19,6.53
"e7c470820fcb-203","amaranth",2.18,6.53
"e7c470820fcb-204","amaranth",2.2,6.53
"e7c470820fcb-206","amaranth",2.2,6.54
"e7c470820fcb-207","amaranth",2.18,6.52
"e7c470820fcb-208","amaranth",2.57,6.38
"e7c470820fcb-209","amaranth",2.62,6.37
"e7c470820fcb-210","amaranth",2.6,6.38
"e7c470820fcb-211","amaranth",2.68,6.37
"e7c470820fcb-212","amaranth",2.59,6.38
"e7c470820fcb-213","amaranth",2.61,6.38
"e7c470820fcb-214","amaranth",2.61,6.38
"e7c470820fcb-215","amaranth",2.61,6.37
"e7c470820fcb-216","amaranth",2.57,6.38
"e7c470820fcb-217","amaranth",2.59,6.38
"e7c470820fcb-218","amaranth",2.57,6.38
"e7c470820fcb-219","amaranth",2.6,6.38
"e7c470820fcb-220","amaranth",2.58,6.35
"e7c470820fcb-221","amaranth",2.62,6.37
"e7c470820fcb-222","amaranth",2.69,6.38
"e7c470820fcb-223","amaranth",2.58,6.38
"e7c470820fcb-224","amaranth",2.69,6.37
"e7c470820fcb-225","amaranth",2.61,6.36
"e7c470820fcb-226","amaranth",2.59,6.36
"e7c470820fcb-227","amaranth",2.59,6.38
"e7c470820fcb-228","amaranth",1.66,6.9
"e7c470820fcb-229","amaranth",1.64,6.9
"e7c470820fcb-230","amaranth",1.66,6.89
"e7c470820fcb-231","amaranth",1.65,6.89
"e7c470820fcb-232","amaranth",1.64,6.9
"e7c470820fcb-233","amaranth",1.72,6.91
"e7c470820fcb-234","amaranth",1.76,6.83
"e7c470820fcb-235","amaranth",1.76,6.83
"e7c470820fcb-236","amaranth",1.76,6.82
"e7c470820fcb-237","amaranth",1.77,6.83
"e7c470820fcb-238","amaranth",1.76,6.83
"e7c470820fcb-239","amaranth",1.76,6.83
"e7c470820fcb-240","amaranth",1.75,6.81
"e7c470820fcb-241","amaranth",1.76,6.82
"e7c470820fcb-242","amaranth",1.76,6.82
"e7c470820fcb-243","amaranth",1.76,6.86
"e7c470820fcb-245","amaranth",1.77,6.85
"e7c470820fcb-246","amaranth",1.76,6.83
"e7c470820fcb-247","amaranth",1.74,6.88
"e7c470820fcb-249","amaranth",1.75,6.86
"e7c470820fcb-250","amaranth",1.65,6.89
"e7c470820fcb-251","amaranth",2.25,6.38
"e7c470820fcb-252","amaranth",2.26,6.39
"e7c470820fcb-253","amaranth",2.25,6.39
"e7c470820fcb-254","amaranth",2.26,6.37
"e7c470820fcb-255","amaranth",2.25,6.39
"e7c470820fcb-256","amaranth",2.26,6.37
"e7c470820fcb-257","amaranth",2.24,6.38
"e7c470820fcb-258","amaranth",2.25,6.39
"e7c470820fcb-259","amaranth",2.25,6.37
"e7c470820fcb-260","amaranth",2.24,6.38
"e7c470820fcb-261","amaranth",2.24,6.39
"e7c470820fcb-262","amaranth",2.24,6.37
"e7c470820fcb-263","amaranth",2.25,6.39
"e7c470820fcb-264","amaranth",1.74,6.91
"e7c470820fcb-265","amaranth",1.74,6.9
"e7c470820fcb-266","amaranth",1.75,6.9
"e7c470820fcb-267","amaranth",1.73,6.9
"e7c470820fcb-268","amaranth",1.74,6.89
"e7c470820fcb-269","amaranth",1.72,6.9
"e7c470820fcb-270","amaranth",1.73,6.88
"e7c470820fcb-271","amaranth",1.68,6.93
"e7c470820fcb-272","amaranth",1.75,6.86
"e7c470820fcb-273","amaranth",1.74,6.87
"e7c470820fcb-274","amaranth",1.65,6.9
"e7c470820fcb-275","amaranth",1.74,6.86
"e7c470820fcb-276","amaranth",1.75,6.87
"e7c470820fcb-277","amaranth",1.67,6.57
"e7c470820fcb-278","amaranth",1.66,6.66
"e7c470820fcb-279","amaranth",1.69,6.58
"e7c470820fcb-280","amaranth",1.65,6.65
"e7c470820fcb-281","amaranth",1.67,6.59
"e7c470820fcb-282","amaranth",1.69,6.6
"e7c470820fcb-283","amaranth",1.67,6.72
"e7c470820fcb-284","amaranth",1.67,6.71
"e7c470820fcb-285","amaranth",1.67,6.72
"e7c470820fcb-286","amaranth",1.68,6.72
"e7c470820fcb-287","amaranth",1.67,6.72
"e7c470820fcb-288","amaranth",1.68,6.71
"e7c470820fcb-289","amaranth",1.68,6.72
"e7c470820fcb-290","amaranth",1.68,6.73
"e7c470820fcb-291","amaranth",1.69,6.7
"e7c470820fcb-292","amaranth",1.66,6.71
"e7c470820fcb-293","amaranth",1.67,6.73
"e7c470820fcb-294","amaranth",1.67,6.73
"e7c470820fcb-295","amaranth",1.66,6.73
"e7c470820fcb-296","amaranth",1.69,6.71
"e7c470820fcb-297","amaranth",1.69,6.72
"e7c470820fcb-298","amaranth",1.68,6.73
"e7c470820fcb-299","amaranth",1.69,6.71
"e7c470820fcb-300","amaranth",1.63,6.81
"e7c470820fcb-301","amaranth",1.63,6.8
"e7c470820fcb-302","amaranth",1.63,6.79
"e7c470820fcb-303","amaranth",1.64,6.79
"e7c470820fcb-304","amaranth",1.65,6.8
"e7c470820fcb-305","amaranth",1.64,6.81
"e7c470820fcb-306","amaranth",1.63,6.79
"e7c470820fcb-307","amaranth",1.64,6.8
"e7c470820fcb-308","amaranth",1.63,6.8
"e7c470820fcb-309","amaranth",1.62,6.82
"e7c470820fcb-310","amaranth",1.63,6.8
"e7c470820fcb-311","amaranth",1.75,6.85
"e7c470820fcb-317","amaranth",2.93,11.14
"e7c470820fcb-318","amaranth",2.94,11.14
"e7c470820fcb-319","amaranth",2.93,11.14
"e7c470820fcb-320","amaranth",2.94,11.14
"e7c470820fcb-321","amaranth",2.27,7.28
"e7c470820fcb-322","amaranth",2.95,11.13
"e7c470820fcb-324","amaranth",2.32,7.22
"e7c470820fcb-325","amaranth",2.31,7.23
"e7c470820fcb-326","amaranth",2.31,7.21
"e7c470820fcb-327","amaranth",2.35,7.22
"e7c470820fcb-328","amaranth",1.76,6.84
"e7c470820fcb-329","amaranth",1.76,6.84
"e7c470820fcb-330","amaranth",1.76,6.87
"e7c470820fcb-331","amaranth",1.76,6.86
"e7c470820fcb-332","amaranth",1.74,6.86
"e7c470820fcb-333","amaranth",1.74,6.85
"e7c470820fcb-334","amaranth",1.76,6.86
"e7c470820fcb-335","amaranth",1.76,6.84
"e7c470820fcb-336","amaranth",1.74,6.85
"e7c470820fcb-337","amaranth",1.77,6.85
"e7c470820fcb-338","amaranth",1.75,6.85
"e7c470820fcb-339","amaranth",1.75,6.84
"e7c470820fcb-340","amaranth",1.62,6.81
"e7c470820fcb-341","amaranth",2.12,6.84
"e7c470820fcb-342","amaranth",2.13,6.85
"e7c470820fcb-343","amaranth",2.24,6.87
"e7c470820fcb-344","amaranth",2.23,6.64
"e7c470820fcb-345","amaranth",2.17,6.67
"e7c470820fcb-346","amaranth",2.17,6.66
"e7c470820fcb-347","amaranth",2.18,6.64
"e7c470820fcb-348","amaranth",2.16,6.68
"e7c470820fcb-350","amaranth",2.13,6.84
"e7c470820fcb-351","amaranth",2.29,6.95
"e7c470820fcb-353","amaranth",3.39,11.85
"e7c470820fcb-354","amaranth",3.39,11.85
"e7c470820fcb-355","amaranth",3.37,11.85
"e7c470820fcb-356","amaranth",2.94,11.14
"e7c470820fcb-357","amaranth",2.36,7.24
"e7c470820fcb-358","amaranth",2.35,7.23
"e7c470820fcb-359","amaranth",2.36,7.23
"e7c470820fcb-360","amaranth",2.31,7.24
"e7c470820fcb-361","amaranth",2.31,7.22
"e7c470820fcb-362","amaranth",2.28,7.28
"e7c470820fcb-363","amaranth",2.27,7.27
"e7c470820fcb-364","amaranth",2.29,7.31
"e7c470820fcb-365","amaranth",2.3,7.25
"e7c470820fcb-366","amaranth",2.31,7.22
"e7c470820fcb-367","amaranth",2.3,7.21
"e7c470820fcb-368","amaranth",2.32,7.21
"e7c470820fcb-369","amaranth",2.32,7.22
"e7c470820fcb-370","amaranth",2.32,7.22
"e7c470820fcb-371","amaranth",2.31,7.21
"e7c470820fcb-372","amaranth",2.32,7.22
"e7c470820fcb-373","amaranth",2.36,7.22
"e7c470820fcb-374","amaranth",2.34,7.24
"e7c470820fcb-375","amaranth",2.26,7.31
"e7c470820fcb-376","amaranth",2.26,7.28
"e7c470820fcb-377","amaranth",2.33,7.24
"e7c470820fcb-378","amaranth",2.28,7.32
"e7c470820fcb-379","amaranth",2.34,7.23
"e7c470820fcb-380","amaranth",1.68,6.91
"e7c470820fcb-381","amaranth",1.68,6.9
"e7c470820fcb-382","amaranth",1.67,6.92
"e7c470820fcb-383","amaranth",1.69,6.92
"e7c470820fcb-384","amaranth",1.65,6.79
"e7c470820fcb-385","amaranth",1.64,6.82
"e7c470820fcb-386","amaranth",1.63,6.8
"e7c470820fcb-387","amaranth",1.63,6.8
"e7c470820fcb-388","amaranth",1.63,6.81
"e7c470820fcb-389","amaranth",1.64,6.8
"e7c470820fcb-390","amaranth",1.62,6.81
"e7c470820fcb-391","amaranth",1.8,7.02
"e7c470820fcb-392","amaranth",1.79,7.05
"e7c470820fcb-395","amaranth",1.81,7.05
"e7c470820fcb-396","amaranth",1.78,7.03
"e7c470820fcb-397","amaranth",1.79,7.05
"e7c470820fcb-398","amaranth",1.82,7
"e7c470820fcb-399","amaranth",1.66,6.59
"e7c470820fcb-401","amaranth",3.24,11.92
"e7c470820fcb-402","amaranth",3.23,11.96
"e7c470820fcb-403","amaranth",3.23,11.96
"e7c470820fcb-404","amaranth",3.23,11.96
"e7c470820fcb-405","amaranth",3.23,11.94
"e7c470820fcb-406","amaranth",3.21,11.97
"e7c470820fcb-407","amaranth",3.22,11.96
"e7c470820fcb-408","amaranth",3.21,11.96
"e7c470820fcb-410","amaranth",3.23,11.94
"e7c470820fcb-411","amaranth",3.23,11.99
"e7c470820fcb-412","amaranth",3.24,11.99
"e7c470820fcb-413","amaranth",3.23,11.93
"e7c470820fcb-414","amaranth",3.23,11.93
"e7c470820fcb-415","amaranth",3.22,11.98
"e7c470820fcb-416","amaranth",3.21,12.02
"e7c470820fcb-417","amaranth",3.2,12.02
"e7c470820fcb-418","amaranth",3.22,12.01
"e7c470820fcb-419","amaranth",3.18,12.07
"e7c470820fcb-420","amaranth",3.22,12.01
"e7c470820fcb-421","amaranth",3.25,11.98
"e7c470820fcb-422","amaranth",3.22,11.99
"e7c470820fcb-423","amaranth",3.23,11.97
"e7c470820fcb-424","amaranth",3.2,12.03
"e7c470820fcb-425","amaranth",3.24,11.98
"e7c470820fcb-426","amaranth",3.22,11.96
"e7c470820fcb-427","amaranth",3.22,11.97
"e7c470820fcb-428","amaranth",3.24,11.98
"e7c470820fcb-429","amaranth",3.24,11.98
"e7c470820fcb-430","amaranth",3.17,12.09
"e7c470820fcb-431","amaranth",3.17,12.1
"e7c470820fcb-432","amaranth",3.18,12.09
"e7c470820fcb-433","amaranth",3.23,11.93
"e7c470820fcb-434","amaranth",3.23,11.92
"e7c470820fcb-435","amaranth",3.25,11.93
"e7c470820fcb-436","amaranth",3.38,11.86
"e7c470820fcb-437","amaranth",3.38,11.84
"e7c470820fcb-438","amaranth",3.39,11.85
"e7c470820fcb-439","amaranth",3.4,11.86
"e7c470820fcb-440","amaranth",3.37,11.86
"e7c470820fcb-441","amaranth",3.38,11.85
"e7c470820fcb-442","amaranth",3.39,11.84
"e7c470820fcb-443","amaranth",3.38,11.86
"e7c470820fcb-444","amaranth",3.39,11.84
"e7c470820fcb-445","amaranth",3.38,11.86
"e7c470820fcb-446","amaranth",3.39,11.86
"e7c470820fcb-447","amaranth",3.39,11.86
"e7c470820fcb-448","amaranth",3.39,11.84
"e7c470820fcb-449","amaranth",3.39,11.85
"e7c470820fcb-450","amaranth",3.38,11.85
"e7c470820fcb-451","amaranth",3.39,11.84
"e7c470820fcb-452","amaranth",3.39,11.85
"e7c470820fcb-453","amaranth",3.39,11.84
"e7c470820fcb-454","amaranth",3.39,11.86
"e7c470820fcb-455","amaranth",3.39,11.85
"e7c470820fcb-456","amaranth",3.38,11.85
"e7c470820fcb-457","amaranth",3.39,11.86
"e7c470820fcb-458","amaranth",3.38,11.86
"e7c470820fcb-459","amaranth",3.39,11.86
"e7c470820fcb-460","amaranth",3.38,11.85
"e7c470820fcb-479","amaranth",2.93,11.15
"e7c470820fcb-480","amaranth",2.59,6.36
"e7c470820fcb-481","amaranth",2.6,6.36
"e7c470820fcb-482","amaranth",2.62,6.37
"e7c470820fcb-483","amaranth",2.56,6.37
"e7c470820fcb-484","amaranth",2.57,6.38
"e7c470820fcb-485","amaranth",2.61,6.39
"e7c470820fcb-486","amaranth",2.6,6.38
"e7c470820fcb-487","amaranth",2.58,6.38
"e7c470820fcb-488","amaranth",2.68,6.38
"e7c470820fcb-489","amaranth",2.58,6.38
"e7c470820fcb-490","amaranth",2.68,6.37
"e7c470820fcb-491","amaranth",2.7,6.39
"e7c470820fcb-492","amaranth",2.57,6.38
"e7c470820fcb-493","amaranth",2.61,6.36
"e7c470820fcb-494","amaranth",2.58,6.38
"e7c470820fcb-495","amaranth",2.68,6.39
"e7c470820fcb-496","amaranth",2.61,6.37
"e7c470820fcb-497","amaranth",2.59,6.38
"e7c470820fcb-498","amaranth",2.61,6.38
"e7c470820fcb-499","amaranth",2.57,6.38
"e7c470820fcb-500","amaranth",2.92,11.14
"e7c470820fcb-501","amaranth",2.93,11.13
"e7c470820fcb-502","amaranth",2.93,11.13
"e7c470820fcb-503","amaranth",2.93,11.13
"e7c470820fcb-504","amaranth",3.06,11.32
"e7c470820fcb-505","amaranth",2.91,11.09
"e7c470820fcb-506","amaranth",2.96,11.2
"e7c470820fcb-507","amaranth",2.97,11.17
"e7c470820fcb-508","amaranth",3.01,11.17
"e7c470820fcb-509","amaranth",3.01,11.16
"e7c470820fcb-510","amaranth",2.9,11.08
"e7c470820fcb-511","amaranth",2.89,11.07
"e7c470820fcb-512","amaranth",2.89,11.07
"e7c470820fcb-513","amaranth",2.89,11.08
"e7c470820fcb-514","amaranth",2.9,11.07
"e7c470820fcb-515","amaranth",3,11.16
"e7c470820fcb-516","amaranth",2.99,11.17
"e7c470820fcb-517","amaranth",2.94,11.2
"e7c470820fcb-518","amaranth",2.95,11.19
"e7c470820fcb-519","amaranth",2.91,11.07
"e7c470820fcb-520","amaranth",2.9,11.08
"e7c470820fcb-521","amaranth",2.9,11.08
"e7c470820fcb-522","amaranth",2.99,11.17
"e7c470820fcb-523","amaranth",3,11.17
"e7c470820fcb-524","amaranth",2.94,11.2
"e7c470820fcb-525","amaranth",2.95,11.19
"e7c470820fcb-526","amaranth",3,11.15
"e7c470820fcb-527","amaranth",3.02,11.17
"e7c470820fcb-528","amaranth",3,11.17
"e7c470820fcb-529","amaranth",3.01,11.17
"e7c470820fcb-530","amaranth",3,11.18
"e7c470820fcb-531","amaranth",2.98,11.22
"e7c470820fcb-532","amaranth",2.97,11.21
"e7c470820fcb-533","amaranth",3.01,11.17
"e7c470820fcb-534","amaranth",3,11.17
"e7c470820fcb-535","amaranth",2.99,11.17
"e7c470820fcb-536","amaranth",3,11.16
"e7c470820fcb-537","amaranth",2.96,11.16
"e7c470820fcb-538","amaranth",2.97,11.2
"e7c470820fcb-539","amaranth",2.94,11.13
"e7c470820fcb-540","amaranth",2.95,11.14
"e7c470820fcb-541","amaranth",3.18,12.09
"e7c470820fcb-542","amaranth",3.18,12.08
"e7c470820fcb-543","amaranth",3.18,12.1
"e7c470820fcb-545","amaranth",3.19,12.09
"e7c470820fcb-546","amaranth",3.16,12.09
"e7c470820fcb-547","amaranth",3.18,12.11
"e7c470820fcb-548","amaranth",3.21,11.98
"e7c470820fcb-549","amaranth",3.17,12.1
"e7c470820fcb-550","amaranth",3.19,12.09
"e7c470820fcb-551","amaranth",3.17,12.09
"e7c470820fcb-552","amaranth",3.17,12.1
"e7c470820fcb-553","amaranth",3.18,12.09
"e7c470820fcb-554","amaranth",3.18,12.09
"e7c470820fcb-556","amaranth",3.22,12.03
"e7c470820fcb-557","amaranth",3.17,12.07
"e7c470820fcb-558","amaranth",3.17,12.08
"e7c470820fcb-559","amaranth",3.2,12.03
"e7c470820fcb-560","amaranth",2.17,6.65
"e7c470820fcb-561","amaranth",2.18,6.64
"e7c470820fcb-563","amaranth",2.16,6.65
"e7c470820fcb-564","amaranth",2.17,6.68
"e7c470820fcb-567","amaranth",2.24,6.85
"e7c470820fcb-568","amaranth",2.13,6.84
"e7c470820fcb-569","amaranth",2.28,6.93
"e7c470820fcb-570","amaranth",2.51,6.69
"e7c470820fcb-571","amaranth",2.49,6.71
"e7c470820fcb-572","amaranth",2.48,6.73
"e7c470820fcb-574","amaranth",2.49,6.7
"e7c470820fcb-575","amaranth",2.49,6.71
"e7c470820fcb-576","amaranth",2.49,6.71
"e7c470820fcb-578","amaranth",2.51,6.64
"e7c470820fcb-579","amaranth",2.43,6.68
"e7c470820fcb-580","amaranth",2.39,6.36
"e7c470820fcb-581","amaranth",2.41,6.37
"e7c470820fcb-582","amaranth",2.39,6.36
"e7c470820fcb-583","amaranth",2.39,6.37
"e7c470820fcb-584","amaranth",2.41,6.36
"e7c470820fcb-585","amaranth",2.35,6.38
"e7c470820fcb-586","amaranth",2.35,6.39
"e7c470820fcb-587","amaranth",2.34,6.34
"e7c470820fcb-588","amaranth",2.39,6.38
"e7c470820fcb-589","amaranth",2.39,6.36
"e7c470820fcb-590","amaranth",2.41,6.37
"e7c470820fcb-591","amaranth",2.38,6.36
"e7c470820fcb-592","amaranth",2.39,6.35
"e7c470820fcb-593","amaranth",2.39,6.35
"e7c470820fcb-594","amaranth",2.4,6.35
"e7c470820fcb-595","amaranth",2.4,6.36
"e7c470820fcb-596","amaranth",2.37,6.36
"e7c470820fcb-597","amaranth",2.33,6.57
"e7c470820fcb-598","amaranth",2.34,6.47
"e7c470820fcb-599","amaranth",2.36,6.61
"e7c470820fcb-600","amaranth",1.92,6.4
"e7c470820fcb-601","amaranth",1.92,6.41
"e7c470820fcb-602","amaranth",1.92,6.42
"e7c470820fcb-603","amaranth",1.91,6.4
"e7c470820fcb-604","amaranth",1.85,6.41
"e7c470820fcb-605","amaranth",1.91,6.43
"e7c470820fcb-606","amaranth",1.85,6.44
"e7c470820fcb-607","amaranth",1.9,6.4
"e7c470820fcb-608","amaranth",1.9,6.4
"e7c470820fcb-609","amaranth",1.88,6.38
"e7c470820fcb-610","amaranth",1.87,6.39
"e7c470820fcb-611","amaranth",1.87,6.37
"e7c470820fcb-612","amaranth",1.87,6.39
"e7c470820fcb-613","amaranth",1.86,6.39
"e7c470820fcb-614","amaranth",1.87,6.38
"e7c470820fcb-615","amaranth",1.85,6.41
"e7c470820fcb-616","amaranth",1.86,6.37
"e7c470820fcb-619","amaranth",3.54,11.71
"e7c470820fcb-620","amaranth",3.55,11.73
"e7c470820fcb-621","amaranth",3.55,11.71
"e7c470820fcb-622","amaranth",3.42,11.85
"e7c470820fcb-623","amaranth",3.42,11.87
"e7c470820fcb-624","amaranth",3.43,11.86
"e7c470820fcb-625","amaranth",3.41,11.87
"e7c470820fcb-626","amaranth",3.44,11.85
"e7c470820fcb-627","amaranth",3.43,11.84
"e7c470820fcb-628","amaranth",3.52,11.76
"e7c470820fcb-629","amaranth",3.3,11.75
"e7c470820fcb-630","amaranth",3.31,11.75
"e7c470820fcb-631","amaranth",3.52,11.76
"e7c470820fcb-632","amaranth",3.52,11.75
"e7c470820fcb-633","amaranth",3.53,11.76
"e7c470820fcb-634","amaranth",3.51,11.74
"e7c470820fcb-635","amaranth",3.52,11.74
"e7c470820fcb-636","amaranth",3.31,11.77
"e7c470820fcb-637","amaranth",2.64,6.46
"e7c470820fcb-638","amaranth",2.64,6.48
"e7c470820fcb-639","amaranth",2.65,6.46
"e7c470820fcb-640","amaranth",2.66,6.46
"e7c470820fcb-642","amaranth",2.63,6.46
"e7c470820fcb-643","amaranth",2.66,6.46
"e7c470820fcb-644","amaranth",2.65,6.47
"e7c470820fcb-648","amaranth",2.68,6.53
"e7c470820fcb-649","amaranth",2.69,6.52
"e7c470820fcb-650","amaranth",2.68,6.52
"e7c470820fcb-651","amaranth",2.68,6.51
"e7c470820fcb-652","amaranth",2.68,6.53
"e7c470820fcb-653","amaranth",2.67,6.52
"e7c470820fcb-654","amaranth",2.69,6.52
"e7c470820fcb-655","amaranth",2.67,6.52
"e7c470820fcb-656","amaranth",2.69,6.52
"e7c470820fcb-657","amaranth",2.69,6.53
"e7c470820fcb-659","amaranth",2.7,6.52
"e7c470820fcb-660","amaranth",2.68,6.51
"e7c470820fcb-661","amaranth",2.89,11.07
"e7c470820fcb-662","amaranth",2.89,11.08
"e7c470820fcb-663","amaranth",2.9,11.08
"e7c470820fcb-664","amaranth",2.9,11.08
"e7c470820fcb-665","amaranth",2.89,11.08
"e7c470820fcb-666","amaranth",2.89,11.08
"e7c470820fcb-667","amaranth",3.01,11.17
"e7c470820fcb-668","amaranth",2.89,11.07
"e7c470820fcb-669","amaranth",2.89,11.08
"e7c470820fcb-670","amaranth",2.89,11.07
"e7c470820fcb-671","amaranth",2.91,11.1
"e7c470820fcb-672","amaranth",2.89,11.07
"e7c470820fcb-673","amaranth",2.89,11.08
"e7c470820fcb-674","amaranth",2.9,11.08
"e7c470820fcb-675","amaranth",2.89,11.08
"e7c470820fcb-676","amaranth",1.88,6.38
"e7c470820fcb-677","amaranth",1.79,6.26
"e7c470820fcb-678","amaranth",1.95,6.37
"e7c470820fcb-679","amaranth",1.96,6.36
"e7c470820fcb-680","amaranth",2.14,6.5
"e7c470820fcb-681","amaranth",2.15,6.48
"e7c470820fcb-682","amaranth",2.15,6.5
"e7c470820fcb-683","amaranth",2.19,6.52
"e7c470820fcb-684","amaranth",2.19,6.53
"e7c470820fcb-685","amaranth",2.19,6.53
"e7c470820fcb-686","amaranth",2.19,6.53
"e7c470820fcb-687","amaranth",2.2,6.55
"e7c470820fcb-688","amaranth",2.2,6.52
"e7c470820fcb-689","amaranth",2.14,6.5
"e7c470820fcb-691","amaranth",2.15,6.49
"e7c470820fcb-692","amaranth",2.19,6.51
"e7c470820fcb-693","amaranth",2.14,6.5
"e7c470820fcb-694","amaranth",2.19,6.55
"e7c470820fcb-695","amaranth",2.19,6.54
"e7c470820fcb-696","amaranth",2.2,6.54
"e7c470820fcb-697","amaranth",2.15,6.5
"e7c470820fcb-698","amaranth",2.19,6.54
"e7c470820fcb-699","amaranth",2.2,6.54
"e7c470820fcb-700","amaranth",2.2,6.52
"e7c470820fcb-702","amaranth",2.19,6.53
"e7c470820fcb-705","amaranth",2.58,6.37
"e7c470820fcb-706","amaranth",2.6,6.37
"e7c470820fcb-707","amaranth",2.56,6.36
"e7c470820fcb-708","amaranth",2.62,6.36
"e7c470820fcb-709","amaranth",2.58,6.36
"e7c470820fcb-710","amaranth",2.6,6.38
"e7c470820fcb-711","amaranth",2.57,6.38
"e7c470820fcb-712","amaranth",2.61,6.37
"e7c470820fcb-713","amaranth",2.59,6.37
"e7c470820fcb-714","amaranth",2.57,6.36
"e7c470820fcb-715","amaranth",2.61,6.52
"e7c470820fcb-716","amaranth",2.65,6.46
"e7c470820fcb-717","amaranth",2.63,6.47
"e7c470820fcb-719","amaranth",2.64,6.47
"e7c470820fcb-720","amaranth",2.63,6.46
"e7c470820fcb-721","amaranth",2.63,6.46
"e7c470820fcb-722","amaranth",2.65,6.47
"e7c470820fcb-723","amaranth",2.62,6.47
"e7c470820fcb-724","amaranth",2.62,6.48
"e7c470820fcb-725","amaranth",2.63,6.46
"e7c470820fcb-726","amaranth",2.62,6.46
"e7c470820fcb-729","amaranth",1.82,6.27
"e7c470820fcb-730","amaranth",1.76,6.27
"e7c470820fcb-731","amaranth",1.92,6.39
"e7c470820fcb-732","amaranth",1.79,6.28
"e7c470820fcb-734","amaranth",1.87,6.4
"e7c470820fcb-735","amaranth",2.7,6.53
"e7c470820fcb-736","amaranth",2.69,6.47
"e7c470820fcb-737","amaranth",2.7,6.51
"e7c470820fcb-740","amaranth",2.27,6.94
"e7c470820fcb-741","amaranth",2.28,6.94
"e7c470820fcb-742","amaranth",2.17,6.67
"e7c470820fcb-743","amaranth",2.16,6.66
"e7c470820fcb-745","amaranth",2.16,6.66
"e7c470820fcb-746","amaranth",2.26,6.94
"e7c470820fcb-753","amaranth",1.78,6.28
"e7c470820fcb-758","amaranth",2.25,6.86
"e7c470820fcb-759","amaranth",2.3,6.95
"e7c470820fcb-760","amaranth",2.28,6.95
"e7c470820fcb-761","amaranth",2.27,6.93
"e7c470820fcb-762","amaranth",2.29,6.95
"e7c470820fcb-763","amaranth",2.29,6.94
"e7c470820fcb-764","amaranth",2.12,6.84
"e7c470820fcb-765","amaranth",2.23,6.86
"e7c470820fcb-767","amaranth",2.67,6.51
"e7c470820fcb-768","amaranth",2.68,6.5
"e7c470820fcb-769","amaranth",2.69,6.48
"e7c470820fcb-770","amaranth",2.69,6.48
"e7c470820fcb-771","amaranth",2.68,6.49
"e7c470820fcb-772","amaranth",2.69,6.48
"e7c470820fcb-773","amaranth",2.69,6.49
"e7c470820fcb-777","amaranth",2.69,6.48
"e7c470820fcb-778","amaranth",2.67,6.5
"e7c470820fcb-779","amaranth",2.68,6.49
"e7c470820fcb-782","amaranth",2.69,6.5
"e7c470820fcb-786","amaranth",2.67,6.49
"e7c470820fcb-788","amaranth",1.95,6.36
"e7c470820fcb-789","amaranth",2.01,6.39
"e7c470820fcb-790","amaranth",2.06,6.4
"e7c470820fcb-791","amaranth",2,6.43
"e7c470820fcb-792","amaranth",1.99,6.44
"e7c470820fcb-793","amaranth",2.01,6.39
"e7c470820fcb-794","amaranth",1.97,6.37
"e7c470820fcb-795","amaranth",2.27,6.72
"e7c470820fcb-796","amaranth",2.28,6.73
"e7c470820fcb-797","amaranth",2.33,6.77
"e7c470820fcb-798","amaranth",2.31,6.77
"e7c470820fcb-799","amaranth",2.31,6.78
"e7c470820fcb-800","amaranth",2.3,6.44
"e7c470820fcb-801","amaranth",2.29,6.43
"e7c470820fcb-802","amaranth",2.31,6.44
"e7c470820fcb-803","amaranth",2.31,6.43
"e7c470820fcb-804","amaranth",2.3,6.43
"e7c470820fcb-805","amaranth",2.3,6.42
"e7c470820fcb-806","amaranth",2.29,6.44
"e7c470820fcb-807","amaranth",2.28,6.42
"e7c470820fcb-808","amaranth",2.29,6.43
"e7c470820fcb-809","amaranth",2.3,6.43
"e7c470820fcb-810","amaranth",2.32,6.48
"e7c470820fcb-811","amaranth",2.29,6.44
"e7c470820fcb-812","amaranth",2.29,6.45
"e7c470820fcb-813","amaranth",2.31,6.48
"e7c470820fcb-814","amaranth",2.31,6.34
"e7c470820fcb-815","amaranth",2.32,6.35
"e7c470820fcb-816","amaranth",2.35,6.52
"e7c470820fcb-817","amaranth",2.36,6.51
"e7c470820fcb-818","amaranth",2.26,6.47
"e7c470820fcb-819","amaranth",2.25,6.47
"e7c470820fcb-821","amaranth",2.47,6.76
"e7c470820fcb-823","amaranth",2.47,6.71
"e7c470820fcb-824","amaranth",2.47,6.81
"e7c470820fcb-825","amaranth",2.2,6.52
"e7c470820fcb-826","amaranth",2.21,6.53
"e7c470820fcb-827","amaranth",2.2,6.52
"e7c470820fcb-828","amaranth",2.2,6.52
"e7c470820fcb-829","amaranth",2.19,6.52
"e7c470820fcb-830","amaranth",2.49,6.75
"e7c470820fcb-831","amaranth",2.5,6.63
"e7c470820fcb-832","amaranth",2.47,6.75
"e7c470820fcb-833","amaranth",2.6,6.83
"e7c470820fcb-834","amaranth",2.44,6.73
"e7c470820fcb-835","amaranth",2.45,6.74
"e7c470820fcb-836","amaranth",2.45,6.74
"e7c470820fcb-837","amaranth",2.51,6.66
"e7c470820fcb-838","amaranth",2.49,6.72
"e7c470820fcb-839","amaranth",2.49,6.7
"e7c470820fcb-840","amaranth",2.49,6.73
"e7c470820fcb-841","amaranth",2.47,6.71
"e7c470820fcb-842","amaranth",2.48,6.72
"e7c470820fcb-844","amaranth",2.49,6.78
"e7c470820fcb-845","amaranth",2.3,6.77
"e7c470820fcb-846","amaranth",2.29,6.74
"e7c470820fcb-847","amaranth",2.26,6.8
"e7c470820fcb-848","amaranth",2.25,6.8
"e7c470820fcb-849","amaranth",2.25,6.81
"e7c470820fcb-850","amaranth",2.26,6.79
"e7c470820fcb-851","amaranth",2.3,6.73
"e7c470820fcb-852","amaranth",2.3,6.7
"e7c470820fcb-853","amaranth",2.3,6.69
"e7c470820fcb-854","amaranth",2.31,6.62
"e7c470820fcb-855","amaranth",2.31,6.64
"e7c470820fcb-856","amaranth",2.3,6.62
"e7c470820fcb-857","amaranth",2.31,6.63
"e7c470820fcb-858","amaranth",2.3,6.64
"e7c470820fcb-859","amaranth",2.3,6.73
"e7c470820fcb-860","amaranth",2.56,6.63
"e7c470820fcb-861","amaranth",2.57,6.63
"e7c470820fcb-862","amaranth",2.58,6.66
"e7c470820fcb-863","amaranth",2.56,6.62
"e7c470820fcb-864","amaranth",2.59,6.59
"e7c470820fcb-865","amaranth",2.58,6.59
"e7c470820fcb-866","amaranth",2.59,6.59
"e7c470820fcb-867","amaranth",2.61,6.57
"e7c470820fcb-868","amaranth",2.61,6.58
"e7c470820fcb-869","amaranth",2.6,6.57
"e7c470820fcb-870","amaranth",2.6,6.58
"e7c470820fcb-871","amaranth",2.58,6.61
"e7c470820fcb-872","amaranth",2.59,6.57
"e7c470820fcb-874","amaranth",2.62,6.56
"e7c470820fcb-875","amaranth",2.6,6.57
"e7c470820fcb-877","amaranth",2.62,6.57
"e7c470820fcb-878","amaranth",2.61,6.56
"e7c470820fcb-879","amaranth",2.59,6.57
"e7c470820fcb-881","amaranth",2.54,6.59
"e7c470820fcb-882","amaranth",2.54,6.61
"e7c470820fcb-883","amaranth",2.54,6.61
"e7c470820fcb-884","amaranth",2.53,6.61
"e7c470820fcb-885","amaranth",2.55,6.6
"e7c470820fcb-888","amaranth",2.56,6.57
"e7c470820fcb-889","amaranth",2.95,11.13
"e7c470820fcb-890","amaranth",3.54,11.71
"e7c470820fcb-891","amaranth",3.55,11.72
"e7c470820fcb-892","amaranth",3.54,11.72
"e7c470820fcb-893","amaranth",3.53,11.71
"e7c470820fcb-894","amaranth",3.56,11.71
"e7c470820fcb-895","amaranth",3.54,11.7
"e7c470820fcb-896","amaranth",3.54,11.71
"e7c470820fcb-897","amaranth",3.55,11.71
"e7c470820fcb-898","amaranth",3.55,11.71
"e7c470820fcb-899","amaranth",3.55,11.71
"e7c470820fcb-900","amaranth",3.54,11.7
"e7c470820fcb-902","amaranth",2.16,6.37
"e7c470820fcb-903","amaranth",2.2,6.36
"e7c470820fcb-904","amaranth",2.22,6.37
"e7c470820fcb-905","amaranth",2.27,6.37
"e7c470820fcb-906","amaranth",2.26,6.38
"e7c470820fcb-907","amaranth",2.26,6.39
"e7c470820fcb-908","amaranth",2.2,6.4
"e7c470820fcb-909","amaranth",2.26,6.39
"e7c470820fcb-910","amaranth",2.21,6.36
"e7c470820fcb-911","amaranth",2.16,6.37
"e7c470820fcb-912","amaranth",2.22,6.38
"e7c470820fcb-913","amaranth",2.22,6.38
"e7c470820fcb-914","amaranth",2.2,6.42
"e7c470820fcb-915","amaranth",2.16,6.35
"e7c470820fcb-916","amaranth",2.22,6.39
"e7c470820fcb-917","amaranth",2.22,6.4
"e7c470820fcb-918","amaranth",2.22,6.39
"e7c470820fcb-919","amaranth",2.2,6.37
"e7c470820fcb-920","amaranth",2.22,6.36
"e7c470820fcb-921","amaranth",2.23,6.37
"e7c470820fcb-922","amaranth",2.21,6.37
"e7c470820fcb-923","amaranth",2.21,6.37
"e7c470820fcb-924","amaranth",2.22,6.37
"e7c470820fcb-925","amaranth",2.22,6.36
"e7c470820fcb-926","amaranth",2.2,6.37
"e7c470820fcb-927","amaranth",2.21,6.39
"e7c470820fcb-928","amaranth",2.21,6.36
"e7c470820fcb-929","amaranth",2.22,6.37
"e7c470820fcb-930","amaranth",2.2,6.36
"e7c470820fcb-931","amaranth",2.22,6.37
"e7c470820fcb-932","amaranth",2.21,6.36
"e7c470820fcb-933","amaranth",2.2,6.36
"e7c470820fcb-934","amaranth",2.21,6.39
"e7c470820fcb-935","amaranth",2.14,6.4
"e7c470820fcb-936","amaranth",2.22,6.36
"e7c470820fcb-937","amaranth",2.2,6.4
"e7c470820fcb-938","amaranth",2.19,6.41
"e7c470820fcb-939","amaranth",2.53,6.6
"e7c470820fcb-940","amaranth",2.53,6.59
"e7c470820fcb-941","amaranth",2.53,6.61
"e7c470820fcb-942","amaranth",2.54,6.59
"e7c470820fcb-943","amaranth",2.54,6.6
"e7c470820fcb-945","amaranth",2.56,6.58
"e7c470820fcb-946","amaranth",2.55,6.57
"e7c470820fcb-947","amaranth",2.55,6.58
"e7c470820fcb-948","amaranth",2.54,6.59
"e7c470820fcb-949","amaranth",2.15,6.49
"e7c470820fcb-950","amaranth",2.14,6.49
"e7c470820fcb-951","amaranth",2.2,6.53
"e7c470820fcb-952","amaranth",2.14,6.48
"e7c470820fcb-953","amaranth",2.14,6.49
"e7c470820fcb-954","amaranth",2.14,6.51
"e7c470820fcb-955","amaranth",2.15,6.5
"e7c470820fcb-956","amaranth",2.14,6.49
"e7c470820fcb-957","amaranth",2.15,6.49
"e7c470820fcb-958","amaranth",2.15,6.49
"e7c470820fcb-959","amaranth",2.2,6.52
"e7c470820fcb-960","amaranth",2.2,6.53
"e7c470820fcb-961","amaranth",2.21,6.36
"e7c470820fcb-962","amaranth",2.15,6.39
"e7c470820fcb-963","amaranth",2.16,6.38
"e7c470820fcb-964","amaranth",2.15,6.4
"e7c470820fcb-965","amaranth",2.15,6.39
"e7c470820fcb-966","amaranth",2.15,6.4
"e7c470820fcb-967","amaranth",2.15,6.39
"e7c470820fcb-968","amaranth",2.15,6.38
"e7c470820fcb-969","amaranth",2.16,6.4
"e7c470820fcb-970","amaranth",2.21,6.37
"e7c470820fcb-971","amaranth",2.22,6.36
"e7c470820fcb-972","amaranth",2.21,6.37
"e7c470820fcb-973","amaranth",2.21,6.36
"e7c470820fcb-974","amaranth",2.26,6.39
"e7c470820fcb-975","amaranth",2.02,6.46
"e7c470820fcb-976","amaranth",2.03,6.43
"e7c470820fcb-977","amaranth",1.98,6.44
"e7c470820fcb-978","amaranth",2,6.44
"e7c470820fcb-979","amaranth",2.68,6.52
"e7c470820fcb-981","amaranth",2.29,6.74
"e7c470820fcb-982","amaranth",2.29,6.73
"e7c470820fcb-983","amaranth",2.3,6.74
"e7c470820fcb-984","amaranth",2.28,6.74
"e7c470820fcb-985","amaranth",2.29,6.74
"e7c470820fcb-986","amaranth",2.29,6.74
"e7c470820fcb-987","amaranth",2.3,6.74
"e7c470820fcb-988","amaranth",2.28,6.74
"e7c470820fcb-989","amaranth",2.3,6.72
"e7c470820fcb-990","amaranth",2.28,6.73
"e7c470820fcb-992","amaranth",2.15,6.66
"e7c470820fcb-993","amaranth",2.17,6.68
"e7c470820fcb-994","amaranth",2.19,6.67
"e7c470820fcb-995","amaranth",2.16,6.67
"e7c470820fcb-996","amaranth",2.17,6.68
"e7c470820fcb-997","amaranth",2.16,6.66
"e7c470820fcb-998","amaranth",2.19,6.63
"e7c470820fcb-999","amaranth",2.18,6.63
"e7c470820fcb-1000","amaranth",2.16,6.67
"f45fe71a181e-1","jutemallow",1.81,6.53
"f45fe71a181e-2","jutemallow",1.8,6.51
"f45fe71a181e-3","jutemallow",1.8,6.56
"f45fe71a181e-4","jutemallow",1.82,6.57
"f45fe71a181e-5","jutemallow",1.82,6.56
"f45fe71a181e-6","jutemallow",1.81,6.52
"f45fe71a181e-7","jutemallow",1.81,6.51
"f45fe71a181e-8","jutemallow",1.82,6.49
"f45fe71a181e-9","jutemallow",1.81,6.54
"f45fe71a181e-10","jutemallow",1.87,6.57
"f45fe71a181e-11","jutemallow",1.83,6.56
"f45fe71a181e-12","jutemallow",1.87,6.57
"f45fe71a181e-13","jutemallow",1.8,6.62
"f45fe71a181e-14","jutemallow",1.8,6.5
"f45fe71a181e-15","jutemallow",1.79,6.62
"f45fe71a181e-16","jutemallow",1.8,6.61
"f45fe71a181e-17","jutemallow",1.83,6.66
"f45fe71a181e-18","jutemallow",1.84,6.65
"f45fe71a181e-19","jutemallow",1.84,6.58
"f45fe71a181e-21","jutemallow",1.82,6.55
"f45fe71a181e-22","jutemallow",1.82,6.6
"f45fe71a181e-23","jutemallow",1.82,6.57
"f45fe71a181e-24","jutemallow",1.82,6.56
"f45fe71a181e-25","jutemallow",1.77,6.58
"f45fe71a181e-26","jutemallow",1.86,6.57
"f45fe71a181e-28","jutemallow",1.82,6.65
"f45fe71a181e-29","jutemallow",1.84,6.57
"f45fe71a181e-30","jutemallow",2.39,6.37
"f45fe71a181e-31","jutemallow",2.04,6.65
"f45fe71a181e-32","jutemallow",2.02,6.67
"f45fe71a181e-33","jutemallow",2.03,6.65
"f45fe71a181e-34","jutemallow",2.04,6.66
"f45fe71a181e-35","jutemallow",1.97,6.61
"f45fe71a181e-36","jutemallow",2.02,6.65
"f45fe71a181e-37","jutemallow",2.03,6.67
"f45fe71a181e-38","jutemallow",2.03,6.67
"f45fe71a181e-39","jutemallow",2.02,6.66
"f45fe71a181e-40","jutemallow",2.03,6.65
"f45fe71a181e-41","jutemallow",2.03,6.66
"f45fe71a181e-42","jutemallow",2.02,6.65
"f45fe71a181e-43","jutemallow",1.95,6.61
"f45fe71a181e-44","jutemallow",2.02,6.66
"f45fe71a181e-45","jutemallow",1.96,6.61
"f45fe71a181e-51","jutemallow",2.91,11.07
"f45fe71a181e-52","jutemallow",2.89,11.08
"f45fe71a181e-53","jutemallow",2.93,11.14
"f45fe71a181e-54","jutemallow",2.94,11.14
"f45fe71a181e-55","jutemallow",2.94,11.13
"f45fe71a181e-56","jutemallow",3,11.16
"f45fe71a181e-57","jutemallow",3,11.17
"f45fe71a181e-58","jutemallow",2.99,11.16
"f45fe71a181e-59","jutemallow",3,11.15
"f45fe71a181e-60","jutemallow",3,11.18
"f45fe71a181e-61","jutemallow",3,11.17
"f45fe71a181e-62","jutemallow",2.9,11.08
"f45fe71a181e-63","jutemallow",2.88,11.06
"f45fe71a181e-64","jutemallow",2.88,11.07
"f45fe71a181e-65","jutemallow",2.89,11.07
"f45fe71a181e-66","jutemallow",2.9,11.07
"f45fe71a181e-67","jutemallow",2.91,11.07
"f45fe71a181e-68","jutemallow",3.01,11.16
"f45fe71a181e-69","jutemallow",2.91,11.08
"f45fe71a181e-70","jutemallow",2.9,11.09
"f45fe71a181e-78","jutemallow",2.45,6.9
"f45fe71a181e-79","jutemallow",2.52,6.82
"f45fe71a181e-80","jutemallow",2.52,6.83
"f45fe71a181e-81","jutemallow",2.53,6.84
"f45fe71a181e-82","jutemallow",2.54,6.84
"f45fe71a181e-83","jutemallow",2.52,6.83
"f45fe71a181e-84","jutemallow",2.54,6.84
"f45fe71a181e-85","jutemallow",2.53,6.82
"f45fe71a181e-86","jutemallow",2.52,6.83
"f45fe71a181e-87","jutemallow",2.53,6.83
"f45fe71a181e-88","jutemallow",2.53,6.84
"f45fe71a181e-89","jutemallow",2.51,6.83
"f45fe71a181e-90","jutemallow",2.47,6.82
"f45fe71a181e-91","jutemallow",2.47,6.83
"f45fe71a181e-97","jutemallow",2.44,6.92
"f45fe71a181e-98","jutemallow",2.45,6.93
"f45fe71a181e-99","jutemallow",2.46,6.93
"f45fe71a181e-100","jutemallow",2.45,6.93
"f45fe71a181e-114","jutemallow",1.79,7.05
"f45fe71a181e-115","jutemallow",1.81,7.04
"f45fe71a181e-116","jutemallow",1.81,7.04
"f45fe71a181e-117","jutemallow",1.81,7.05
"f45fe71a181e-121","jutemallow",1.8,7.05
"f45fe71a181e-124","jutemallow",1.81,7.05
"f45fe71a181e-125","jutemallow",1.8,7.03
"f45fe71a181e-129","jutemallow",1.8,7.05
"f45fe71a181e-130","jutemallow",1.79,7.05
"f45fe71a181e-131","jutemallow",1.83,7
"f45fe71a181e-132","jutemallow",1.83,6.98
"f45fe71a181e-133","jutemallow",1.84,6.99
"f45fe71a181e-141","jutemallow",1.8,7.03
"f45fe71a181e-142","jutemallow",1.81,7.03
"f45fe71a181e-144","jutemallow",1.81,7.06
"f45fe71a181e-145","jutemallow",1.8,7.04
"f45fe71a181e-146","jutemallow",1.79,7.03
"f45fe71a181e-147","jutemallow",1.81,7.04
"f45fe71a181e-148","jutemallow",1.79,7.03
"f45fe71a181e-150","jutemallow",1.8,7.04
"f45fe71a181e-151","jutemallow",2.04,6.65
"f45fe71a181e-152","jutemallow",2.03,6.67
"f45fe71a181e-153","jutemallow",1.97,6.61
"f45fe71a181e-154","jutemallow",2.03,6.67
"f45fe71a181e-155","jutemallow",1.96,6.62
"f45fe71a181e-156","jutemallow",1.96,6.61
"f45fe71a181e-158","jutemallow",2.07,6.68
"f45fe71a181e-159","jutemallow",2.03,6.67
"f45fe71a181e-160","jutemallow",2.04,6.65
"f45fe71a181e-161","jutemallow",1.97,6.62
"f45fe71a181e-162","jutemallow",1.97,6.62
"f45fe71a181e-163","jutemallow",1.97,6.61
"f45fe71a181e-164","jutemallow",2.04,6.67
"f45fe71a181e-165","jutemallow",2.03,6.65
"f45fe71a181e-166","jutemallow",1.9,6.62
"f45fe71a181e-167","jutemallow",1.96,6.62
"f45fe71a181e-168","jutemallow",1.96,6.63
"f45fe71a181e-169","jutemallow",2.02,6.66
"f45fe71a181e-170","jutemallow",2.03,6.65
"f45fe71a181e-196","jutemallow",2.89,11.09
"f45fe71a181e-197","jutemallow",2.96,11.18
"f45fe71a181e-198","jutemallow",2.89,11.07
"f45fe71a181e-199","jutemallow",2.91,11.08
"f45fe71a181e-200","jutemallow",2.9,11.09
"f45fe71a181e-201","jutemallow",2.91,11.08
"f45fe71a181e-202","jutemallow",2.9,11.09
"f45fe71a181e-203","jutemallow",2.94,11.2
"f45fe71a181e-204","jutemallow",2.94,11.18
"f45fe71a181e-205","jutemallow",2.91,11.08
"f45fe71a181e-206","jutemallow",3.04,11.33
"f45fe71a181e-207","jutemallow",2.95,11.19
"f45fe71a181e-208","jutemallow",2.94,11.19
"f45fe71a181e-209","jutemallow",2.9,11.07
"f45fe71a181e-210","jutemallow",2.89,11.08
"f45fe71a181e-211","jutemallow",2.94,11.19
"f45fe71a181e-212","jutemallow",2.89,11.07
"f45fe71a181e-213","jutemallow",2.94,11.2
"f45fe71a181e-214","jutemallow",2.94,11.18
"f45fe71a181e-215","jutemallow",2.95,11.2
"f45fe71a181e-216","jutemallow",2.95,11.19
"f45fe71a181e-217","jutemallow",2.94,11.2
"f45fe71a181e-218","jutemallow",2.94,11.2
"f45fe71a181e-219","jutemallow",2.91,11.08
"f45fe71a181e-220","jutemallow",2.94,11.2
"f45fe71a181e-221","jutemallow",2.94,11.19
"f45fe71a181e-224","jutemallow",1.72,6.63
"f45fe71a181e-225","jutemallow",1.66,6.65
"f45fe71a181e-226","jutemallow",1.7,6.63
"f45fe71a181e-227","jutemallow",1.7,6.63
"f45fe71a181e-228","jutemallow",1.71,6.63
"f45fe71a181e-230","jutemallow",1.68,6.72
"f45fe71a181e-231","jutemallow",1.66,6.72
"f45fe71a181e-232","jutemallow",1.67,6.73
"f45fe71a181e-233","jutemallow",1.66,6.73
"f45fe71a181e-234","jutemallow",1.68,6.73
"f45fe71a181e-235","jutemallow",1.66,6.73
"f45fe71a181e-237","jutemallow",1.71,6.62
"f45fe71a181e-238","jutemallow",1.7,6.64
"f45fe71a181e-239","jutemallow",1.7,6.63
"f45fe71a181e-240","jutemallow",1.67,6.56
"f45fe71a181e-241","jutemallow",1.72,6.6
"f45fe71a181e-242","jutemallow",2.9,11.1
"f45fe71a181e-243","jutemallow",2.9,11.07
"f45fe71a181e-244","jutemallow",2.91,11.08
"f45fe71a181e-245","jutemallow",2.89,11.09
"f45fe71a181e-246","jutemallow",2.94,11.18
"f45fe71a181e-247","jutemallow",2.9,11.07
"f45fe71a181e-248","jutemallow",2.95,11.18
"f45fe71a181e-249","jutemallow",2.94,11.19
"f45fe71a181e-250","jutemallow",2.95,11.19
"f45fe71a181e-251","jutemallow",2.95,11.18
"f45fe71a181e-252","jutemallow",2.9,11.07
"f45fe71a181e-253","jutemallow",2.19,6.62
"f45fe71a181e-254","jutemallow",2.19,6.63
"f45fe71a181e-255","jutemallow",2.18,6.63
"f45fe71a181e-256","jutemallow",2.17,6.67
"f45fe71a181e-257","jutemallow",2.17,6.66
"f45fe71a181e-258","jutemallow",2.23,6.63
"f45fe71a181e-261","jutemallow",1.76,6.55
"f45fe71a181e-262","jutemallow",1.75,6.55
"f45fe71a181e-263","jutemallow",1.76,6.55
"f45fe71a181e-264","jutemallow",1.7,6.62
"f45fe71a181e-265","jutemallow",1.75,6.56
"f45fe71a181e-266","jutemallow",1.76,6.55
"f45fe71a181e-267","jutemallow",1.75,6.56
"f45fe71a181e-268","jutemallow",1.7,6.62
"f45fe71a181e-269","jutemallow",1.72,6.62
"f45fe71a181e-270","jutemallow",1.74,6.57
"f45fe71a181e-271","jutemallow",1.76,6.56
"f45fe71a181e-272","jutemallow",1.75,6.54
"f45fe71a181e-273","jutemallow",1.75,6.55
"f45fe71a181e-274","jutemallow",1.67,6.57
"f45fe71a181e-275","jutemallow",1.75,6.54
"f45fe71a181e-276","jutemallow",1.75,6.55
"f45fe71a181e-277","jutemallow",1.71,6.63
"f45fe71a181e-278","jutemallow",1.65,6.65
"f45fe71a181e-279","jutemallow",1.7,6.64
"f45fe71a181e-280","jutemallow",1.71,6.63
"f45fe71a181e-281","jutemallow",2.95,11.14
"f45fe71a181e-282","jutemallow",2.94,11.14
"f45fe71a181e-283","jutemallow",2.93,11.14
"f45fe71a181e-284","jutemallow",2.93,11.13
"f45fe71a181e-285","jutemallow",2.94,11.15
"f45fe71a181e-286","jutemallow",2.93,11.15
"f45fe71a181e-287","jutemallow",2.94,11.2
"f45fe71a181e-288","jutemallow",2.94,11.2
"f45fe71a181e-289","jutemallow",2.96,11.18
"f45fe71a181e-290","jutemallow",2.94,11.19
"f45fe71a181e-291","jutemallow",2.96,11.2
"f45fe71a181e-292","jutemallow",2.95,11.18
"f45fe71a181e-293","jutemallow",2.94,11.2
"f45fe71a181e-294","jutemallow",2.89,11.08
"f45fe71a181e-295","jutemallow",2.94,11.2
"f45fe71a181e-296","jutemallow",2.89,11.08
"f45fe71a181e-297","jutemallow",2.89,11.08
"f45fe71a181e-298","jutemallow",2.94,11.2
"f45fe71a181e-299","jutemallow",2.89,11.09
"f45fe71a181e-301","jutemallow",2.33,6.38
"f45fe71a181e-302","jutemallow",2.31,6.39
"f45fe71a181e-303","jutemallow",2.34,6.39
"f45fe71a181e-304","jutemallow",1.97,7.94
"f45fe71a181e-305","jutemallow",1.98,7.93
"f45fe71a181e-306","jutemallow",1.99,7.92
"f45fe71a181e-307","jutemallow",1.97,7.92
"f45fe71a181e-341","jutemallow",1.73,6.77
"f45fe71a181e-342","jutemallow",1.73,6.75
"f45fe71a181e-343","jutemallow",1.72,6.76
"f45fe71a181e-344","jutemallow",1.73,6.75
"f45fe71a181e-345","jutemallow",1.72,6.76
"f45fe71a181e-346","jutemallow",1.72,6.77
"f45fe71a181e-347","jutemallow",1.76,6.8
"f45fe71a181e-348","jutemallow",1.75,6.8
"f45fe71a181e-349","jutemallow",1.76,6.76
"f45fe71a181e-350","jutemallow",1.77,6.75
"f45fe71a181e-351","jutemallow",1.71,6.76
"f45fe71a181e-361","jutemallow",2.54,6.59
"f45fe71a181e-362","jutemallow",2.55,6.6
"f45fe71a181e-363","jutemallow",2.55,6.6
"f45fe71a181e-364","jutemallow",2.53,6.6
"f45fe71a181e-365","jutemallow",2.54,6.6
"f45fe71a181e-367","jutemallow",2.56,6.57
"f45fe71a181e-368","jutemallow",2.54,6.59
"f45fe71a181e-369","jutemallow",2.58,6.59
"f45fe71a181e-370","jutemallow",2.59,6.59
"f45fe71a181e-371","jutemallow",2.59,6.58
"f45fe71a181e-372","jutemallow",2.53,6.6
"f45fe71a181e-373","jutemallow",1.79,6.28
"f45fe71a181e-374","jutemallow",1.8,6.27
"f45fe71a181e-375","jutemallow",1.91,6.45
"f45fe71a181e-376","jutemallow",2.89,11.09
"f45fe71a181e-377","jutemallow",2.89,11.09
"f45fe71a181e-378","jutemallow",2.49,6.73
"f45fe71a181e-379","jutemallow",2.48,6.7
"f45fe71a181e-381","jutemallow",2.47,6.63
"f45fe71a181e-383","jutemallow",2.4,6.36
"f45fe71a181e-384","jutemallow",2.28,6.45
"f45fe71a181e-385","jutemallow",2.31,6.36
"f45fe71a181e-386","jutemallow",2.4,6.34
"f45fe71a181e-387","jutemallow",2.22,6.45
"f45fe71a181e-389","jutemallow",2.34,6.39
"f45fe71a181e-390","jutemallow",2.27,6.79
"f45fe71a181e-391","jutemallow",2.26,6.81
"f45fe71a181e-392","jutemallow",2.26,6.8
"f45fe71a181e-393","jutemallow",2.25,6.81
"f45fe71a181e-394","jutemallow",2.29,6.68
"f45fe71a181e-395","jutemallow",2.28,6.72
"f45fe71a181e-396","jutemallow",2.28,6.72
"f45fe71a181e-397","jutemallow",2.3,6.77
"f45fe71a181e-398","jutemallow",2.31,6.77
"f45fe71a181e-399","jutemallow",2.32,6.78
"f45fe71a181e-400","jutemallow",2.56,6.49
"f45fe71a181e-401","jutemallow",2.54,6.47
"f45fe71a181e-402","jutemallow",2.56,6.48
"f45fe71a181e-407","jutemallow",2.57,6.49
"f45fe71a181e-412","jutemallow",2.53,6.53
"f45fe71a181e-413","jutemallow",2.53,6.53
"f45fe71a181e-414","jutemallow",2.55,6.54
"f45fe71a181e-415","jutemallow",2.55,6.54
"f45fe71a181e-416","jutemallow",2.4,6.58
"f45fe71a181e-417","jutemallow",2.39,6.56
"f45fe71a181e-418","jutemallow",2.39,6.59
"f45fe71a181e-419","jutemallow",2.39,6.59
"f45fe71a181e-420","jutemallow",2.41,6.61
"f45fe71a181e-421","jutemallow",2.4,6.6
"f45fe71a181e-422","jutemallow",2.41,6.6
"f45fe71a181e-423","jutemallow",2.39,6.61
"f45fe71a181e-424","jutemallow",2.39,6.6
"f45fe71a181e-425","jutemallow",2.39,6.6
"f45fe71a181e-426","jutemallow",2.31,6.43
"f45fe71a181e-427","jutemallow",2.29,6.44
"f45fe71a181e-431","jutemallow",2.55,6.49
"f45fe71a181e-433","jutemallow",2.53,6.82
"f45fe71a181e-434","jutemallow",2.5,6.87
"f45fe71a181e-437","jutemallow",2.39,6.59
"f45fe71a181e-438","jutemallow",2.38,6.61
"f45fe71a181e-439","jutemallow",2.41,6.62
"f45fe71a181e-440","jutemallow",2.4,6.6
"f45fe71a181e-441","jutemallow",2.4,6.58
"f45fe71a181e-442","jutemallow",2.39,6.58
"f45fe71a181e-443","jutemallow",2.4,6.58
"f45fe71a181e-444","jutemallow",2.39,6.59
"f45fe71a181e-445","jutemallow",2.38,6.6
"f45fe71a181e-446","jutemallow",2.4,6.58
"f45fe71a181e-447","jutemallow",2.49,6.72
"f45fe71a181e-448","jutemallow",2.47,6.72
"f45fe71a181e-449","jutemallow",2.48,6.82
"f45fe71a181e-450","jutemallow",2.48,6.71
"f45fe71a181e-452","jutemallow",2.47,6.63
"f45fe71a181e-456","jutemallow",2.47,6.66
"f45fe71a181e-457","jutemallow",2.49,6.71
"f45fe71a181e-458","jutemallow",2.47,6.77
"f45fe71a181e-459","jutemallow",2.48,6.71
"f45fe71a181e-460","jutemallow",2.47,6.76
"f45fe71a181e-461","jutemallow",2.48,6.66
"f45fe71a181e-462","jutemallow",2.48,6.67
"f45fe71a181e-463","jutemallow",2.29,6.74
"f45fe71a181e-464","jutemallow",2.3,6.73
"f45fe71a181e-465","jutemallow",2.29,6.64
"f45fe71a181e-466","jutemallow",2.29,6.63
"f45fe71a181e-467","jutemallow",2.31,6.64
"f45fe71a181e-468","jutemallow",2.3,6.64
"f45fe71a181e-469","jutemallow",2.3,6.63
"f45fe71a181e-470","jutemallow",2.28,6.72
"f45fe71a181e-471","jutemallow",2.28,6.74
"f45fe71a181e-472","jutemallow",2.29,6.72
"f45fe71a181e-473","jutemallow",2.29,6.95
"f45fe71a181e-474","jutemallow",2.13,6.84
"f45fe71a181e-475","jutemallow",2.24,6.86
"f45fe71a181e-477","jutemallow",2.9,11.07
"f45fe71a181e-478","jutemallow",2.9,11.07
"f45fe71a181e-479","jutemallow",2.89,11.09
"f45fe71a181e-480","jutemallow",2.9,11.08
"f45fe71a181e-481","jutemallow",2.89,11.08
"f45fe71a181e-482","jutemallow",3,11.16
"f45fe71a181e-483","jutemallow",3,11.17
"f45fe71a181e-484","jutemallow",3,11.16
"f45fe71a181e-485","jutemallow",3.01,11.17
"f45fe71a181e-486","jutemallow",3.01,11.16
"f45fe71a181e-487","jutemallow",3.01,11.16
"f45fe71a181e-488","jutemallow",3,11.16
"f45fe71a181e-489","jutemallow",3,11.16
"f45fe71a181e-490","jutemallow",3.01,11.16
"f45fe71a181e-491","jutemallow",3.01,11.17
"f45fe71a181e-492","jutemallow",2.99,11.16
"f45fe71a181e-493","jutemallow",2.99,11.17
"f45fe71a181e-494","jutemallow",3.01,11.17
"f45fe71a181e-495","jutemallow",3.01,11.17
"f45fe71a181e-496","jutemallow",3,11.18
"f45fe71a181e-497","jutemallow",3,11.18
"f45fe71a181e-498","jutemallow",2.99,11.17
"f45fe71a181e-499","jutemallow",3.01,11.17
"f45fe71a181e-500","jutemallow",3.01,11.17
"7314993d7741-1","okra",3.22,11.99
"7314993d7741-2","okra",3.21,11.98
"7314993d7741-3","okra",3.21,12.01
"7314993d7741-4","okra",3.22,12
"7314993d7741-6","okra",3.21,12
"7314993d7741-7","okra",3.21,11.99
"7314993d7741-8","okra",3.21,11.99
"7314993d7741-9","okra",3.23,11.99
"7314993d7741-10","okra",3.22,11.99
"7314993d7741-11","okra",3.23,11.98
"7314993d7741-12","okra",3.21,12.03
"7314993d7741-13","okra",3.2,12.01
"7314993d7741-14","okra",3.2,12.01
"7314993d7741-15","okra",3.23,11.92
"7314993d7741-16","okra",3.21,12
"7314993d7741-17","okra",3.22,11.97
"7314993d7741-18","okra",3.21,12.04
"7314993d7741-19","okra",3.21,12.04
"7314993d7741-20","okra",3.21,12.04
"7314993d7741-21","okra",2.47,6.71
"7314993d7741-22","okra",2.48,6.71
"7314993d7741-24","okra",2.47,6.73
"7314993d7741-25","okra",2.51,6.67
"7314993d7741-26","okra",2.48,6.72
"7314993d7741-27","okra",2.49,6.65
"7314993d7741-28","okra",2.49,6.67
"7314993d7741-29","okra",2.48,6.72
"7314993d7741-30","okra",2.49,6.72
"7314993d7741-31","okra",2.48,6.7
"7314993d7741-32","okra",2.49,6.71
"7314993d7741-33","okra",2.36,6.59
"7314993d7741-34","okra",2.49,6.73
"7314993d7741-35","okra",2.48,6.71
"7314993d7741-36","okra",2.48,6.7
"7314993d7741-37","okra",2.48,6.71
"7314993d7741-38","okra",2.47,6.71
"7314993d7741-39","okra",2.48,6.71
"7314993d7741-40","okra",2.55,6.52
"7314993d7741-41","okra",2.54,6.48
"7314993d7741-42","okra",2.54,6.47
"7314993d7741-43","okra",2.55,6.5
"7314993d7741-44","okra",2.54,6.48
"7314993d7741-45","okra",2.56,6.49
"7314993d7741-46","okra",2.54,6.49
"7314993d7741-47","okra",2.54,6.54
"7314993d7741-48","okra",2.56,6.49
"7314993d7741-49","okra",2.54,6.47
"7314993d7741-50","okra",2.54,6.5
"7314993d7741-51","okra",3.39,11.79
"7314993d7741-52","okra",3.38,11.79
"7314993d7741-53","okra",3.4,11.79
"7314993d7741-54","okra",3.39,11.81
"7314993d7741-55","okra",3.39,11.8
"7314993d7741-56","okra",3.39,11.81
"7314993d7741-57","okra",3.39,11.8
"7314993d7741-58","okra",3.38,11.79
"7314993d7741-59","okra",3.39,11.8
"7314993d7741-60","okra",3.4,11.81
"7314993d7741-61","okra",3.39,11.81
"7314993d7741-62","okra",3.39,11.8
"7314993d7741-63","okra",3.44,11.85
"7314993d7741-64","okra",3.44,11.84
"7314993d7741-65","okra",3.42,11.87
"7314993d7741-66","okra",3.43,11.85
"7314993d7741-67","okra",3.42,11.85
"7314993d7741-68","okra",3.42,11.85
"7314993d7741-69","okra",3.42,11.85
"7314993d7741-70","okra",3.44,11.85
"7314993d7741-71","okra",2.42,6.92
"7314993d7741-72","okra",2.42,6.94
"7314993d7741-73","okra",2.41,6.92
"7314993d7741-77","okra",2.46,6.8
"7314993d7741-78","okra",2.46,6.81
"7314993d7741-79","okra",2.48,6.8
"7314993d7741-80","okra",2.48,6.81
"7314993d7741-81","okra",2.47,6.8
"7314993d7741-82","okra",2.46,6.78
"7314993d7741-83","okra",2.47,6.81
"7314993d7741-84","okra",2.48,6.8
"7314993d7741-85","okra",2.42,6.93
"7314993d7741-86","okra",2.47,6.82
"7314993d7741-87","okra",2.47,6.83
"7314993d7741-88","okra",2.52,6.87
"7314993d7741-89","okra",2.52,6.88
"7314993d7741-90","okra",2.39,6.38
"7314993d7741-91","okra",2.41,6.54
"7314993d7741-92","okra",2.41,6.55
"7314993d7741-93","okra",2.4,6.56
"7314993d7741-94","okra",2.4,6.56
"7314993d7741-95","okra",2.39,6.39
"7314993d7741-96","okra",2.4,6.53
"7314993d7741-97","okra",2.44,6.53
"7314993d7741-98","okra",2.43,6.53
"7314993d7741-99","okra",2.39,6.59
"7314993d7741-100","okra",2.4,6.53
"7314993d7741-101","okra",2.56,6.49
"7314993d7741-102","okra",2.53,6.48
"7314993d7741-103","okra",2.55,6.48
"7314993d7741-104","okra",2.56,6.5
"7314993d7741-105","okra",2.54,6.5
"7314993d7741-106","okra",2.54,6.47
"7314993d7741-107","okra",2.53,6.47
"7314993d7741-108","okra",2.54,6.49
"7314993d7741-109","okra",2.54,6.5
"7314993d7741-110","okra",2.54,6.49
"7314993d7741-111","okra",2.53,6.54
"7314993d7741-112","okra",2.53,6.52
"7314993d7741-113","okra",2.55,6.51
"7314993d7741-114","okra",2.53,6.54
"7314993d7741-115","okra",2.54,6.49
"7314993d7741-116","okra",2.55,6.55
"7314993d7741-117","okra",2.54,6.53
"7314993d7741-118","okra",2.53,6.54
"7314993d7741-119","okra",2.53,6.54
"7314993d7741-120","okra",2.54,6.54
"7314993d7741-121","okra",1.79,6.28
"7314993d7741-122","okra",1.79,6.26
"7314993d7741-123","okra",1.79,6.27
"7314993d7741-124","okra",1.81,6.29
"7314993d7741-125","okra",1.77,6.27
"7314993d7741-126","okra",1.79,6.27
"7314993d7741-127","okra",1.76,6.25
"7314993d7741-128","okra",2.39,6.58
"7314993d7741-129","okra",2.39,6.56
"7314993d7741-130","okra",2.41,6.53
"7314993d7741-131","okra",2.43,6.53
"7314993d7741-132","okra",2.41,6.53
"7314993d7741-133","okra",2.39,6.55
"7314993d7741-134","okra",2.41,6.54
"7314993d7741-135","okra",2.38,6.38
"7314993d7741-136","okra",2.4,6.54
"7314993d7741-137","okra",2.4,6.56
"7314993d7741-138","okra",2.4,6.53
"7314993d7741-139","okra",2.38,6.6
"7314993d7741-140","okra",2.39,6.58
"7314993d7741-141","okra",2.42,6.93
"7314993d7741-142","okra",2.44,6.93
"7314993d7741-143","okra",2.42,6.93
"7314993d7741-144","okra",2.42,6.92
"7314993d7741-145","okra",2.42,6.94
"7314993d7741-146","okra",2.42,6.92
"7314993d7741-147","okra",2.42,6.93
"7314993d7741-149","okra",2.46,6.82
"7314993d7741-151","okra",2.55,6.48
"7314993d7741-152","okra",2.56,6.48
"7314993d7741-153","okra",2.54,6.5
"7314993d7741-154","okra",2.58,6.5
"7314993d7741-155","okra",2.54,6.5
"7314993d7741-156","okra",2.57,6.49
"7314993d7741-157","okra",2.54,6.52
"7314993d7741-158","okra",2.54,6.51
"7314993d7741-159","okra",2.54,6.51
"7314993d7741-160","okra",2.55,6.54
"7314993d7741-161","okra",2.4,6.36
"7314993d7741-162","okra",2.28,6.42
"7314993d7741-163","okra",2.32,6.35
"7314993d7741-164","okra",2.37,6.59
"7314993d7741-165","okra",2.35,6.62
"7314993d7741-166","okra",2.24,6.48
"7314993d7741-167","okra",2.3,6.52
"7314993d7741-168","okra",2.25,6.47
"7314993d7741-169","okra",2.39,6.36
"7314993d7741-170","okra",2.25,6.45
"7314993d7741-171","okra",3.39,11.82
"7314993d7741-172","okra",3.4,11.8
"7314993d7741-173","okra",3.4,11.83
"7314993d7741-174","okra",3.41,11.85
"7314993d7741-175","okra",3.41,11.83
"7314993d7741-176","okra",3.41,11.86
"7314993d7741-177","okra",3.42,11.84
"7314993d7741-178","okra",3.42,11.84
"7314993d7741-179","okra",3.42,11.86
"7314993d7741-180","okra",3.41,11.84
"7314993d7741-181","okra",3.4,11.81
"7314993d7741-182","okra",3.38,11.82
"7314993d7741-183","okra",3.21,12
"7314993d7741-184","okra",3.38,11.8
"7314993d7741-185","okra",3.42,11.85
"7314993d7741-186","okra",3.42,11.86
"7314993d7741-187","okra",3.43,11.85
"7314993d7741-188","okra",3.38,11.82
"7314993d7741-189","okra",3.38,11.81
"7314993d7741-190","okra",3.39,11.81
"7314993d7741-191","okra",2.55,6.48
"7314993d7741-192","okra",2.57,6.49
"7314993d7741-193","okra",2.53,6.54
"7314993d7741-194","okra",2.54,6.49
"7314993d7741-195","okra",2.57,6.48
"7314993d7741-196","okra",2.56,6.5
"7314993d7741-197","okra",2.56,6.5
"7314993d7741-198","okra",2.54,6.5
"7314993d7741-199","okra",2.54,6.52
"7314993d7741-200","okra",2.55,6.54
"7314993d7741-201","okra",2.4,6.4
"7314993d7741-202","okra",2.39,6.39
"7314993d7741-203","okra",2.4,6.4
"7314993d7741-204","okra",2.37,6.39
"7314993d7741-205","okra",2.4,6.53
"7314993d7741-206","okra",2.4,6.53
"7314993d7741-207","okra",2.39,6.54
"7314993d7741-208","okra",2.39,6.53
"7314993d7741-209","okra",2.42,6.55
"7314993d7741-210","okra",2.41,6.55
"7314993d7741-211","okra",2.41,6.55
"7314993d7741-212","okra",2.4,6.56
"7314993d7741-213","okra",2.45,6.56
"7314993d7741-214","okra",2.42,6.55
"7314993d7741-215","okra",2.42,6.56
"7314993d7741-216","okra",2.39,6.39
"7314993d7741-217","okra",2.43,6.55
"7314993d7741-218","okra",2.45,6.57
"7314993d7741-219","okra",2.43,6.53
"7314993d7741-220","okra",2.4,6.57
"7314993d7741-224","okra",1.8,7.04
"7314993d7741-225","okra",1.81,7.06
"7314993d7741-226","okra",1.79,7.05
"7314993d7741-227","okra",1.81,7.05
"7314993d7741-228","okra",1.81,7.04
"7314993d7741-229","okra",1.81,7.04
"7314993d7741-230","okra",1.81,7.04
"7314993d7741-232","okra",1.8,7.05
"7314993d7741-235","okra",1.79,7.04
"7314993d7741-236","okra",1.8,7.06
"7314993d7741-238","okra",1.82,7.05
"7314993d7741-240","okra",1.84,6.99
"7314993d7741-241","okra",1.73,6.76
"7314993d7741-242","okra",1.71,6.76
"7314993d7741-243","okra",1.73,6.75
"7314993d7741-244","okra",1.73,6.75
"7314993d7741-245","okra",1.73,6.75
"7314993d7741-246","okra",1.79,6.81
"7314993d7741-247","okra",1.78,6.81
"7314993d7741-248","okra",1.79,6.82
"7314993d7741-249","okra",1.81,6.85
"7314993d7741-251","okra",1.79,6.81
"7314993d7741-252","okra",1.76,6.81
"7314993d7741-253","okra",1.71,6.75
"7314993d7741-254","okra",1.72,6.75
"7314993d7741-255","okra",1.73,6.77
"7314993d7741-256","okra",1.72,6.76
"7314993d7741-257","okra",1.77,6.8
"7314993d7741-258","okra",1.71,6.75
"7314993d7741-259","okra",1.78,6.81
"7314993d7741-260","okra",1.72,6.76
"7314993d7741-261","okra",1.71,6.77
"7314993d7741-262","okra",1.73,6.77
"7314993d7741-263","okra",1.72,6.76
"7314993d7741-264","okra",1.72,6.77
"7314993d7741-265","okra",2.03,6.7
"7314993d7741-266","okra",2.02,6.66
"7314993d7741-267","okra",1.97,6.61
"7314993d7741-269","okra",1.95,6.62
"7314993d7741-270","okra",1.83,6.49
"7314993d7741-271","okra",1.8,6.49
"7314993d7741-272","okra",1.82,6.55
"7314993d7741-273","okra",1.82,6.5
"7314993d7741-274","okra",1.81,6.57
"7314993d7741-275","okra",1.81,6.55
"7314993d7741-276","okra",1.86,6.57
"7314993d7741-277","okra",1.84,6.57
"7314993d7741-278","okra",1.83,6.59
"7314993d7741-279","okra",1.81,6.61
"7314993d7741-280","okra",1.86,6.62
"7314993d7741-281","okra",1.79,6.62
"7314993d7741-282","okra",1.82,6.67
"7314993d7741-283","okra",1.83,6.64
"7314993d7741-284","okra",1.82,6.66
"7314993d7741-285","okra",1.83,6.65
"7314993d7741-287","okra",1.82,6.48
"7314993d7741-288","okra",3.22,12.02
"7314993d7741-289","okra",3.21,12.03
"7314993d7741-290","okra",3.21,12.04
"7314993d7741-291","okra",3.21,12.02
"7314993d7741-292","okra",3.2,12.04
"7314993d7741-293","okra",3.21,12.03
"7314993d7741-294","okra",3.21,12.02
"7314993d7741-295","okra",3.18,12.11
"7314993d7741-296","okra",3.19,12.1
"7314993d7741-297","okra",3.17,12.11
"7314993d7741-298","okra",3.21,12.03
"7314993d7741-299","okra",3.21,12.03
"7314993d7741-300","okra",3.21,12.02
"7314993d7741-301","okra",3.21,12.04
"7314993d7741-302","okra",3.23,11.94
"7314993d7741-303","okra",3.25,11.94
"7314993d7741-304","okra",3.23,11.94
"7314993d7741-305","okra",3.24,11.93
"7314993d7741-307","okra",3.23,11.94
"7314993d7741-308","okra",3.24,11.93
"7314993d7741-309","okra",3.23,11.93
"7314993d7741-310","okra",3.23,11.95
"7314993d7741-311","okra",3.25,11.94
"7314993d7741-312","okra",3.23,11.95
"7314993d7741-313","okra",3.23,11.94
"7314993d7741-314","okra",3.52,11.77
"7314993d7741-315","okra",3.52,11.74
"7314993d7741-316","okra",3.52,11.75
"7314993d7741-317","okra",3.52,11.74
"7314993d7741-318","okra",3.51,11.76
"7314993d7741-319","okra",3.53,11.76
"7314993d7741-320","okra",3.52,11.76
"7314993d7741-323","okra",2.94,11.13
"7314993d7741-325","okra",3.4,11.81
"7314993d7741-326","okra",2.03,6.65
"7314993d7741-327","okra",1.96,6.6
"7314993d7741-328","okra",1.92,6.62
"7314993d7741-329","okra",1.97,6.62
"7314993d7741-330","okra",1.95,6.62
"7314993d7741-331","okra",2.04,6.66
"7314993d7741-332","okra",2.03,6.65
"7314993d7741-333","okra",2.04,6.65
"7314993d7741-334","okra",2.03,6.65
"7314993d7741-335","okra",1.96,6.63
"7314993d7741-336","okra",2.04,6.66
"7314993d7741-337","okra",2.04,6.65
"7314993d7741-338","okra",1.96,6.63
"7314993d7741-339","okra",1.95,6.61
"7314993d7741-340","okra",1.96,6.6
"7314993d7741-341","okra",2.02,6.66
"7314993d7741-343","okra",2.03,6.65
"7314993d7741-344","okra",2.03,6.66
"7314993d7741-345","okra",2.03,6.65
"7314993d7741-346","okra",1.96,6.62
"7314993d7741-347","okra",1.96,6.61
"7314993d7741-348","okra",2.03,6.67
"7314993d7741-349","okra",1.96,6.63
"7314993d7741-350","okra",1.96,6.62
"7314993d7741-351","okra",1.95,6.61
"7314993d7741-352","okra",1.95,6.61
"7314993d7741-353","okra",1.96,6.63
"7314993d7741-354","okra",1.96,6.6
"7314993d7741-356","okra",3.23,11.98
"7314993d7741-357","okra",3.21,11.99
"7314993d7741-358","okra",3.22,11.99
"7314993d7741-360","okra",3.22,11.99
"7314993d7741-362","okra",3.23,11.98
"7314993d7741-363","okra",3.23,11.99
"7314993d7741-365","okra",3.21,12.01
"7314993d7741-367","okra",2.27,7.31
"7314993d7741-368","okra",2.3,7.21
"7314993d7741-369","okra",2.35,7.24
"7314993d7741-371","okra",2.31,7.22
"7314993d7741-373","okra",2.31,7.2
"7314993d7741-374","okra",2.34,7.21
"7314993d7741-376","okra",2.31,7.21
"7314993d7741-378","okra",2.31,7.22
"7314993d7741-379","okra",2.3,7.23
"7314993d7741-381","okra",2.37,7.23
"7314993d7741-382","okra",3.38,11.83
"7314993d7741-384","okra",2.93,11.13
"7314993d7741-385","okra",2.95,11.15
"7314993d7741-387","okra",1.95,6.63
"7314993d7741-389","okra",1.72,6.65
"7314993d7741-391","okra",1.71,6.64
"7314993d7741-392","okra",1.71,6.63
"7314993d7741-394","okra",1.71,6.63
"7314993d7741-395","okra",1.7,6.63
"7314993d7741-397","okra",1.71,6.64
"7314993d7741-398","okra",1.7,6.64
"7314993d7741-400","okra",1.67,6.72
"7314993d7741-402","okra",2.49,6.63
"7314993d7741-404","okra",1.91,6.41
"7314993d7741-405","okra",1.79,6.27
"7314993d7741-406","okra",3.39,11.81
"7314993d7741-408","okra",1.85,6.38
"7314993d7741-410","okra",3.21,12
"7314993d7741-411","okra",3.22,11.93
"7314993d7741-413","okra",1.82,6.49
"7314993d7741-415","okra",3.24,11.93
"7314993d7741-416","okra",1.82,6.49
"7314993d7741-417","okra",3.23,11.94
"7314993d7741-420","okra",1.81,6.55
"7314993d7741-421","okra",3.23,11.95
"7314993d7741-422","okra",3.4,11.81
"7314993d7741-424","okra",3.4,11.79
"7314993d7741-426","okra",3.38,11.8
"7314993d7741-427","okra",3.39,11.81
"7314993d7741-429","okra",3.39,11.8
"7314993d7741-431","okra",3.39,11.81
"7314993d7741-432","okra",3.4,11.8
"7314993d7741-433","okra",3.4,11.81
"7314993d7741-435","okra",3.4,11.8
"7314993d7741-437","okra",3.39,11.8
"7314993d7741-439","okra",3.38,11.8
"7314993d7741-440","okra",3.38,11.81
"7314993d7741-442","okra",3.38,11.81
"7314993d7741-443","okra",3.4,11.82
"7314993d7741-445","okra",3.38,11.82
"7314993d7741-446","okra",3.39,11.81
"7314993d7741-448","okra",3.38,11.81
"7314993d7741-450","okra",3.21,11.99
"7314993d7741-451","okra",3.39,11.81
"7314993d7741-453","okra",3.39,11.83
"7314993d7741-455","okra",3.01,11.17
"7314993d7741-456","okra",2.95,11.18
"7314993d7741-457","okra",2.91,11.08
"7314993d7741-459","okra",2.9,11.09
"7314993d7741-461","okra",2.9,11.08
"7314993d7741-463","okra",2.89,11.08
"7314993d7741-464","okra",2.91,11.07
"7314993d7741-466","okra",2.94,11.14
"7314993d7741-467","okra",3.38,11.82
"7314993d7741-468","okra",3.39,11.82
"7314993d7741-471","okra",2.94,11.14
"7314993d7741-472","okra",2.94,11.14
"7314993d7741-474","okra",2.93,11.13
"7314993d7741-475","okra",2.53,6.53
"7314993d7741-477","okra",2.53,6.54
"7314993d7741-479","okra",2.94,11.15
"7314993d7741-480","okra",2.54,6.53
"7314993d7741-482","okra",2.54,6.52
"7314993d7741-484","okra",2.9,11.09
"7314993d7741-485","okra",2.99,11.16
"7314993d7741-486","okra",3,11.16
"7314993d7741-490","okra",2.53,6.53
"7314993d7741-491","okra",2.55,6.54
"7314993d7741-493","okra",3.04,11.34
"7314993d7741-495","okra",2.94,11.14
"7314993d7741-496","okra",2.94,11.14
"1fc146359dc3-2","jutemallow",-7.87,12.47
"1fc146359dc3-3","jutemallow",-7.86,12.46
"1fc146359dc3-4","jutemallow",-7.87,12.46
"1fc146359dc3-5","jutemallow",-7.88,12.47
"1fc146359dc3-6","jutemallow",-7.86,12.48
"1fc146359dc3-7","jutemallow",-7.87,12.46
"1fc146359dc3-8","jutemallow",-7.85,12.49
"1fc146359dc3-10","jutemallow",-7.87,12.46
"1fc146359dc3-11","jutemallow",-7.86,12.5
"1fc146359dc3-12","jutemallow",-7.83,12.49
"1fc146359dc3-13","jutemallow",-7.83,12.49
"1fc146359dc3-16","jutemallow",-7.82,12.49
"1fc146359dc3-17","jutemallow",-7.85,12.49
"1fc146359dc3-18","jutemallow",-7.85,12.5
"1fc146359dc3-19","jutemallow",-7.74,12.63
"1fc146359dc3-20","jutemallow",-7.74,12.63
"1fc146359dc3-21","jutemallow",-7.74,12.62
"1fc146359dc3-22","jutemallow",-7.76,12.64
"1fc146359dc3-23","jutemallow",-7.76,12.63
"1fc146359dc3-24","jutemallow",-7.75,12.63
"1fc146359dc3-25","jutemallow",-7.76,12.63
"1fc146359dc3-26","jutemallow",-7.76,12.64
"1fc146359dc3-27","jutemallow",-7.76,12.64
"1fc146359dc3-28","jutemallow",-7.75,12.63
"1fc146359dc3-29","jutemallow",-7.75,12.62
"1fc146359dc3-30","jutemallow",-7.76,12.62
"1fc146359dc3-31","jutemallow",-7.75,12.63
"1fc146359dc3-32","jutemallow",-7.75,12.65
"1fc146359dc3-33","jutemallow",-7.76,12.63
"1fc146359dc3-34","jutemallow",-7.76,12.63
"1fc146359dc3-35","jutemallow",-7.76,12.64
"1fc146359dc3-36","jutemallow",-7.74,12.64
"1fc146359dc3-37","jutemallow",-7.72,12.72
"1fc146359dc3-38","jutemallow",-7.72,12.71
"1fc146359dc3-39","jutemallow",-7.7,12.71
"1fc146359dc3-40","jutemallow",-7.72,12.71
"1fc146359dc3-41","jutemallow",-7.71,12.7
"1fc146359dc3-42","jutemallow",-7.72,12.71
"1fc146359dc3-43","jutemallow",-7.73,12.71
"1fc146359dc3-44","jutemallow",-7.72,12.71
"1fc146359dc3-45","jutemallow",-7.7,12.7
"1fc146359dc3-46","jutemallow",-7.7,12.69
"1fc146359dc3-47","jutemallow",-7.71,12.7
"1fc146359dc3-48","jutemallow",-7.71,12.69
"1fc146359dc3-49","jutemallow",-7.7,12.7
"1fc146359dc3-50","jutemallow",-7.72,12.71
"1fc146359dc3-51","jutemallow",-7.72,12.71
"1fc146359dc3-52","jutemallow",-7.7,12.7
"1fc146359dc3-53","jutemallow",-7.72,12.7
"1fc146359dc3-54","jutemallow",-7.71,12.71
"1fc146359dc3-56","jutemallow",-8.08,12.5
"1fc146359dc3-68","jutemallow",-8.07,12.53
"1fc146359dc3-71","jutemallow",-8.09,12.52
"1fc146359dc3-73","jutemallow",-7.57,12.84
"1fc146359dc3-74","jutemallow",-7.57,12.86
"1fc146359dc3-75","jutemallow",-7.58,12.85
"1fc146359dc3-76","jutemallow",-7.58,12.86
"1fc146359dc3-77","jutemallow",-7.56,12.86
"1fc146359dc3-78","jutemallow",-7.58,12.85
"1fc146359dc3-79","jutemallow",-7.56,12.85
"1fc146359dc3-80","jutemallow",-7.57,12.85
"1fc146359dc3-81","jutemallow",-7.56,12.86
"1fc146359dc3-82","jutemallow",-7.58,12.85
"1fc146359dc3-83","jutemallow",-7.56,12.86
"1fc146359dc3-84","jutemallow",-7.56,12.85
"1fc146359dc3-85","jutemallow",-7.58,12.85
"1fc146359dc3-86","jutemallow",-7.57,12.85
"1fc146359dc3-87","jutemallow",-7.56,12.85
"1fc146359dc3-88","jutemallow",-7.56,12.85
"1fc146359dc3-89","jutemallow",-7.57,12.85
"1fc146359dc3-91","jutemallow",-7.97,12.39
"1fc146359dc3-92","jutemallow",-7.96,12.4
"1fc146359dc3-93","jutemallow",-7.96,12.4
"1fc146359dc3-94","jutemallow",-7.96,12.39
"1fc146359dc3-95","jutemallow",-7.96,12.4
"1fc146359dc3-96","jutemallow",-7.94,12.38
"1fc146359dc3-97","jutemallow",-7.98,12.38
"1fc146359dc3-98","jutemallow",-7.97,12.39
"1fc146359dc3-99","jutemallow",-7.97,12.4
"1fc146359dc3-100","jutemallow",-7.96,12.38
"1fc146359dc3-101","jutemallow",-7.96,12.4
"1fc146359dc3-102","jutemallow",-7.96,12.4
"1fc146359dc3-103","jutemallow",-7.97,12.39
"1fc146359dc3-104","jutemallow",-7.95,12.39
"1fc146359dc3-105","jutemallow",-7.97,12.4
"1fc146359dc3-106","jutemallow",-7.96,12.37
"1fc146359dc3-107","jutemallow",-7.96,12.39
"1fc146359dc3-108","jutemallow",-7.97,12.4
"1fc146359dc3-109","jutemallow",-8.38,12.42
"1fc146359dc3-110","jutemallow",-8.37,12.4
"1fc146359dc3-111","jutemallow",-8.38,12.4
"1fc146359dc3-112","jutemallow",-8.38,12.42
"1fc146359dc3-114","jutemallow",-8.32,12.34
"1fc146359dc3-115","jutemallow",-8.34,12.33
"1fc146359dc3-116","jutemallow",-8.34,12.35
"1fc146359dc3-117","jutemallow",-8.39,12.4
"1fc146359dc3-118","jutemallow",-8.39,12.41
"1fc146359dc3-119","jutemallow",-8.39,12.42
"1fc146359dc3-120","jutemallow",-8.38,12.4
"1fc146359dc3-121","jutemallow",-8.39,12.4
"1fc146359dc3-125","jutemallow",-8.38,12.42
"1fc146359dc3-127","jutemallow",-7.87,13.23
"1fc146359dc3-128","jutemallow",-7.86,13.22
"1fc146359dc3-129","jutemallow",-7.87,13.23
"1fc146359dc3-130","jutemallow",-7.86,13.23
"1fc146359dc3-131","jutemallow",-7.86,13.22
"1fc146359dc3-132","jutemallow",-7.86,13.23
"1fc146359dc3-133","jutemallow",-7.87,13.23
"1fc146359dc3-134","jutemallow",-7.87,13.24
"1fc146359dc3-135","jutemallow",-7.87,13.23
"1fc146359dc3-136","jutemallow",-7.86,13.24
"1fc146359dc3-137","jutemallow",-7.85,13.23
"1fc146359dc3-138","jutemallow",-7.88,13.23
"1fc146359dc3-139","jutemallow",-7.87,13.22
"1fc146359dc3-140","jutemallow",-7.87,13.22
"1fc146359dc3-141","jutemallow",-7.86,13.22
"1fc146359dc3-142","jutemallow",-7.86,13.23
"1fc146359dc3-143","jutemallow",-7.86,13.22
"1fc146359dc3-144","jutemallow",-7.86,13.23
"1fc146359dc3-145","jutemallow",-7.91,13.1
"1fc146359dc3-146","jutemallow",-7.92,13.09
"1fc146359dc3-147","jutemallow",-7.91,13.09
"1fc146359dc3-148","jutemallow",-7.85,13.22
"1fc146359dc3-149","jutemallow",-7.91,13.1
"1fc146359dc3-150","jutemallow",-7.92,13.09
"1fc146359dc3-151","jutemallow",-7.93,13.1
"1fc146359dc3-152","jutemallow",-7.92,13.11
"1fc146359dc3-153","jutemallow",-7.92,13.11
"1fc146359dc3-154","jutemallow",-7.91,13.11
"1fc146359dc3-155","jutemallow",-7.91,13.11
"1fc146359dc3-157","jutemallow",-7.84,13.21
"1fc146359dc3-158","jutemallow",-7.93,13.1
"1fc146359dc3-159","jutemallow",-7.92,13.1
"1fc146359dc3-160","jutemallow",-7.86,13.22
"1fc146359dc3-161","jutemallow",-7.91,13.1
"1fc146359dc3-162","jutemallow",-7.96,13.08
"1fc146359dc3-163","jutemallow",-7.99,13.03
"1fc146359dc3-164","jutemallow",-7.98,13.02
"1fc146359dc3-165","jutemallow",-7.99,13.01
"1fc146359dc3-166","jutemallow",-7.98,13.02
"1fc146359dc3-167","jutemallow",-8,13.01
"1fc146359dc3-168","jutemallow",-7.98,13.01
"1fc146359dc3-169","jutemallow",-7.99,13.03
"1fc146359dc3-170","jutemallow",-7.95,13.06
"1fc146359dc3-171","jutemallow",-7.96,13.07
"1fc146359dc3-172","jutemallow",-7.94,13.09
"1fc146359dc3-173","jutemallow",-7.94,13.07
"1fc146359dc3-174","jutemallow",-7.94,13.08
"1fc146359dc3-175","jutemallow",-7.95,13.06
"1fc146359dc3-176","jutemallow",-7.96,13.09
"1fc146359dc3-177","jutemallow",-7.85,13.03
"1fc146359dc3-178","jutemallow",-7.87,13.03
"1fc146359dc3-179","jutemallow",-7.86,13.04
"1fc146359dc3-180","jutemallow",-7.86,13.04
"2ab3d2834ddc-1","okra",-7.87,12.48
"2ab3d2834ddc-2","okra",-7.87,12.47
"2ab3d2834ddc-3","okra",-7.85,12.47
"2ab3d2834ddc-4","okra",-7.86,12.46
"2ab3d2834ddc-5","okra",-7.87,12.49
"2ab3d2834ddc-6","okra",-7.87,12.48
"2ab3d2834ddc-7","okra",-7.88,12.47
"2ab3d2834ddc-8","okra",-7.87,12.47
"2ab3d2834ddc-9","okra",-7.86,12.47
"2ab3d2834ddc-10","okra",-7.87,12.47
"2ab3d2834ddc-11","okra",-7.86,12.47
"2ab3d2834ddc-12","okra",-7.87,12.47
"2ab3d2834ddc-13","okra",-7.87,12.47
"2ab3d2834ddc-14","okra",-7.86,12.47
"2ab3d2834ddc-15","okra",-7.84,12.5
"2ab3d2834ddc-16","okra",-7.84,12.5
"2ab3d2834ddc-17","okra",-7.83,12.48
"2ab3d2834ddc-18","okra",-7.84,12.48
"2ab3d2834ddc-19","okra",-7.85,12.5
"2ab3d2834ddc-20","okra",-7.83,12.49
"2ab3d2834ddc-21","okra",-7.84,12.5
"2ab3d2834ddc-22","okra",-7.84,12.49
"2ab3d2834ddc-23","okra",-7.83,12.5
"2ab3d2834ddc-24","okra",-7.85,12.5
"2ab3d2834ddc-25","okra",-7.84,12.5
"2ab3d2834ddc-26","okra",-7.76,12.74
"2ab3d2834ddc-27","okra",-7.75,12.72
"2ab3d2834ddc-28","okra",-7.74,12.73
"2ab3d2834ddc-29","okra",-7.75,12.74
"2ab3d2834ddc-30","okra",-7.75,12.74
"2ab3d2834ddc-31","okra",-7.75,12.72
"2ab3d2834ddc-32","okra",-7.75,12.74
"2ab3d2834ddc-33","okra",-7.74,12.74
"2ab3d2834ddc-34","okra",-7.75,12.73
"2ab3d2834ddc-35","okra",-7.76,12.73
"2ab3d2834ddc-36","okra",-7.74,12.74
"2ab3d2834ddc-37","okra",-7.76,12.74
"2ab3d2834ddc-38","okra",-7.74,12.74
"2ab3d2834ddc-39","okra",-7.75,12.72
"2ab3d2834ddc-40","okra",-7.75,12.73
"2ab3d2834ddc-41","okra",-7.75,12.65
"2ab3d2834ddc-42","okra",-7.75,12.62
"2ab3d2834ddc-43","okra",-7.76,12.63
"2ab3d2834ddc-44","okra",-7.76,12.64
"2ab3d2834ddc-45","okra",-7.76,12.64
"2ab3d2834ddc-46","okra",-7.76,12.64
"2ab3d2834ddc-47","okra",-7.74,12.64
"2ab3d2834ddc-48","okra",-7.74,12.62
"2ab3d2834ddc-49","okra",-7.75,12.62
"2ab3d2834ddc-50","okra",-7.74,12.63
"2ab3d2834ddc-51","okra",-7.71,12.7
"2ab3d2834ddc-52","okra",-7.7,12.71
"2ab3d2834ddc-53","okra",-7.71,12.71
"2ab3d2834ddc-54","okra",-7.69,12.7
"2ab3d2834ddc-55","okra",-7.7,12.71
"2ab3d2834ddc-56","okra",-7.94,12.58
"2ab3d2834ddc-57","okra",-7.72,12.71
"2ab3d2834ddc-58","okra",-7.69,12.71
"2ab3d2834ddc-59","okra",-7.72,12.7
"2ab3d2834ddc-60","okra",-7.7,12.71
"2ab3d2834ddc-61","okra",-7.7,12.71
"2ab3d2834ddc-62","okra",-7.71,12.69
"2ab3d2834ddc-63","okra",-7.71,12.71
"2ab3d2834ddc-64","okra",-7.71,12.7
"2ab3d2834ddc-65","okra",-7.93,12.59
"2ab3d2834ddc-66","okra",-7.7,12.72
"2ab3d2834ddc-67","okra",-7.72,12.71
"2ab3d2834ddc-68","okra",-7.69,12.7
"2ab3d2834ddc-69","okra",-7.72,12.7
"2ab3d2834ddc-70","okra",-7.73,12.71
"2ab3d2834ddc-71","okra",-7.7,12.7
"2ab3d2834ddc-72","okra",-7.72,12.73
"2ab3d2834ddc-73","okra",-7.92,12.58
"2ab3d2834ddc-74","okra",-7.7,12.71
"2ab3d2834ddc-75","okra",-7.69,12.71
"2ab3d2834ddc-77","okra",-8.09,12.51
"2ab3d2834ddc-78","okra",-8.07,12.52
"2ab3d2834ddc-79","okra",-8.08,12.51
"2ab3d2834ddc-80","okra",-8.07,12.53
"2ab3d2834ddc-81","okra",-8.07,12.49
"2ab3d2834ddc-82","okra",-8.08,12.51
"2ab3d2834ddc-83","okra",-8.08,12.52
"2ab3d2834ddc-85","okra",-8.09,12.52
"2ab3d2834ddc-86","okra",-8.08,12.53
"2ab3d2834ddc-87","okra",-8.07,12.52
"2ab3d2834ddc-88","okra",-8.08,12.52
"2ab3d2834ddc-89","okra",-8.08,12.51
"2ab3d2834ddc-90","okra",-8.07,12.52
"2ab3d2834ddc-94","okra",-8.08,12.52
"2ab3d2834ddc-95","okra",-8.09,12.53
"2ab3d2834ddc-96","okra",-8.07,12.51
"2ab3d2834ddc-97","okra",-8.09,12.51
"2ab3d2834ddc-98","okra",-8.06,12.54
"2ab3d2834ddc-99","okra",-8.06,12.53
"2ab3d2834ddc-100","okra",-8.07,12.52
"2ab3d2834ddc-101","okra",-7.57,12.86
"2ab3d2834ddc-102","okra",-7.58,12.84
"2ab3d2834ddc-103","okra",-7.56,12.85
"2ab3d2834ddc-104","okra",-7.56,12.85
"2ab3d2834ddc-105","okra",-7.58,12.85
"2ab3d2834ddc-106","okra",-7.61,12.86
"2ab3d2834ddc-107","okra",-7.57,12.85
"2ab3d2834ddc-108","okra",-7.41,13.56
"2ab3d2834ddc-109","okra",-7.58,12.84
"2ab3d2834ddc-110","okra",-7.57,12.85
"2ab3d2834ddc-111","okra",-7.56,12.85
"2ab3d2834ddc-112","okra",-7.57,12.85
"2ab3d2834ddc-113","okra",-7.57,12.84
"2ab3d2834ddc-114","okra",-7.56,12.86
"2ab3d2834ddc-115","okra",-7.56,12.85
"2ab3d2834ddc-116","okra",-7.58,12.85
"2ab3d2834ddc-117","okra",-7.57,12.85
"2ab3d2834ddc-118","okra",-7.57,12.85
"2ab3d2834ddc-119","okra",-7.58,12.84
"2ab3d2834ddc-120","okra",-7.58,12.84
"2ab3d2834ddc-121","okra",-7.56,12.84
"2ab3d2834ddc-122","okra",-7.56,12.84
"2ab3d2834ddc-123","okra",-7.56,12.86
"2ab3d2834ddc-124","okra",-7.61,12.82
"2ab3d2834ddc-125","okra",-7.57,12.84
"2ab3d2834ddc-126","okra",-7.97,12.38
"2ab3d2834ddc-127","okra",-7.95,12.4
"2ab3d2834ddc-128","okra",-7.96,12.4
"2ab3d2834ddc-129","okra",-7.96,12.4
"2ab3d2834ddc-130","okra",-7.97,12.4
"2ab3d2834ddc-131","okra",-7.96,12.39
"2ab3d2834ddc-132","okra",-7.97,12.4
"2ab3d2834ddc-133","okra",-7.96,12.38
"2ab3d2834ddc-134","okra",-7.97,12.38
"2ab3d2834ddc-135","okra",-7.96,12.39
"2ab3d2834ddc-136","okra",-7.97,12.38
"2ab3d2834ddc-137","okra",-7.96,12.39
"2ab3d2834ddc-138","okra",-7.97,12.4
"2ab3d2834ddc-139","okra",-7.96,12.38
"2ab3d2834ddc-140","okra",-7.97,12.39
"2ab3d2834ddc-141","okra",-7.96,12.39
"2ab3d2834ddc-142","okra",-7.96,12.38
"2ab3d2834ddc-143","okra",-7.97,12.39
"2ab3d2834ddc-144","okra",-7.95,12.39
"2ab3d2834ddc-145","okra",-7.97,12.39
"2ab3d2834ddc-146","okra",-7.95,12.39
"2ab3d2834ddc-147","okra",-7.97,12.39
"2ab3d2834ddc-148","okra",-7.96,12.39
"2ab3d2834ddc-149","okra",-7.97,12.38
"2ab3d2834ddc-150","okra",-7.96,12.38
"2ab3d2834ddc-151","okra",-8.29,12.32
"2ab3d2834ddc-152","okra",-8.29,12.32
"2ab3d2834ddc-153","okra",-8.28,12.3
"2ab3d2834ddc-155","okra",-8.29,12.33
"2ab3d2834ddc-157","okra",-8.28,12.32
"2ab3d2834ddc-158","okra",-8.32,12.34
"2ab3d2834ddc-159","okra",-8.33,12.34
"2ab3d2834ddc-160","okra",-8.33,12.34
"2ab3d2834ddc-161","okra",-8.34,12.32
"2ab3d2834ddc-163","okra",-8.28,12.31
"2ab3d2834ddc-164","okra",-8.38,12.4
"2ab3d2834ddc-165","okra",-8.4,12.41
"2ab3d2834ddc-166","okra",-8.38,12.4
"2ab3d2834ddc-167","okra",-8.39,12.4
"2ab3d2834ddc-168","okra",-8.38,12.4
"2ab3d2834ddc-169","okra",-8.39,12.42
"2ab3d2834ddc-170","okra",-8.37,12.41
"2ab3d2834ddc-171","okra",-8.39,12.41
"2ab3d2834ddc-172","okra",-8.38,12.42
"2ab3d2834ddc-173","okra",-8.39,12.41
"2ab3d2834ddc-174","okra",-8.29,12.31
"2ab3d2834ddc-175","okra",-8.28,12.31
"2ab3d2834ddc-176","okra",-7.86,13.22
"2ab3d2834ddc-177","okra",-7.86,13.24
"2ab3d2834ddc-178","okra",-7.86,13.22
"2ab3d2834ddc-179","okra",-7.87,13.23
"2ab3d2834ddc-180","okra",-7.86,13.21
"2ab3d2834ddc-181","okra",-7.86,13.22
"2ab3d2834ddc-182","okra",-7.87,13.23
"2ab3d2834ddc-183","okra",-7.86,13.23
"2ab3d2834ddc-184","okra",-7.86,13.21
"2ab3d2834ddc-185","okra",-7.87,13.23
"2ab3d2834ddc-186","okra",-7.86,13.22
"2ab3d2834ddc-187","okra",-7.86,13.21
"2ab3d2834ddc-188","okra",-7.86,13.23
"2ab3d2834ddc-189","okra",-7.86,13.23
"2ab3d2834ddc-190","okra",-7.87,13.22
"2ab3d2834ddc-191","okra",-7.87,13.22
"2ab3d2834ddc-192","okra",-7.86,13.21
"2ab3d2834ddc-193","okra",-7.87,13.23
"2ab3d2834ddc-194","okra",-7.87,13.22
"2ab3d2834ddc-195","okra",-7.87,13.21
"2ab3d2834ddc-196","okra",-7.87,13.23
"2ab3d2834ddc-197","okra",-7.86,13.23
"2ab3d2834ddc-198","okra",-7.87,13.23
"2ab3d2834ddc-199","okra",-7.85,13.22
"2ab3d2834ddc-200","okra",-7.86,13.23
"2ab3d2834ddc-201","okra",-7.93,13.1
"2ab3d2834ddc-202","okra",-7.95,13.08
"2ab3d2834ddc-203","okra",-7.94,13.09
"2ab3d2834ddc-204","okra",-7.95,13.09
"2ab3d2834ddc-205","okra",-7.94,13.09
"2ab3d2834ddc-206","okra",-7.95,13.11
"2ab3d2834ddc-209","okra",-7.93,13.09
"2ab3d2834ddc-210","okra",-7.94,13.1
"2ab3d2834ddc-211","okra",-7.93,13.09
"2ab3d2834ddc-212","okra",-7.92,13.07
"2ab3d2834ddc-213","okra",-7.93,13.1
"2ab3d2834ddc-214","okra",-7.9,13.1
"2ab3d2834ddc-215","okra",-7.93,13.09
"2ab3d2834ddc-216","okra",-7.93,13.1
"2ab3d2834ddc-217","okra",-7.93,13.1
"2ab3d2834ddc-219","okra",-7.95,13.09
"2ab3d2834ddc-220","okra",-7.93,13.11
"2ab3d2834ddc-221","okra",-7.91,13.09
"2ab3d2834ddc-222","okra",-7.91,13.1
"2ab3d2834ddc-223","okra",-7.93,13.09
"2ab3d2834ddc-224","okra",-7.91,13.09
"2ab3d2834ddc-225","okra",-7.93,13.1
"2ab3d2834ddc-226","okra",-7.99,13
"2ab3d2834ddc-227","okra",-7.99,13.03
"2ab3d2834ddc-228","okra",-8,13
"2ab3d2834ddc-229","okra",-7.98,13.01
"2ab3d2834ddc-230","okra",-7.99,13.01
"2ab3d2834ddc-231","okra",-7.99,13.01
"2ab3d2834ddc-232","okra",-7.99,13.03
"2ab3d2834ddc-233","okra",-8,13.02
"2ab3d2834ddc-234","okra",-7.98,13.01
"2ab3d2834ddc-235","okra",-7.95,13.07
"2ab3d2834ddc-236","okra",-7.95,13.07
"2ab3d2834ddc-237","okra",-7.95,13.07
"2ab3d2834ddc-238","okra",-7.96,13.06
"2ab3d2834ddc-239","okra",-7.95,13.08
"2ab3d2834ddc-240","okra",-7.95,13.08
"2ab3d2834ddc-241","okra",-7.95,13.06
"2ab3d2834ddc-242","okra",-7.95,13.08
"2ab3d2834ddc-243","okra",-7.96,13.08
"2ab3d2834ddc-244","okra",-7.88,13.04
"2ab3d2834ddc-245","okra",-7.87,13.03
"2ab3d2834ddc-246","okra",-7.86,13.03
"2ab3d2834ddc-247","okra",-7.86,13.04
"2ab3d2834ddc-248","okra",-7.86,13.02
"2ab3d2834ddc-249","okra",-7.87,13.01
"2ab3d2834ddc-250","okra",-7.86,13.03
"c040dd407d19-2","amaranth",-7.86,12.45
"c040dd407d19-3","amaranth",-7.88,12.47
"c040dd407d19-8","amaranth",-7.87,12.48
"c040dd407d19-11","amaranth",-7.88,12.48
"c040dd407d19-12","amaranth",-7.88,12.48
"c040dd407d19-15","amaranth",-7.85,12.48
"c040dd407d19-16","amaranth",-7.83,12.46
"c040dd407d19-17","amaranth",-7.84,12.48
"c040dd407d19-19","amaranth",-7.83,12.48
"c040dd407d19-20","amaranth",-7.83,12.48
"c040dd407d19-24","amaranth",-7.85,12.49
"c040dd407d19-26","amaranth",-7.76,12.61
"c040dd407d19-27","amaranth",-7.74,12.73
"c040dd407d19-28","amaranth",-7.75,12.73
"c040dd407d19-29","amaranth",-7.76,12.73
"c040dd407d19-30","amaranth",-7.76,12.73
"c040dd407d19-31","amaranth",-7.74,12.74
"c040dd407d19-32","amaranth",-7.76,12.74
"c040dd407d19-33","amaranth",-7.76,12.74
"c040dd407d19-34","amaranth",-7.75,12.72
"c040dd407d19-35","amaranth",-7.76,12.72
"c040dd407d19-36","amaranth",-7.75,12.73
"c040dd407d19-37","amaranth",-7.75,12.74
"c040dd407d19-38","amaranth",-7.76,12.73
"c040dd407d19-39","amaranth",-7.75,12.74
"c040dd407d19-40","amaranth",-7.74,12.73
"c040dd407d19-41","amaranth",-7.76,12.74
"c040dd407d19-42","amaranth",-7.75,12.72
"c040dd407d19-43","amaranth",-7.74,12.73
"c040dd407d19-44","amaranth",-7.76,12.73
"c040dd407d19-45","amaranth",-7.76,12.74
"c040dd407d19-46","amaranth",-7.75,12.73
"c040dd407d19-47","amaranth",-7.76,12.73
"c040dd407d19-48","amaranth",-7.75,12.72
"c040dd407d19-49","amaranth",-7.75,12.73
"c040dd407d19-50","amaranth",-7.74,12.73
"c040dd407d19-51","amaranth",-7.72,12.7
"c040dd407d19-52","amaranth",-7.7,12.71
"c040dd407d19-53","amaranth",-7.7,12.69
"c040dd407d19-54","amaranth",-7.92,12.57
"c040dd407d19-55","amaranth",-7.71,12.74
"c040dd407d19-56","amaranth",-7.7,12.71
"c040dd407d19-57","amaranth",-7.71,12.7
"c040dd407d19-58","amaranth",-7.69,12.71
"c040dd407d19-59","amaranth",-7.71,12.7
"c040dd407d19-60","amaranth",-7.72,12.71
"c040dd407d19-61","amaranth",-7.71,12.7
"c040dd407d19-62","amaranth",-7.7,12.72
"c040dd407d19-63","amaranth",-7.71,12.71
"c040dd407d19-64","amaranth",-7.93,12.57
"c040dd407d19-65","amaranth",-7.7,12.72
"c040dd407d19-66","amaranth",-7.7,12.71
"c040dd407d19-67","amaranth",-7.71,12.7
"c040dd407d19-68","amaranth",-7.7,12.71
"c040dd407d19-69","amaranth",-7.71,12.71
"c040dd407d19-70","amaranth",-7.71,12.7
"c040dd407d19-71","amaranth",-7.71,12.71
"c040dd407d19-72","amaranth",-7.72,12.71
"c040dd407d19-74","amaranth",-7.71,12.72
"c040dd407d19-75","amaranth",-7.71,12.7
"c040dd407d19-79","amaranth",-8.08,12.52
"c040dd407d19-80","amaranth",-8.08,12.53
"c040dd407d19-82","amaranth",-8.08,12.52
"c040dd407d19-83","amaranth",-8.08,12.5
"c040dd407d19-84","amaranth",-8.07,12.5
"c040dd407d19-87","amaranth",-8.09,12.49
"c040dd407d19-88","amaranth",-8.09,12.49
"c040dd407d19-93","amaranth",-8.07,12.52
"c040dd407d19-94","amaranth",-8.09,12.5
"c040dd407d19-96","amaranth",-8.06,12.51
"c040dd407d19-97","amaranth",-8.07,12.55
"c040dd407d19-99","amaranth",-8.08,12.52
"c040dd407d19-101","amaranth",-7.45,13.56
"c040dd407d19-102","amaranth",-7.57,12.87
"c040dd407d19-103","amaranth",-7.58,12.85
"c040dd407d19-104","amaranth",-7.57,12.86
"c040dd407d19-105","amaranth",-7.57,12.85
"c040dd407d19-106","amaranth",-7.57,12.85
"c040dd407d19-107","amaranth",-7.58,12.85
"c040dd407d19-108","amaranth",-7.57,12.84
"c040dd407d19-109","amaranth",-7.43,13.56
"c040dd407d19-110","amaranth",-7.57,12.84
"c040dd407d19-111","amaranth",-7.6,12.85
"c040dd407d19-112","amaranth",-7.56,12.86
"c040dd407d19-113","amaranth",-7.56,12.85
"c040dd407d19-114","amaranth",-7.57,12.84
"c040dd407d19-115","amaranth",-7.58,12.84
"c040dd407d19-116","amaranth",-7.58,12.84
"c040dd407d19-117","amaranth",-7.57,12.85
"c040dd407d19-118","amaranth",-7.57,12.84
"c040dd407d19-119","amaranth",-7.57,12.86
"c040dd407d19-120","amaranth",-7.57,12.86
"c040dd407d19-121","amaranth",-7.56,12.85
"c040dd407d19-122","amaranth",-7.58,12.85
"c040dd407d19-123","amaranth",-7.57,12.84
"c040dd407d19-124","amaranth",-7.57,12.85
"c040dd407d19-125","amaranth",-7.57,12.84
"c040dd407d19-126","amaranth",-7.95,12.39
"c040dd407d19-127","amaranth",-7.97,12.39
"c040dd407d19-128","amaranth",-7.97,12.39
"c040dd407d19-129","amaranth",-7.96,12.39
"c040dd407d19-133","amaranth",-7.96,12.38
"c040dd407d19-139","amaranth",-7.97,12.4
"c040dd407d19-140","amaranth",-7.97,12.38
"c040dd407d19-141","amaranth",-7.96,12.38
"c040dd407d19-142","amaranth",-7.96,12.37
"c040dd407d19-143","amaranth",-7.96,12.38
"c040dd407d19-144","amaranth",-7.97,12.38
"c040dd407d19-145","amaranth",-7.95,12.4
"c040dd407d19-146","amaranth",-7.96,12.39
"c040dd407d19-147","amaranth",-7.98,12.38
"c040dd407d19-148","amaranth",-7.96,12.4
"c040dd407d19-149","amaranth",-7.98,12.39
"c040dd407d19-150","amaranth",-7.96,12.39
"c040dd407d19-151","amaranth",-8.39,12.4
"c040dd407d19-152","amaranth",-8.39,12.4
"c040dd407d19-153","amaranth",-8.39,12.4
"c040dd407d19-154","amaranth",-8.39,12.42
"c040dd407d19-156","amaranth",-8.29,12.32
"c040dd407d19-157","amaranth",-8.34,12.34
"c040dd407d19-158","amaranth",-8.32,12.33
"c040dd407d19-159","amaranth",-8.34,12.34
"c040dd407d19-160","amaranth",-8.33,12.35
"c040dd407d19-161","amaranth",-8.33,12.34
"c040dd407d19-162","amaranth",-8.34,12.32
"c040dd407d19-163","amaranth",-8.42,12.43
"c040dd407d19-164","amaranth",-8.37,12.41
"c040dd407d19-165","amaranth",-8.39,12.42
"c040dd407d19-166","amaranth",-8.38,12.4
"c040dd407d19-167","amaranth",-8.37,12.41
"c040dd407d19-168","amaranth",-8.39,12.41
"c040dd407d19-169","amaranth",-8.39,12.41
"c040dd407d19-170","amaranth",-8.28,12.32
"c040dd407d19-171","amaranth",-8.27,12.31
"c040dd407d19-172","amaranth",-8.28,12.32
"c040dd407d19-173","amaranth",-8.27,12.31
"c040dd407d19-174","amaranth",-8.29,12.31
"c040dd407d19-175","amaranth",-8.28,12.31
"c040dd407d19-176","amaranth",-7.87,13.22
"c040dd407d19-177","amaranth",-7.85,13.22
"c040dd407d19-178","amaranth",-7.87,13.24
"c040dd407d19-179","amaranth",-7.87,13.22
"c040dd407d19-180","amaranth",-7.86,13.23
"c040dd407d19-181","amaranth",-7.86,13.23
"c040dd407d19-182","amaranth",-7.87,13.22
"c040dd407d19-183","amaranth",-7.86,13.23
"c040dd407d19-184","amaranth",-7.87,13.23
"c040dd407d19-185","amaranth",-7.86,13.22
"c040dd407d19-187","amaranth",-7.86,13.22
"c040dd407d19-188","amaranth",-7.86,13.22
"c040dd407d19-189","amaranth",-7.88,13.22
"c040dd407d19-190","amaranth",-7.87,13.24
"c040dd407d19-191","amaranth",-7.86,13.23
"c040dd407d19-192","amaranth",-7.86,13.22
"c040dd407d19-193","amaranth",-7.86,13.22
"c040dd407d19-194","amaranth",-7.86,13.21
"c040dd407d19-195","amaranth",-7.86,13.22
"c040dd407d19-196","amaranth",-7.86,13.22
"c040dd407d19-197","amaranth",-7.86,13.24
"c040dd407d19-198","amaranth",-7.87,13.22
"c040dd407d19-199","amaranth",-7.86,13.24
"c040dd407d19-200","amaranth",-7.87,13.22
"c040dd407d19-201","amaranth",-7.94,13.09
"c040dd407d19-202","amaranth",-7.95,13.1
"c040dd407d19-203","amaranth",-7.84,13.21
"c040dd407d19-204","amaranth",-7.92,13.11
"c040dd407d19-205","amaranth",-7.92,13.09
"c040dd407d19-206","amaranth",-7.84,13.22
"c040dd407d19-207","amaranth",-7.95,13.08
"c040dd407d19-208","amaranth",-7.94,13.08
"c040dd407d19-211","amaranth",-7.84,13.23
"c040dd407d19-212","amaranth",-7.93,13.1
"c040dd407d19-213","amaranth",-7.94,13.1
"c040dd407d19-216","amaranth",-7.95,13.07
"c040dd407d19-217","amaranth",-7.95,13.07
"c040dd407d19-218","amaranth",-7.96,13.09
"c040dd407d19-219","amaranth",-7.94,13.09
"c040dd407d19-220","amaranth",-7.94,13.09
"c040dd407d19-221","amaranth",-7.95,13.1
"c040dd407d19-225","amaranth",-7.91,13.1
"c040dd407d19-226","amaranth",-7.99,13
"c040dd407d19-227","amaranth",-7.98,13.02
"c040dd407d19-228","amaranth",-7.99,13.02
"c040dd407d19-229","amaranth",-7.99,13.02
"c040dd407d19-230","amaranth",-7.99,13.03
"c040dd407d19-231","amaranth",-8,13.02
"c040dd407d19-232","amaranth",-7.98,13.02
"c040dd407d19-233","amaranth",-7.98,13.02
"c040dd407d19-234","amaranth",-7.99,13.01
"c040dd407d19-235","amaranth",-7.94,13.08
"c040dd407d19-236","amaranth",-7.95,13.08
"c040dd407d19-237","amaranth",-7.95,13.07
"c040dd407d19-238","amaranth",-7.95,13.07
"c040dd407d19-239","amaranth",-7.96,13.08
"c040dd407d19-240","amaranth",-7.95,13.06
"c040dd407d19-241","amaranth",-7.94,13.06
"c040dd407d19-242","amaranth",-7.94,13.05
"c040dd407d19-243","amaranth",-7.96,13.05
"c040dd407d19-244","amaranth",-7.85,13.03
"c040dd407d19-245","amaranth",-7.88,13.04
"c040dd407d19-246","amaranth",-7.86,13.04
"c040dd407d19-247","amaranth",-7.86,13.03
"c040dd407d19-248","amaranth",-7.86,13.04
"c040dd407d19-249","amaranth",-7.85,13.03
"c040dd407d19-250","amaranth",-7.87,13.04
"9d74b18afc10-1","okra",-6.01,11.36
"9d74b18afc10-2","okra",-6,11.36
"9d74b18afc10-3","okra",-6.01,11.37
"9d74b18afc10-4","okra",-6.01,11.36
"9d74b18afc10-5","okra",-6.01,11.37
"9d74b18afc10-6","okra",-6.02,11.36
"9d74b18afc10-7","okra",-6,11.36
"9d74b18afc10-8","okra",-5.99,11.37
"9d74b18afc10-9","okra",-6,11.37
"9d74b18afc10-10","okra",-6,11.38
"9d74b18afc10-11","okra",-6,11.37
"9d74b18afc10-12","okra",-5.99,11.37
"9d74b18afc10-13","okra",-6.01,11.37
"9d74b18afc10-14","okra",-6.02,11.37
"9d74b18afc10-15","okra",-6.01,11.38
"9d74b18afc10-16","okra",-6,11.36
"9d74b18afc10-17","okra",-6.01,11.38
"9d74b18afc10-18","okra",-6.01,11.36
"9d74b18afc10-19","okra",-6.01,11.38
"9d74b18afc10-20","okra",-5.99,11.37
"9d74b18afc10-21","okra",-6.02,11.37
"9d74b18afc10-22","okra",-6,11.37
"9d74b18afc10-23","okra",-6.02,11.37
"9d74b18afc10-24","okra",-5.99,11.36
"9d74b18afc10-25","okra",-6.01,11.37
"9d74b18afc10-26","okra",-6.01,11.37
"9d74b18afc10-28","okra",-6,11.37
"9d74b18afc10-29","okra",-6.02,11.37
"9d74b18afc10-30","okra",-6.01,11.36
"9d74b18afc10-31","okra",-6.02,11.37
"9d74b18afc10-32","okra",-6.02,11.36
"9d74b18afc10-33","okra",-6.02,11.38
"9d74b18afc10-34","okra",-6.01,11.37
"9d74b18afc10-35","okra",-6,11.38
"9d74b18afc10-36","okra",-6.01,11.38
"9d74b18afc10-37","okra",-6.01,11.36
"9d74b18afc10-38","okra",-6,11.38
"9d74b18afc10-39","okra",-6.01,11.36
"9d74b18afc10-40","okra",-6.01,11.36
"9d74b18afc10-41","okra",-6.01,11.38
"9d74b18afc10-42","okra",-6.01,11.37
"9d74b18afc10-43","okra",-6,11.38
"9d74b18afc10-44","okra",-6.01,11.36
"9d74b18afc10-45","okra",-6,11.37
"9d74b18afc10-46","okra",-6.01,11.37
"9d74b18afc10-47","okra",-6,11.37
"9d74b18afc10-48","okra",-6.01,11.38
"9d74b18afc10-49","okra",-6.01,11.37
"9d74b18afc10-50","okra",-6.01,11.38
"9d74b18afc10-51","okra",-6.02,11.38
"9d74b18afc10-52","okra",-6,11.38
"9d74b18afc10-55","okra",-5.83,11.35
"9d74b18afc10-56","okra",-5.83,11.36
"9d74b18afc10-57","okra",-5.82,11.38
"9d74b18afc10-58","okra",-5.82,11.37
"9d74b18afc10-59","okra",-5.84,11.36
"9d74b18afc10-60","okra",-5.82,11.37
"9d74b18afc10-61","okra",-5.83,11.38
"9d74b18afc10-62","okra",-5.82,11.37
"9d74b18afc10-63","okra",-5.84,11.37
"9d74b18afc10-64","okra",-5.83,11.38
"9d74b18afc10-65","okra",-5.84,11.36
"9d74b18afc10-66","okra",-5.82,11.38
"9d74b18afc10-67","okra",-5.82,11.37
"9d74b18afc10-68","okra",-5.83,11.37
"9d74b18afc10-69","okra",-5.82,11.38
"9d74b18afc10-70","okra",-5.83,11.38
"9d74b18afc10-71","okra",-5.84,11.36
"9d74b18afc10-72","okra",-5.83,11.37
"9d74b18afc10-73","okra",-5.82,11.37
"9d74b18afc10-74","okra",-5.82,11.37
"9d74b18afc10-75","okra",-5.84,11.37
"9d74b18afc10-76","okra",-5.84,11.37
"9d74b18afc10-77","okra",-5.82,11.37
"9d74b18afc10-78","okra",-5.83,11.38
"9d74b18afc10-79","okra",-5.83,11.37
"9d74b18afc10-80","okra",-5.83,11.35
"9d74b18afc10-81","okra",-5.84,11.37
"9d74b18afc10-109","okra",-5.71,11.36
"9d74b18afc10-110","okra",-5.71,11.36
"9d74b18afc10-112","okra",-5.71,11.37
"9d74b18afc10-113","okra",-5.7,11.37
"9d74b18afc10-115","okra",-5.72,11.37
"9d74b18afc10-116","okra",-5.72,11.35
"9d74b18afc10-117","okra",-5.71,11.37
"9d74b18afc10-120","okra",-5.71,11.36
"9d74b18afc10-121","okra",-5.71,11.35
"9d74b18afc10-122","okra",-5.72,11.36
"9d74b18afc10-123","okra",-5.71,11.36
"9d74b18afc10-127","okra",-5.71,11.37
"9d74b18afc10-134","okra",-5.72,11.37
"9d74b18afc10-137","okra",-7.49,11.41
"9d74b18afc10-138","okra",-7.49,11.41
"9d74b18afc10-163","okra",-7.49,11.41
"9d74b18afc10-164","okra",-7.49,11.43
"9d74b18afc10-165","okra",-7.49,11.4
"9d74b18afc10-166","okra",-7.49,11.41
"9d74b18afc10-167","okra",-7.5,11.42
"9d74b18afc10-168","okra",-7.5,11.42
"9d74b18afc10-169","okra",-7.5,11.42
"9d74b18afc10-170","okra",-7.51,11.37
"9d74b18afc10-171","okra",-7.49,11.42
"9d74b18afc10-172","okra",-7.49,11.42
"9d74b18afc10-173","okra",-7.48,11.42
"9d74b18afc10-174","okra",-7.5,11.42
"9d74b18afc10-175","okra",-7.49,11.4
"9d74b18afc10-176","okra",-7.48,11.42
"9d74b18afc10-177","okra",-7.5,11.42
"9d74b18afc10-178","okra",-7.5,11.4
"9d74b18afc10-179","okra",-7.5,11.4
"9d74b18afc10-180","okra",-7.49,11.42
"9d74b18afc10-181","okra",-7.49,11.41
"9d74b18afc10-182","okra",-7.5,11.4
"9d74b18afc10-183","okra",-7.5,11.41
"9d74b18afc10-184","okra",-7.49,11.41
"9d74b18afc10-185","okra",-7.49,11.41
"9d74b18afc10-186","okra",-7.48,11.43
"9d74b18afc10-187","okra",-7.5,11.42
"9d74b18afc10-188","okra",-7.48,11.41
"9d74b18afc10-189","okra",-7.5,11.42
"9d74b18afc10-190","okra",-7.49,11.45
"9d74b18afc10-191","okra",-7.49,11.44
"9d74b18afc10-192","okra",-7.49,11.43
"9d74b18afc10-194","okra",-7.5,11.44
"9d74b18afc10-197","okra",-7.5,11.43
"9d74b18afc10-198","okra",-7.5,11.43
"9d74b18afc10-201","okra",-7.49,11.45
"9d74b18afc10-203","okra",-7.49,11.44
"9d74b18afc10-204","okra",-7.49,11.45
"9d74b18afc10-205","okra",-7.5,11.44
"9d74b18afc10-206","okra",-7.5,11.44
"9d74b18afc10-208","okra",-7.5,11.45
"9d74b18afc10-210","okra",-7.51,11.44
"9d74b18afc10-211","okra",-7.5,11.43
"9d74b18afc10-214","okra",-7.49,11.43
"9d74b18afc10-217","okra",-7.51,11.44
"9d74b18afc10-218","okra",-7.49,11.44
"9d74b18afc10-219","okra",-7.51,11.43
"9d74b18afc10-221","okra",-7.5,11.44
"9d74b18afc10-222","okra",-7.49,11.44
"9d74b18afc10-224","okra",-7.51,11.42
"9d74b18afc10-225","okra",-7.49,11.43
"9d74b18afc10-226","okra",-7.49,11.43
"9d74b18afc10-227","okra",-7.5,11.43
"9d74b18afc10-228","okra",-7.5,11.45
"9d74b18afc10-229","okra",-7.5,11.44
"9d74b18afc10-230","okra",-7.51,11.43
"9d74b18afc10-231","okra",-7.51,11.44
"9d74b18afc10-232","okra",-7.51,11.43
"9d74b18afc10-233","okra",-7.49,11.43
"9d74b18afc10-234","okra",-7.5,11.44
"9d74b18afc10-236","okra",-7.49,11.43
"9d74b18afc10-237","okra",-7.5,11.44
"9d74b18afc10-238","okra",-7.49,11.44
"9d74b18afc10-240","okra",-7.49,11.44
"9d74b18afc10-241","okra",-7.5,11.44
"9d74b18afc10-242","okra",-7.5,11.44
"9d74b18afc10-243","okra",-7.5,11.42
"9d74b18afc10-244","okra",-7.49,11.45
"9d74b18afc10-248","okra",-7.56,11.39
"9d74b18afc10-249","okra",-7.56,11.38
"9d74b18afc10-251","okra",-7.49,11.45
"9d74b18afc10-252","okra",-7.49,11.45
"9d74b18afc10-265","okra",-7.57,11.32
"9d74b18afc10-266","okra",-7.57,11.34
"9d74b18afc10-267","okra",-7.59,11.32
"9d74b18afc10-268","okra",-7.58,11.34
"9d74b18afc10-269","okra",-7.57,11.32
"9d74b18afc10-270","okra",-7.57,11.31
"9d74b18afc10-325","okra",-7.5,11.42
"9d74b18afc10-326","okra",-7.43,11.36
"9d74b18afc10-327","okra",-7.44,11.35
"9d74b18afc10-330","okra",-7.5,11.42
"9d74b18afc10-331","okra",-7.49,11.43
"9d74b18afc10-335","okra",-7.48,11.41
"9d74b18afc10-342","okra",-7.42,11.39
"9d74b18afc10-343","okra",-7.44,11.35
"9d74b18afc10-347","okra",-7.43,11.36
"9d74b18afc10-351","okra",-7.44,11.38
"9d74b18afc10-352","okra",-7.49,11.43
"9d74b18afc10-353","okra",-7.47,11.44
"9d74b18afc10-354","okra",-7.49,11.44
"9d74b18afc10-358","okra",-7.41,11.38
"9d74b18afc10-363","okra",-7.44,11.38
"9d74b18afc10-368","okra",-7.42,11.37
"9d74b18afc10-370","okra",-7.43,11.39
"9d74b18afc10-371","okra",-7.42,11.38
"9d74b18afc10-373","okra",-7.42,11.37
"9d74b18afc10-374","okra",-7.43,11.38
"9d74b18afc10-378","okra",-7.43,11.37
"9d74b18afc10-381","okra",-7.43,11.37
"9d74b18afc10-382","okra",-7.49,11.43
"9d74b18afc10-383","okra",-7.48,11.42
"9d74b18afc10-384","okra",-7.47,11.42
"9d74b18afc10-388","okra",-7.49,11.42
"9d74b18afc10-391","okra",-7.42,11.37
"9d74b18afc10-392","okra",-7.47,11.43
"9d74b18afc10-393","okra",-7.43,11.38
"9d74b18afc10-394","okra",-7.49,11.44
"9d74b18afc10-407","okra",-7.44,11.38
"9d74b18afc10-408","okra",-7.44,11.38
"9d74b18afc10-413","okra",-7.43,11.36
"9d74b18afc10-415","okra",-7.44,11.36
"9d74b18afc10-416","okra",-7.43,11.35
"9d74b18afc10-418","okra",-7.44,11.37
"9d74b18afc10-428","okra",-7.44,11.36
"9d74b18afc10-430","okra",-7.45,11.37
"9d74b18afc10-433","okra",-7.59,11.36
"9d74b18afc10-435","okra",-7.61,11.36
"9d74b18afc10-436","okra",-7.59,11.36
"9d74b18afc10-439","okra",-7.61,11.37
"9d74b18afc10-440","okra",-7.49,11.44
"9d74b18afc10-441","okra",-7.48,11.43
"9d74b18afc10-442","okra",-7.58,11.35
"9d74b18afc10-445","okra",-7.47,11.42
"9d74b18afc10-446","okra",-7.58,11.37
"9d74b18afc10-447","okra",-7.47,11.43
"9d74b18afc10-451","okra",-7.48,11.44
"9d74b18afc10-454","okra",-7.45,11.43
"9d74b18afc10-455","okra",-7.46,11.44
"9d74b18afc10-457","okra",-7.59,11.37
"9d74b18afc10-459","okra",-7.48,11.43
"9d74b18afc10-487","okra",-7.78,11.84
"9d74b18afc10-488","okra",-7.79,11.83
"9d74b18afc10-489","okra",-7.79,11.84
"9d74b18afc10-490","okra",-7.8,11.83
"9d74b18afc10-491","okra",-7.8,11.82
"9d74b18afc10-492","okra",-7.8,11.83
"9d74b18afc10-493","okra",-7.79,11.84
"9d74b18afc10-494","okra",-7.8,11.83
"9d74b18afc10-495","okra",-7.8,11.83
"9d74b18afc10-496","okra",-7.78,11.83
"9d74b18afc10-497","okra",-7.79,11.84
"9d74b18afc10-498","okra",-7.79,11.84
"9d74b18afc10-499","okra",-7.78,11.83
"9d74b18afc10-500","okra",-7.79,11.82
"9d74b18afc10-501","okra",-7.79,11.84
"9d74b18afc10-502","okra",-7.79,11.83
"9d74b18afc10-503","okra",-7.8,11.84
"9d74b18afc10-504","okra",-7.79,11.85
"9d74b18afc10-505","okra",-7.78,11.84
"9d74b18afc10-506","okra",-7.79,11.83
"9d74b18afc10-507","okra",-7.79,11.83
"9d74b18afc10-508","okra",-7.79,11.83
"9d74b18afc10-509","okra",-7.79,11.83
"9d74b18afc10-510","okra",-7.78,11.82
"9d74b18afc10-511","okra",-7.79,11.83
"9d74b18afc10-512","okra",-7.79,11.83
"9d74b18afc10-513","okra",-7.79,11.83
"9d74b18afc10-514","okra",-7.73,12.64
"9d74b18afc10-515","okra",-7.73,12.63
"9d74b18afc10-516","okra",-7.72,12.64
"9d74b18afc10-517","okra",-7.71,12.64
"9d74b18afc10-518","okra",-7.72,12.63
"9d74b18afc10-519","okra",-7.72,12.65
"9d74b18afc10-520","okra",-7.73,12.67
"9d74b18afc10-521","okra",-7.73,12.64
"9d74b18afc10-522","okra",-7.71,12.64
"9d74b18afc10-523","okra",-7.73,12.65
"9d74b18afc10-524","okra",-7.72,12.67
"9d74b18afc10-525","okra",-7.71,12.64
"9d74b18afc10-526","okra",-7.73,12.65
"9d74b18afc10-527","okra",-7.72,12.64
"9d74b18afc10-528","okra",-7.73,12.65
"9d74b18afc10-529","okra",-7.72,12.64
"9d74b18afc10-530","okra",-7.74,12.65
"9d74b18afc10-531","okra",-7.72,12.65
"9d74b18afc10-532","okra",-7.73,12.65
"9d74b18afc10-533","okra",-7.72,12.65
"9d74b18afc10-534","okra",-7.72,12.63
"9d74b18afc10-535","okra",-7.73,12.65
"9d74b18afc10-536","okra",-7.73,12.65
"9d74b18afc10-537","okra",-7.73,12.65
"9d74b18afc10-538","okra",-7.72,12.65
"9d74b18afc10-539","okra",-7.72,12.63
"9d74b18afc10-540","okra",-7.72,12.66
"9d74b18afc10-597","okra",-8.42,12.42
"9d74b18afc10-598","okra",-8.42,12.34
"9d74b18afc10-599","okra",-8.41,12.35
"9d74b18afc10-600","okra",-8.4,12.33
"9d74b18afc10-601","okra",-8.38,12.35
"9d74b18afc10-602","okra",-8.41,12.42
"9d74b18afc10-603","okra",-8.38,12.41
"9d74b18afc10-604","okra",-8.33,12.38
"9d74b18afc10-605","okra",-8.34,12.36
"9d74b18afc10-606","okra",-8.33,12.37
"9d74b18afc10-607","okra",-8.37,12.39
"9d74b18afc10-608","okra",-8.25,12.4
"9d74b18afc10-609","okra",-8.38,12.42
"9d74b18afc10-610","okra",-8.38,12.39
"9d74b18afc10-611","okra",-8.4,12.42
"9d74b18afc10-612","okra",-8.38,12.39
"9d74b18afc10-613","okra",-8.33,12.38
"9d74b18afc10-614","okra",-8.34,12.36
"9d74b18afc10-615","okra",-8.34,12.38
"9d74b18afc10-616","okra",-8.34,12.36
"9d74b18afc10-617","okra",-8.35,12.37
"9d74b18afc10-618","okra",-8.32,12.38
"9d74b18afc10-619","okra",-8.32,12.37
"9d74b18afc10-622","okra",-7.97,12.39
"9d74b18afc10-623","okra",-7.95,12.38
"9d74b18afc10-624","okra",-7.97,12.39
"9d74b18afc10-625","okra",-7.96,12.4
"9d74b18afc10-626","okra",-7.96,12.38
"9d74b18afc10-627","okra",-7.96,12.38
"9d74b18afc10-628","okra",-7.97,12.39
"9d74b18afc10-629","okra",-7.97,12.4
"9d74b18afc10-630","okra",-7.96,12.38
"9d74b18afc10-631","okra",-7.97,12.39
"9d74b18afc10-632","okra",-7.96,12.38
"9d74b18afc10-633","okra",-7.96,12.37
"9d74b18afc10-634","okra",-7.97,12.38
"9d74b18afc10-635","okra",-7.97,12.4
"9d74b18afc10-636","okra",-7.96,12.38
"9d74b18afc10-637","okra",-7.95,12.39
"9d74b18afc10-638","okra",-7.96,12.4
"9d74b18afc10-639","okra",-7.95,12.38
"9d74b18afc10-640","okra",-7.96,12.37
"9d74b18afc10-641","okra",-7.95,12.38
"9d74b18afc10-642","okra",-7.96,12.39
"9d74b18afc10-643","okra",-7.95,12.38
"9d74b18afc10-644","okra",-7.95,12.38
"9d74b18afc10-645","okra",-7.97,12.39
"9d74b18afc10-646","okra",-7.96,12.38
"9d74b18afc10-647","okra",-8.29,12.37
"9d74b18afc10-648","okra",-8.36,12.36
"d5ebb545926f-1","amaranth",-7.75,12.66
"d5ebb545926f-2","amaranth",-7.73,12.66
"d5ebb545926f-3","amaranth",-6,11.38
"d5ebb545926f-4","amaranth",-6,11.36
"d5ebb545926f-5","amaranth",-6,11.37
"d5ebb545926f-6","amaranth",-6.01,11.37
"d5ebb545926f-7","amaranth",-6.01,11.36
"d5ebb545926f-8","amaranth",-6.01,11.37
"d5ebb545926f-9","amaranth",-6,11.36
"d5ebb545926f-10","amaranth",-6.01,11.37
"d5ebb545926f-11","amaranth",-6.01,11.38
"d5ebb545926f-12","amaranth",-6,11.36
"d5ebb545926f-13","amaranth",-6,11.36
"d5ebb545926f-14","amaranth",-5.99,11.37
"d5ebb545926f-15","amaranth",-6,11.36
"d5ebb545926f-16","amaranth",-6.01,11.38
"d5ebb545926f-20","amaranth",-7.73,12.64
"d5ebb545926f-21","amaranth",-7.72,12.63
"d5ebb545926f-22","amaranth",-7.71,12.64
"d5ebb545926f-28","amaranth",-6,11.37
"d5ebb545926f-29","amaranth",-6.01,11.36
"d5ebb545926f-30","amaranth",-6,11.36
"d5ebb545926f-31","amaranth",-6.01,11.38
"d5ebb545926f-32","amaranth",-6,11.36
"d5ebb545926f-33","amaranth",-6.01,11.38
"d5ebb545926f-34","amaranth",-6.01,11.36
"d5ebb545926f-35","amaranth",-6.01,11.37
"d5ebb545926f-36","amaranth",-6,11.38
"d5ebb545926f-37","amaranth",-6.01,11.36
"d5ebb545926f-38","amaranth",-6.01,11.38
"d5ebb545926f-39","amaranth",-6,11.37
"d5ebb545926f-40","amaranth",-6.01,11.38
"d5ebb545926f-41","amaranth",-5.99,11.36
"d5ebb545926f-55","amaranth",-5.82,11.36
"d5ebb545926f-56","amaranth",-5.84,11.37
"d5ebb545926f-57","amaranth",-5.83,11.37
"d5ebb545926f-58","amaranth",-5.84,11.36
"d5ebb545926f-59","amaranth",-5.82,11.36
"d5ebb545926f-60","amaranth",-5.64,11.33
"d5ebb545926f-61","amaranth",-5.83,11.36
"d5ebb545926f-62","amaranth",-5.82,11.38
"d5ebb545926f-63","amaranth",-5.84,11.36
"d5ebb545926f-64","amaranth",-5.84,11.36
"d5ebb545926f-66","amaranth",-5.84,11.37
"d5ebb545926f-69","amaranth",-5.83,11.38
"d5ebb545926f-70","amaranth",-5.83,11.38
"d5ebb545926f-72","amaranth",-5.82,11.37
"d5ebb545926f-73","amaranth",-5.84,11.36
"d5ebb545926f-74","amaranth",-5.84,11.37
"d5ebb545926f-75","amaranth",-5.82,11.38
"d5ebb545926f-76","amaranth",-5.82,11.38
"d5ebb545926f-77","amaranth",-5.83,11.37
"d5ebb545926f-78","amaranth",-5.82,11.37
"d5ebb545926f-79","amaranth",-5.61,11.31
"d5ebb545926f-80","amaranth",-5.84,11.36
"d5ebb545926f-81","amaranth",-5.84,11.32
"d5ebb545926f-110","amaranth",-5.72,11.37
"d5ebb545926f-112","amaranth",-5.7,11.37
"d5ebb545926f-120","amaranth",-5.71,11.37
"d5ebb545926f-123","amaranth",-5.71,11.35
"d5ebb545926f-124","amaranth",-5.71,11.36
"d5ebb545926f-125","amaranth",-5.7,11.36
"d5ebb545926f-128","amaranth",-5.71,11.36
"d5ebb545926f-129","amaranth",-5.71,11.36
"d5ebb545926f-130","amaranth",-5.71,11.36
"d5ebb545926f-132","amaranth",-5.72,11.36
"d5ebb545926f-136","amaranth",-7.51,11.42
"d5ebb545926f-137","amaranth",-7.51,11.41
"d5ebb545926f-138","amaranth",-7.5,11.42
"d5ebb545926f-139","amaranth",-7.49,11.41
"d5ebb545926f-140","amaranth",-7.49,11.41
"d5ebb545926f-141","amaranth",-7.49,11.42
"d5ebb545926f-142","amaranth",-7.51,11.41
"d5ebb545926f-148","amaranth",-7.5,11.4
"d5ebb545926f-149","amaranth",-7.5,11.41
"d5ebb545926f-150","amaranth",-7.5,11.41
"d5ebb545926f-151","amaranth",-7.49,11.4
"d5ebb545926f-152","amaranth",-7.5,11.42
"d5ebb545926f-153","amaranth",-7.5,11.41
"d5ebb545926f-154","amaranth",-7.5,11.42
"d5ebb545926f-155","amaranth",-7.49,11.41
"d5ebb545926f-156","amaranth",-7.49,11.41
"d5ebb545926f-157","amaranth",-7.49,11.41
"d5ebb545926f-158","amaranth",-7.51,11.41
"d5ebb545926f-159","amaranth",-7.49,11.41
"d5ebb545926f-160","amaranth",-7.5,11.43
"d5ebb545926f-161","amaranth",-7.5,11.42
"d5ebb545926f-162","amaranth",-7.51,11.41
"d5ebb545926f-163","amaranth",-7.49,11.43
"d5ebb545926f-164","amaranth",-7.48,11.42
"d5ebb545926f-165","amaranth",-7.5,11.41
"d5ebb545926f-166","amaranth",-7.5,11.41
"d5ebb545926f-167","amaranth",-7.5,11.42
"d5ebb545926f-168","amaranth",-7.5,11.42
"d5ebb545926f-169","amaranth",-7.49,11.42
"d5ebb545926f-170","amaranth",-7.48,11.41
"d5ebb545926f-171","amaranth",-7.49,11.41
"d5ebb545926f-172","amaranth",-7.5,11.42
"d5ebb545926f-173","amaranth",-7.5,11.42
"d5ebb545926f-174","amaranth",-7.49,11.42
"d5ebb545926f-175","amaranth",-7.49,11.41
"d5ebb545926f-176","amaranth",-7.5,11.41
"d5ebb545926f-177","amaranth",-7.5,11.43
"d5ebb545926f-178","amaranth",-7.49,11.43
"d5ebb545926f-179","amaranth",-7.49,11.41
"d5ebb545926f-181","amaranth",-7.5,11.41
"d5ebb545926f-182","amaranth",-7.49,11.42
"d5ebb545926f-183","amaranth",-7.5,11.41
"d5ebb545926f-184","amaranth",-7.5,11.41
"d5ebb545926f-185","amaranth",-7.49,11.43
"d5ebb545926f-186","amaranth",-7.5,11.42
"d5ebb545926f-187","amaranth",-7.5,11.41
"d5ebb545926f-188","amaranth",-7.48,11.4
"d5ebb545926f-189","amaranth",-7.48,11.43
"d5ebb545926f-191","amaranth",-7.5,11.44
"d5ebb545926f-193","amaranth",-7.5,11.44
"d5ebb545926f-194","amaranth",-7.49,11.45
"d5ebb545926f-195","amaranth",-7.49,11.44
"d5ebb545926f-196","amaranth",-7.51,11.45
"d5ebb545926f-198","amaranth",-7.49,11.43
"d5ebb545926f-199","amaranth",-7.49,11.44
"d5ebb545926f-208","amaranth",-7.49,11.44
"d5ebb545926f-210","amaranth",-7.5,11.43
"d5ebb545926f-212","amaranth",-7.5,11.43
"d5ebb545926f-213","amaranth",-7.49,11.45
"d5ebb545926f-214","amaranth",-7.5,11.45
"d5ebb545926f-215","amaranth",-7.48,11.44
"d5ebb545926f-217","amaranth",-7.49,11.42
"d5ebb545926f-222","amaranth",-7.5,11.44
"d5ebb545926f-223","amaranth",-7.5,11.43
"d5ebb545926f-224","amaranth",-7.5,11.43
"d5ebb545926f-225","amaranth",-7.51,11.43
"d5ebb545926f-226","amaranth",-7.5,11.43
"d5ebb545926f-227","amaranth",-7.5,11.44
"d5ebb545926f-229","amaranth",-7.47,11.43
"d5ebb545926f-230","amaranth",-7.5,11.42
"d5ebb545926f-231","amaranth",-7.5,11.43
"d5ebb545926f-232","amaranth",-7.5,11.43
"d5ebb545926f-234","amaranth",-7.51,11.44
"d5ebb545926f-236","amaranth",-7.51,11.43
"d5ebb545926f-237","amaranth",-7.51,11.43
"d5ebb545926f-238","amaranth",-7.51,11.44
"d5ebb545926f-240","amaranth",-7.51,11.44
"d5ebb545926f-241","amaranth",-7.5,11.44
"d5ebb545926f-244","amaranth",-7.54,11.38
"d5ebb545926f-248","amaranth",-7.56,11.37
"d5ebb545926f-249","amaranth",-7.56,11.38
"d5ebb545926f-250","amaranth",-7.5,11.44
"d5ebb545926f-251","amaranth",-7.55,11.37
"d5ebb545926f-252","amaranth",-7.5,11.44
"d5ebb545926f-253","amaranth",-7.51,11.45
"d5ebb545926f-254","amaranth",-7.49,11.45
"d5ebb545926f-256","amaranth",-7.49,11.45
"d5ebb545926f-261","amaranth",-7.49,11.42
"d5ebb545926f-263","amaranth",-7.51,11.44
"d5ebb545926f-264","amaranth",-7.5,11.43
"d5ebb545926f-271","amaranth",-7.49,11.46
"d5ebb545926f-272","amaranth",-7.49,11.44
"d5ebb545926f-273","amaranth",-7.49,11.44
"d5ebb545926f-274","amaranth",-7.5,11.45
"d5ebb545926f-275","amaranth",-7.5,11.45
"d5ebb545926f-277","amaranth",-7.49,11.43
"d5ebb545926f-278","amaranth",-7.51,11.44
"d5ebb545926f-281","amaranth",-7.58,11.31
"d5ebb545926f-288","amaranth",-7.59,11.32
"d5ebb545926f-293","amaranth",-7.63,12.5
"d5ebb545926f-298","amaranth",-7.49,11.41
"d5ebb545926f-299","amaranth",-7.49,11.43
"d5ebb545926f-300","amaranth",-7.56,11.37
"d5ebb545926f-301","amaranth",-7.5,11.42
"d5ebb545926f-302","amaranth",-7.51,11.42
"d5ebb545926f-303","amaranth",-7.56,11.37
"d5ebb545926f-304","amaranth",-7.56,11.38
"d5ebb545926f-305","amaranth",-7.48,11.42
"d5ebb545926f-306","amaranth",-7.55,11.38
"d5ebb545926f-310","amaranth",-7.5,11.42
"d5ebb545926f-311","amaranth",-7.5,11.41
"d5ebb545926f-312","amaranth",-7.5,11.43
"d5ebb545926f-313","amaranth",-7.5,11.43
"d5ebb545926f-323","amaranth",-7.5,11.41
"d5ebb545926f-325","amaranth",-7.42,11.37
"d5ebb545926f-326","amaranth",-7.44,11.37
"d5ebb545926f-327","amaranth",-7.42,11.36
"d5ebb545926f-328","amaranth",-7.43,11.36
"d5ebb545926f-335","amaranth",-7.5,11.42
"d5ebb545926f-336","amaranth",-7.44,11.38
"d5ebb545926f-337","amaranth",-7.44,11.35
"d5ebb545926f-343","amaranth",-7.44,11.36
"d5ebb545926f-347","amaranth",-7.42,11.37
"d5ebb545926f-348","amaranth",-7.49,11.41
"d5ebb545926f-349","amaranth",-7.43,11.39
"d5ebb545926f-352","amaranth",-7.43,11.37
"d5ebb545926f-353","amaranth",-7.49,11.43
"d5ebb545926f-354","amaranth",-7.48,11.43
"d5ebb545926f-355","amaranth",-7.49,11.43
"d5ebb545926f-358","amaranth",-7.42,11.38
"d5ebb545926f-360","amaranth",-7.42,11.37
"d5ebb545926f-362","amaranth",-7.42,11.39
"d5ebb545926f-369","amaranth",-7.41,11.38
"d5ebb545926f-371","amaranth",-7.42,11.38
"d5ebb545926f-377","amaranth",-7.43,11.38
"d5ebb545926f-378","amaranth",-7.43,11.37
"d5ebb545926f-379","amaranth",-7.49,11.43
"d5ebb545926f-380","amaranth",-7.49,11.44
"d5ebb545926f-381","amaranth",-7.48,11.44
"d5ebb545926f-383","amaranth",-7.48,11.42
"d5ebb545926f-385","amaranth",-7.44,11.37
"d5ebb545926f-390","amaranth",-7.42,11.39
"d5ebb545926f-391","amaranth",-7.42,11.38
"d5ebb545926f-393","amaranth",-7.49,11.43
"d5ebb545926f-406","amaranth",-7.43,11.38
"d5ebb545926f-407","amaranth",-7.42,11.38
"d5ebb545926f-409","amaranth",-7.43,11.38
"d5ebb545926f-411","amaranth",-7.43,11.38
"d5ebb545926f-412","amaranth",-7.43,11.37
"d5ebb545926f-415","amaranth",-7.43,11.35
"d5ebb545926f-418","amaranth",-7.45,11.35
"d5ebb545926f-420","amaranth",-7.44,11.36
"d5ebb545926f-423","amaranth",-7.43,11.35
"d5ebb545926f-424","amaranth",-7.44,11.36
"d5ebb545926f-426","amaranth",-7.44,11.35
"d5ebb545926f-431","amaranth",-7.44,11.36
"d5ebb545926f-433","amaranth",-7.58,11.35
"d5ebb545926f-434","amaranth",-7.6,11.36
"d5ebb545926f-435","amaranth",-7.58,11.36
"d5ebb545926f-436","amaranth",-7.6,11.35
"d5ebb545926f-437","amaranth",-7.58,11.35
"d5ebb545926f-438","amaranth",-7.48,11.42
"d5ebb545926f-439","amaranth",-7.59,11.34
"d5ebb545926f-440","amaranth",-7.58,11.36
"d5ebb545926f-441","amaranth",-7.58,11.36
"d5ebb545926f-442","amaranth",-7.59,11.37
"d5ebb545926f-443","amaranth",-7.47,11.45
"d5ebb545926f-444","amaranth",-7.6,11.37
"d5ebb545926f-445","amaranth",-7.59,11.37
"d5ebb545926f-446","amaranth",-7.59,11.37
"d5ebb545926f-447","amaranth",-7.59,11.37
"d5ebb545926f-448","amaranth",-7.49,11.43
"d5ebb545926f-449","amaranth",-7.48,11.45
"d5ebb545926f-450","amaranth",-7.59,11.37
"d5ebb545926f-451","amaranth",-7.59,11.35
"d5ebb545926f-452","amaranth",-7.47,11.43
"d5ebb545926f-453","amaranth",-7.58,11.37
"d5ebb545926f-454","amaranth",-7.58,11.37
"d5ebb545926f-455","amaranth",-7.46,11.42
"d5ebb545926f-456","amaranth",-7.47,11.43
"d5ebb545926f-457","amaranth",-7.47,11.42
"d5ebb545926f-458","amaranth",-7.48,11.44
"d5ebb545926f-459","amaranth",-7.59,11.37
"d5ebb545926f-460","amaranth",-7.58,11.36
"d5ebb545926f-461","amaranth",-7.6,11.36
"d5ebb545926f-462","amaranth",-7.58,11.36
"d5ebb545926f-463","amaranth",-7.47,11.43
"d5ebb545926f-464","amaranth",-7.6,11.37
"d5ebb545926f-465","amaranth",-7.48,11.45
"d5ebb545926f-467","amaranth",-7.48,11.44
"d5ebb545926f-468","amaranth",-7.58,11.36
"d5ebb545926f-473","amaranth",-7.48,11.43
"d5ebb545926f-474","amaranth",-7.47,11.43
"d5ebb545926f-475","amaranth",-7.47,11.45
"d5ebb545926f-476","amaranth",-7.48,11.42
"d5ebb545926f-477","amaranth",-7.47,11.44
"d5ebb545926f-478","amaranth",-7.46,11.43
"d5ebb545926f-479","amaranth",-7.48,11.42
"d5ebb545926f-480","amaranth",-7.47,11.44
"d5ebb545926f-481","amaranth",-7.48,11.43
"d5ebb545926f-482","amaranth",-7.6,11.36
"d5ebb545926f-483","amaranth",-7.47,11.43
"d5ebb545926f-484","amaranth",-7.48,11.44
"d5ebb545926f-485","amaranth",-7.48,11.43
"d5ebb545926f-486","amaranth",-7.47,11.43
"d5ebb545926f-487","amaranth",-7.79,11.84
"d5ebb545926f-488","amaranth",-7.78,11.83
"d5ebb545926f-489","amaranth",-7.79,11.83
"d5ebb545926f-490","amaranth",-7.78,11.82
"d5ebb545926f-491","amaranth",-7.77,11.82
"d5ebb545926f-492","amaranth",-7.79,11.83
"d5ebb545926f-493","amaranth",-7.78,11.83
"d5ebb545926f-494","amaranth",-7.78,11.82
"d5ebb545926f-495","amaranth",-7.78,11.82
"d5ebb545926f-496","amaranth",-7.79,11.83
"d5ebb545926f-497","amaranth",-7.79,11.84
"d5ebb545926f-498","amaranth",-7.78,11.83
"d5ebb545926f-499","amaranth",-7.79,11.82
"d5ebb545926f-500","amaranth",-7.77,11.82
"d5ebb545926f-501","amaranth",-7.79,11.84
"d5ebb545926f-502","amaranth",-7.79,11.84
"d5ebb545926f-503","amaranth",-7.79,11.82
"d5ebb545926f-504","amaranth",-7.77,11.82
"d5ebb545926f-505","amaranth",-7.78,11.82
"d5ebb545926f-506","amaranth",-7.78,11.84
"d5ebb545926f-507","amaranth",-7.78,11.83
"d5ebb545926f-508","amaranth",-7.77,11.83
"d5ebb545926f-509","amaranth",-7.78,11.83
"d5ebb545926f-510","amaranth",-7.78,11.83
"d5ebb545926f-511","amaranth",-7.78,11.83
"d5ebb545926f-512","amaranth",-7.78,11.83
"d5ebb545926f-513","amaranth",-7.79,11.83
"d5ebb545926f-514","amaranth",-7.94,12.5
"d5ebb545926f-515","amaranth",-7.74,12.65
"d5ebb545926f-516","amaranth",-7.73,12.66
"d5ebb545926f-517","amaranth",-7.65,12.49
"d5ebb545926f-522","amaranth",-7.72,12.65
"d5ebb545926f-536","amaranth",-7.72,12.66
"d5ebb545926f-537","amaranth",-7.73,12.65
"d5ebb545926f-538","amaranth",-7.72,12.64
"d5ebb545926f-539","amaranth",-7.73,12.65
"d5ebb545926f-541","amaranth",-8.15,12.8
"d5ebb545926f-542","amaranth",-8.15,12.78
"d5ebb545926f-543","amaranth",-8.15,12.78
"d5ebb545926f-544","amaranth",-8.16,12.79
"d5ebb545926f-545","amaranth",-8.17,12.8
"d5ebb545926f-546","amaranth",-8.14,12.79
"d5ebb545926f-547","amaranth",-8.16,12.79
"d5ebb545926f-548","amaranth",-8.16,12.78
"d5ebb545926f-549","amaranth",-8.15,12.8
"d5ebb545926f-550","amaranth",-8.15,12.79
"d5ebb545926f-551","amaranth",-8.15,12.8
"d5ebb545926f-552","amaranth",-8.16,12.78
"d5ebb545926f-553","amaranth",-8.15,12.78
"d5ebb545926f-554","amaranth",-8.15,12.78
"d5ebb545926f-555","amaranth",-8.14,12.78
"d5ebb545926f-556","amaranth",-8.15,12.78
"d5ebb545926f-557","amaranth",-8.16,12.78
"d5ebb545926f-558","amaranth",-8.15,12.78
"d5ebb545926f-559","amaranth",-8.14,12.8
"d5ebb545926f-560","amaranth",-8.12,12.74
"d5ebb545926f-561","amaranth",-8.13,12.75
"d5ebb545926f-562","amaranth",-8.12,12.74
"d5ebb545926f-563","amaranth",-8.12,12.76
"d5ebb545926f-564","amaranth",-7.98,12.6
"d5ebb545926f-565","amaranth",-8.14,12.76
"d5ebb545926f-566","amaranth",-8.12,12.75
"d5ebb545926f-567","amaranth",-8.12,12.75
"d5ebb545926f-588","amaranth",-7.74,12.62
"d5ebb545926f-589","amaranth",-7.74,12.63
"d5ebb545926f-590","amaranth",-7.73,12.64
"d5ebb545926f-591","amaranth",-7.74,12.63
"d5ebb545926f-592","amaranth",-7.74,12.62
"d5ebb545926f-593","amaranth",-7.73,12.63
"d5ebb545926f-595","amaranth",-8.34,12.38
"d5ebb545926f-596","amaranth",-8.35,12.36
"d5ebb545926f-597","amaranth",-8.27,12.32
"d5ebb545926f-598","amaranth",-8.34,12.37
"d5ebb545926f-599","amaranth",-8.29,12.37
"d5ebb545926f-600","amaranth",-8.34,12.36
"d5ebb545926f-601","amaranth",-8.34,12.37
"d5ebb545926f-602","amaranth",-8.3,12.38
"d5ebb545926f-603","amaranth",-8.35,12.36
"d5ebb545926f-604","amaranth",-8.35,12.37
"d5ebb545926f-605","amaranth",-8.33,12.36
"d5ebb545926f-606","amaranth",-8.32,12.31
"d5ebb545926f-607","amaranth",-8.33,12.33
"d5ebb545926f-608","amaranth",-8.31,12.34
"d5ebb545926f-609","amaranth",-8.34,12.36
"d5ebb545926f-610","amaranth",-8.33,12.37
"d5ebb545926f-611","amaranth",-8.39,12.34
"d5ebb545926f-612","amaranth",-8.29,12.32
"d5ebb545926f-613","amaranth",-8.27,12.32
"d5ebb545926f-614","amaranth",-8.27,12.31
"d5ebb545926f-615","amaranth",-8.28,12.3
"d5ebb545926f-616","amaranth",-8.29,12.3
"d5ebb545926f-617","amaranth",-8.35,12.36
"d5ebb545926f-618","amaranth",-8.29,12.31
"d5ebb545926f-619","amaranth",-8.34,12.38
"d5ebb545926f-622","amaranth",-7.95,12.37
"d5ebb545926f-623","amaranth",-7.95,12.39
"d5ebb545926f-624","amaranth",-7.96,12.38
"d5ebb545926f-625","amaranth",-7.96,12.38
"d5ebb545926f-626","amaranth",-7.97,12.39
"d5ebb545926f-627","amaranth",-7.96,12.38
"d5ebb545926f-628","amaranth",-7.96,12.39
"d5ebb545926f-629","amaranth",-7.97,12.38
"d5ebb545926f-630","amaranth",-7.97,12.39
"d5ebb545926f-631","amaranth",-7.96,12.38
"d5ebb545926f-632","amaranth",-7.97,12.39
"d5ebb545926f-633","amaranth",-7.96,12.4
"d5ebb545926f-634","amaranth",-7.95,12.39
"d5ebb545926f-635","amaranth",-7.95,12.38
"d5ebb545926f-636","amaranth",-7.96,12.39
"d5ebb545926f-637","amaranth",-7.97,12.38
"d5ebb545926f-638","amaranth",-7.97,12.37
"d5ebb545926f-639","amaranth",-7.97,12.38
"d5ebb545926f-640","amaranth",-7.95,12.38
"d5ebb545926f-641","amaranth",-7.96,12.37
"d5ebb545926f-642","amaranth",-7.96,12.4
"d5ebb545926f-643","amaranth",-7.95,12.39
"d5ebb545926f-644","amaranth",-7.95,12.39
"d5ebb545926f-645","amaranth",-7.97,12.38
"d5ebb545926f-646","amaranth",-7.97,12.38
"d5ebb545926f-647","amaranth",-7.96,12.39
"d5ebb545926f-648","amaranth",-7.96,12.38
"d5ebb545926f-650","amaranth",-7.63,12.49
"d5ebb545926f-651","amaranth",-7.66,12.49
"d5ebb545926f-653","amaranth",-7.64,12.49
"d5ebb545926f-654","amaranth",-7.64,12.49
"d5ebb545926f-656","amaranth",-7.63,12.5
"d5ebb545926f-664","amaranth",-7.64,12.54
"80b3c49a612b-1","jutemallow",1.9,6.39
"80b3c49a612b-2","jutemallow",1.86,6.39
"80b3c49a612b-3","jutemallow",1.84,6.44
"80b3c49a612b-4","jutemallow",1.86,6.39
"80b3c49a612b-5","jutemallow",1.86,6.39
"80b3c49a612b-6","jutemallow",1.83,6.42
"80b3c49a612b-7","jutemallow",1.9,6.42
"80b3c49a612b-8","jutemallow",1.9,6.44
"80b3c49a612b-9","jutemallow",1.91,6.41
"80b3c49a612b-10","jutemallow",1.86,6.37
"80b3c49a612b-11","jutemallow",1.87,6.37
"80b3c49a612b-13","jutemallow",1.98,6.56
"80b3c49a612b-14","jutemallow",1.9,6.62
"80b3c49a612b-16","jutemallow",2.1,6.84
"80b3c49a612b-18","jutemallow",2.05,6.69
"80b3c49a612b-19","jutemallow",1.95,6.6
"80b3c49a612b-21","jutemallow",2.05,6.67
"80b3c49a612b-22","jutemallow",2.1,6.85
"80b3c49a612b-23","jutemallow",2.08,6.68
"80b3c49a612b-24","jutemallow",1.98,6.62
"80b3c49a612b-25","jutemallow",1.96,6.6
"80b3c49a612b-26","jutemallow",2.09,6.76
"80b3c49a612b-27","jutemallow",2.05,6.71
"80b3c49a612b-28","jutemallow",1.96,6.61
"80b3c49a612b-29","jutemallow",1.99,6.6
"80b3c49a612b-30","jutemallow",2,6.61
"80b3c49a612b-31","jutemallow",2,6.6
"80b3c49a612b-32","jutemallow",2,6.6
"80b3c49a612b-33","jutemallow",2.09,6.75
"80b3c49a612b-34","jutemallow",2.09,6.76
"80b3c49a612b-35","jutemallow",2.1,6.76
"80b3c49a612b-36","jutemallow",2.11,6.68
"80b3c49a612b-37","jutemallow",2.09,6.68
"80b3c49a612b-38","jutemallow",1.87,6.57
"80b3c49a612b-39","jutemallow",2.08,6.77
"80b3c49a612b-40","jutemallow",2.1,6.76
"80b3c49a612b-41","jutemallow",2.09,6.76
"80b3c49a612b-42","jutemallow",1.99,6.59
"80b3c49a612b-43","jutemallow",2.06,6.67
"80b3c49a612b-45","jutemallow",1.98,6.55
"80b3c49a612b-46","jutemallow",2.09,6.74
"80b3c49a612b-47","jutemallow",1.99,6.59
"80b3c49a612b-48","jutemallow",2.05,6.69
"80b3c49a612b-49","jutemallow",2,6.6
"80b3c49a612b-50","jutemallow",1.98,6.6
"80b3c49a612b-51","jutemallow",2.08,6.75
"80b3c49a612b-52","jutemallow",2.09,6.76
"80b3c49a612b-53","jutemallow",2.08,6.68
"80b3c49a612b-54","jutemallow",2.06,6.69
"80b3c49a612b-55","jutemallow",2.07,6.69
"80b3c49a612b-56","jutemallow",2.02,6.66
"80b3c49a612b-57","jutemallow",2.03,6.66
"80b3c49a612b-58","jutemallow",1.98,6.6
"80b3c49a612b-59","jutemallow",2,6.61
"80b3c49a612b-60","jutemallow",1.96,6.61
"80b3c49a612b-63","jutemallow",1.99,6.6
"80b3c49a612b-64","jutemallow",1.98,6.62
"80b3c49a612b-65","jutemallow",1.99,6.59
"80b3c49a612b-66","jutemallow",1.98,6.61
"80b3c49a612b-67","jutemallow",2.07,6.69
"80b3c49a612b-68","jutemallow",2.12,6.68
"80b3c49a612b-69","jutemallow",2.03,6.66
"80b3c49a612b-70","jutemallow",2.04,6.66
"80b3c49a612b-71","jutemallow",2.1,6.75
"80b3c49a612b-72","jutemallow",2.05,6.68
"80b3c49a612b-73","jutemallow",1.98,6.61
"80b3c49a612b-74","jutemallow",1.98,6.62
"80b3c49a612b-75","jutemallow",2.09,6.75
"80b3c49a612b-76","jutemallow",2.08,6.76
"80b3c49a612b-77","jutemallow",1.98,6.63
"80b3c49a612b-78","jutemallow",2.09,6.77
"80b3c49a612b-80","jutemallow",2,6.6
"80b3c49a612b-81","jutemallow",1.92,6.6
"80b3c49a612b-82","jutemallow",2.55,6.6
"80b3c49a612b-83","jutemallow",2.53,6.6
"80b3c49a612b-84","jutemallow",2.55,6.6
"80b3c49a612b-85","jutemallow",2.55,6.6
"80b3c49a612b-86","jutemallow",2.53,6.59
"80b3c49a612b-87","jutemallow",2.53,6.61
"80b3c49a612b-88","jutemallow",2.53,6.61
"80b3c49a612b-89","jutemallow",2.53,6.61
"80b3c49a612b-90","jutemallow",2.53,6.61
"80b3c49a612b-91","jutemallow",2.55,6.6
"80b3c49a612b-92","jutemallow",2.55,6.6
"80b3c49a612b-93","jutemallow",2.53,6.59
"80b3c49a612b-94","jutemallow",2.55,6.61
"80b3c49a612b-95","jutemallow",2.53,6.61
"80b3c49a612b-96","jutemallow",2.53,6.59
"80b3c49a612b-97","jutemallow",2.53,6.59
"80b3c49a612b-98","jutemallow",2.55,6.57
"80b3c49a612b-99","jutemallow",2.56,6.59
"80b3c49a612b-100","jutemallow",2.51,6.6
"80b3c49a612b-101","jutemallow",2.52,6.6
"80b3c49a612b-102","jutemallow",2.52,6.61
"80b3c49a612b-103","jutemallow",2.53,6.82
"80b3c49a612b-104","jutemallow",2.53,6.83
"80b3c49a612b-105","jutemallow",2.53,6.83
"80b3c49a612b-106","jutemallow",2.53,6.84
"80b3c49a612b-107","jutemallow",2.53,6.84
"80b3c49a612b-108","jutemallow",2.46,6.91
"80b3c49a612b-109","jutemallow",2.44,6.94
"80b3c49a612b-111","jutemallow",2.51,6.88
"80b3c49a612b-112","jutemallow",2.49,6.82
"80b3c49a612b-113","jutemallow",2.52,6.82
"80b3c49a612b-114","jutemallow",2.45,6.89
"80b3c49a612b-115","jutemallow",2.47,6.9
"80b3c49a612b-116","jutemallow",2.46,6.9
"80b3c49a612b-117","jutemallow",2.45,6.9
"80b3c49a612b-118","jutemallow",2.46,6.9
"80b3c49a612b-119","jutemallow",2.52,6.83
"80b3c49a612b-120","jutemallow",2.45,6.81
"80b3c49a612b-121","jutemallow",2.53,6.84
"80b3c49a612b-122","jutemallow",2.43,6.92
"80b3c49a612b-123","jutemallow",2.45,6.81
"80b3c49a612b-124","jutemallow",2.48,6.81
"80b3c49a612b-125","jutemallow",2.48,6.79
"80b3c49a612b-126","jutemallow",2.48,6.79
"80b3c49a612b-127","jutemallow",2.49,6.8
"80b3c49a612b-128","jutemallow",2.49,6.7
"80b3c49a612b-129","jutemallow",2.48,6.68
"80b3c49a612b-130","jutemallow",2.46,6.63
"80b3c49a612b-131","jutemallow",2.46,6.67
"80b3c49a612b-132","jutemallow",2.48,6.75
"80b3c49a612b-133","jutemallow",2.48,6.65
"80b3c49a612b-134","jutemallow",2.48,6.65
"80b3c49a612b-135","jutemallow",2.48,6.65
"80b3c49a612b-136","jutemallow",2.49,6.7
"80b3c49a612b-137","jutemallow",2.47,6.71
"80b3c49a612b-138","jutemallow",2.56,6.55
"80b3c49a612b-139","jutemallow",2.59,6.57
"80b3c49a612b-140","jutemallow",2.6,6.52
"80b3c49a612b-142","jutemallow",2.61,6.39
"80b3c49a612b-143","jutemallow",2.61,6.37
"80b3c49a612b-144","jutemallow",2.59,6.37
"80b3c49a612b-145","jutemallow",2.61,6.37
"80b3c49a612b-146","jutemallow",2.61,6.38
"80b3c49a612b-147","jutemallow",2.62,6.36
"80b3c49a612b-148","jutemallow",2.61,6.38
"80b3c49a612b-149","jutemallow",2.61,6.36
"80b3c49a612b-150","jutemallow",2.6,6.37
"80b3c49a612b-151","jutemallow",2.57,6.37
"80b3c49a612b-152","jutemallow",2.56,6.36
"80b3c49a612b-153","jutemallow",2.58,6.37
"80b3c49a612b-154","jutemallow",2.58,6.37
"80b3c49a612b-155","jutemallow",2.59,6.37
"80b3c49a612b-156","jutemallow",2.57,6.37
"80b3c49a612b-157","jutemallow",2.58,6.37
"80b3c49a612b-158","jutemallow",2.58,6.37
"80b3c49a612b-159","jutemallow",2.59,6.37
"80b3c49a612b-160","jutemallow",2.6,6.38
"80b3c49a612b-161","jutemallow",2.61,6.36
"80b3c49a612b-162","jutemallow",2.62,6.37
"80b3c49a612b-163","jutemallow",2.69,6.38
"80b3c49a612b-164","jutemallow",2.69,6.37
"80b3c49a612b-165","jutemallow",2.57,6.38
"80b3c49a612b-167","jutemallow",2.56,6.38
"80b3c49a612b-168","jutemallow",2.58,6.38
"80b3c49a612b-169","jutemallow",2.57,6.38
"80b3c49a612b-170","jutemallow",1.83,6.55
"80b3c49a612b-172","jutemallow",1.86,6.56
"80b3c49a612b-173","jutemallow",1.82,6.56
"80b3c49a612b-174","jutemallow",1.73,6.65
"80b3c49a612b-175","jutemallow",1.87,6.56
"80b3c49a612b-176","jutemallow",1.84,6.56
"80b3c49a612b-177","jutemallow",1.81,6.71
"80b3c49a612b-178","jutemallow",1.81,6.49
"80b3c49a612b-180","jutemallow",1.82,6.59
"80b3c49a612b-183","jutemallow",1.78,6.61
"80b3c49a612b-184","jutemallow",1.77,6.61
"80b3c49a612b-185","jutemallow",1.79,6.61
"80b3c49a612b-186","jutemallow",1.83,6.56
"80b3c49a612b-187","jutemallow",1.81,6.55
"80b3c49a612b-188","jutemallow",1.8,6.55
"80b3c49a612b-189","jutemallow",1.78,6.62
"80b3c49a612b-191","jutemallow",1.78,6.62
"80b3c49a612b-192","jutemallow",1.77,6.61
"80b3c49a612b-193","jutemallow",1.78,6.62
"80b3c49a612b-194","jutemallow",1.83,6.66
"80b3c49a612b-195","jutemallow",1.83,6.71
"80b3c49a612b-196","jutemallow",1.78,6.61
"80b3c49a612b-197","jutemallow",1.83,6.51
"80b3c49a612b-198","jutemallow",1.8,6.49
"80b3c49a612b-199","jutemallow",1.83,6.5
"80b3c49a612b-200","jutemallow",1.82,6.5
"80b3c49a612b-201","jutemallow",1.79,6.6
"80b3c49a612b-202","jutemallow",1.79,6.61
"80b3c49a612b-204","jutemallow",1.81,6.56
"80b3c49a612b-205","jutemallow",1.87,6.57
"80b3c49a612b-206","jutemallow",1.82,6.56
"80b3c49a612b-207","jutemallow",1.81,6.71
"80b3c49a612b-208","jutemallow",1.82,6.57
"80b3c49a612b-209","jutemallow",1.78,6.62
"80b3c49a612b-210","jutemallow",1.83,6.65
"80b3c49a612b-213","jutemallow",1.82,6.67
"80b3c49a612b-214","jutemallow",1.8,6.72
"80b3c49a612b-215","jutemallow",1.82,6.65
"80b3c49a612b-216","jutemallow",1.8,6.7
"80b3c49a612b-217","jutemallow",1.81,6.72
"80b3c49a612b-218","jutemallow",1.81,6.71
"80b3c49a612b-219","jutemallow",1.82,6.66
"80b3c49a612b-220","jutemallow",1.71,6.64
"80b3c49a612b-221","jutemallow",1.67,6.66
"80b3c49a612b-222","jutemallow",1.72,6.63
"80b3c49a612b-223","jutemallow",1.71,6.64
"80b3c49a612b-224","jutemallow",1.71,6.65
"80b3c49a612b-226","jutemallow",1.72,6.63
"80b3c49a612b-227","jutemallow",1.68,6.73
"80b3c49a612b-230","jutemallow",1.71,6.61
"80b3c49a612b-235","jutemallow",1.71,6.62
"80b3c49a612b-244","jutemallow",1.7,6.62
"80b3c49a612b-273","jutemallow",2.35,6.51
"80b3c49a612b-274","jutemallow",2.37,6.51
"80b3c49a612b-275","jutemallow",2.33,6.39
"80b3c49a612b-276","jutemallow",2.33,6.42
"80b3c49a612b-277","jutemallow",2.36,6.58
"80b3c49a612b-278","jutemallow",2.31,6.39
"80b3c49a612b-279","jutemallow",2.31,6.4
"80b3c49a612b-280","jutemallow",2.32,6.51
"80b3c49a612b-281","jutemallow",2.35,6.64
"80b3c49a612b-282","jutemallow",2.3,6.43
"80b3c49a612b-283","jutemallow",2.31,6.44
"80b3c49a612b-284","jutemallow",2.32,6.49
"80b3c49a612b-285","jutemallow",2.32,6.5
"80b3c49a612b-286","jutemallow",2.29,6.45
"80b3c49a612b-287","jutemallow",2.3,6.44
"80b3c49a612b-288","jutemallow",2.29,6.44
"80b3c49a612b-289","jutemallow",2.31,6.44
"80b3c49a612b-290","jutemallow",2.28,6.44
"80b3c49a612b-291","jutemallow",2.28,6.44
"80b3c49a612b-292","jutemallow",2.3,6.42
"80b3c49a612b-293","jutemallow",2.28,6.42
"80b3c49a612b-294","jutemallow",1.69,6.58
"80b3c49a612b-295","jutemallow",1.76,6.6
"80b3c49a612b-296","jutemallow",1.76,6.57
"80b3c49a612b-297","jutemallow",1.74,6.58
"80b3c49a612b-298","jutemallow",1.63,6.63
"80b3c49a612b-299","jutemallow",1.66,6.57
"80b3c49a612b-300","jutemallow",1.69,6.55
"80b3c49a612b-301","jutemallow",1.69,6.59
"80b3c49a612b-302","jutemallow",1.74,6.59
"80b3c49a612b-303","jutemallow",1.75,6.55
"80b3c49a612b-304","jutemallow",1.75,6.54
"80b3c49a612b-305","jutemallow",1.73,6.58
"80b3c49a612b-306","jutemallow",1.73,6.56
"80b3c49a612b-307","jutemallow",1.66,6.58
"80b3c49a612b-308","jutemallow",1.67,6.6
"80b3c49a612b-309","jutemallow",1.69,6.56
"80b3c49a612b-310","jutemallow",1.72,6.56
"80b3c49a612b-311","jutemallow",1.68,6.61
"80b3c49a612b-312","jutemallow",1.69,6.57
"80b3c49a612b-314","jutemallow",1.69,6.56
"80b3c49a612b-315","jutemallow",1.74,6.58
"80b3c49a612b-316","jutemallow",1.76,6.59
"80b3c49a612b-317","jutemallow",1.62,6.62
"80b3c49a612b-318","jutemallow",1.69,6.6
"80b3c49a612b-319","jutemallow",1.77,6.58
"80b3c49a612b-320","jutemallow",1.69,6.58
"80b3c49a612b-322","jutemallow",1.73,6.59
"80b3c49a612b-323","jutemallow",1.72,6.59
"80b3c49a612b-324","jutemallow",1.77,6.56
"80b3c49a612b-325","jutemallow",1.67,6.58
"80b3c49a612b-326","jutemallow",1.69,6.59
"80b3c49a612b-327","jutemallow",1.67,6.57
"80b3c49a612b-328","jutemallow",1.69,6.57
"80b3c49a612b-329","jutemallow",1.68,6.6
"80b3c49a612b-330","jutemallow",1.68,6.59
"80b3c49a612b-331","jutemallow",1.69,6.59
"80b3c49a612b-332","jutemallow",1.63,6.59
"80b3c49a612b-333","jutemallow",1.72,6.56
"80b3c49a612b-334","jutemallow",2.68,6.53
"80b3c49a612b-335","jutemallow",2.67,6.53
"80b3c49a612b-336","jutemallow",2.71,6.49
"80b3c49a612b-337","jutemallow",2.67,6.49
"80b3c49a612b-338","jutemallow",2.68,6.48
"80b3c49a612b-339","jutemallow",2.68,6.49
"80b3c49a612b-340","jutemallow",2.69,6.5
"80b3c49a612b-341","jutemallow",2.68,6.49
"80b3c49a612b-342","jutemallow",2.68,6.48
"80b3c49a612b-343","jutemallow",2.67,6.49
"80b3c49a612b-344","jutemallow",2.68,6.48
"80b3c49a612b-345","jutemallow",2.68,6.5
"80b3c49a612b-346","jutemallow",2.67,6.5
"80b3c49a612b-347","jutemallow",2.67,6.49
"80b3c49a612b-348","jutemallow",2.72,6.5
"80b3c49a612b-349","jutemallow",2.7,6.52
"80b3c49a612b-350","jutemallow",2.69,6.52
"80b3c49a612b-351","jutemallow",2.69,6.49
"80b3c49a612b-352","jutemallow",2.68,6.48
"80b3c49a612b-353","jutemallow",2.67,6.49
"80b3c49a612b-354","jutemallow",2.22,6.37
"80b3c49a612b-355","jutemallow",2.62,6.46
"80b3c49a612b-356","jutemallow",2.64,6.48
"80b3c49a612b-357","jutemallow",2.65,6.47
"80b3c49a612b-358","jutemallow",2.62,6.46
"80b3c49a612b-359","jutemallow",2.64,6.46
"80b3c49a612b-360","jutemallow",2.64,6.47
"80b3c49a612b-361","jutemallow",2.66,6.5
"80b3c49a612b-362","jutemallow",2.63,6.46
"80b3c49a612b-363","jutemallow",2.63,6.47
"80b3c49a612b-364","jutemallow",2.62,6.45
"80b3c49a612b-365","jutemallow",2.62,6.47
"80b3c49a612b-366","jutemallow",2.63,6.47
"80b3c49a612b-367","jutemallow",2.65,6.46
"80b3c49a612b-369","jutemallow",2.64,6.46
"80b3c49a612b-370","jutemallow",2.65,6.5
"80b3c49a612b-371","jutemallow",3.21,12
"80b3c49a612b-372","jutemallow",2.61,6.37
"80b3c49a612b-373","jutemallow",3.23,11.97
"80b3c49a612b-374","jutemallow",3.22,11.97
"80b3c49a612b-375","jutemallow",3.23,11.97
"80b3c49a612b-376","jutemallow",3.23,11.97
"80b3c49a612b-377","jutemallow",3.22,11.97
"80b3c49a612b-378","jutemallow",3.21,11.99
"80b3c49a612b-379","jutemallow",3.21,11.99
"80b3c49a612b-380","jutemallow",3.24,11.97
"80b3c49a612b-381","jutemallow",3.23,11.98
"80b3c49a612b-382","jutemallow",3.24,11.98
"80b3c49a612b-383","jutemallow",3.22,11.98
"80b3c49a612b-384","jutemallow",3.24,11.97
"80b3c49a612b-385","jutemallow",3.22,12
"80b3c49a612b-386","jutemallow",3.23,11.99
"80b3c49a612b-387","jutemallow",3.23,12
"80b3c49a612b-388","jutemallow",3.23,11.97
"80b3c49a612b-389","jutemallow",3.21,11.97
"80b3c49a612b-390","jutemallow",3.22,11.98
"80b3c49a612b-391","jutemallow",3.23,11.97
"80b3c49a612b-392","jutemallow",3.47,11.79
"80b3c49a612b-394","jutemallow",3.47,11.81
"80b3c49a612b-395","jutemallow",3.46,11.79
"80b3c49a612b-399","jutemallow",3.47,11.8
"80b3c49a612b-401","jutemallow",3.48,11.79
"80b3c49a612b-403","jutemallow",3.49,11.79
"3aec31c2d6e6-1","okra",2.54,6.61
"3aec31c2d6e6-2","okra",2.53,6.61
"3aec31c2d6e6-3","okra",2.53,6.6
"3aec31c2d6e6-4","okra",2.55,6.59
"3aec31c2d6e6-5","okra",2.52,6.6
"3aec31c2d6e6-6","okra",2.53,6.62
"3aec31c2d6e6-7","okra",2.52,6.61
"3aec31c2d6e6-9","okra",2.55,6.63
"3aec31c2d6e6-10","okra",2.56,6.63
"3aec31c2d6e6-11","okra",2.54,6.62
"3aec31c2d6e6-12","okra",2.54,6.58
"3aec31c2d6e6-16","okra",2.56,6.58
"3aec31c2d6e6-34","okra",2.43,6.93
"3aec31c2d6e6-35","okra",2.42,6.92
"3aec31c2d6e6-36","okra",2.43,6.94
"3aec31c2d6e6-37","okra",2.43,6.93
"3aec31c2d6e6-38","okra",2.41,6.94
"3aec31c2d6e6-39","okra",2.43,6.92
"3aec31c2d6e6-40","okra",2.42,6.93
"3aec31c2d6e6-41","okra",2.43,6.94
"3aec31c2d6e6-42","okra",2.43,6.93
"3aec31c2d6e6-43","okra",2.43,6.93
"3aec31c2d6e6-44","okra",2.46,6.86
"3aec31c2d6e6-45","okra",2.46,6.87
"3aec31c2d6e6-46","okra",2.47,6.87
"3aec31c2d6e6-47","okra",2.47,6.85
"3aec31c2d6e6-48","okra",2.45,6.81
"3aec31c2d6e6-49","okra",2.48,6.82
"3aec31c2d6e6-50","okra",2.46,6.8
"3aec31c2d6e6-51","okra",2.46,6.82
"3aec31c2d6e6-52","okra",2.46,6.81
"3aec31c2d6e6-53","okra",2.46,7
"3aec31c2d6e6-54","okra",2.47,6.87
"3aec31c2d6e6-55","okra",2.49,6.83
"3aec31c2d6e6-56","okra",2.48,6.83
"3aec31c2d6e6-57","okra",2.48,6.82
"3aec31c2d6e6-58","okra",2.47,6.82
"3aec31c2d6e6-59","okra",2.46,6.8
"3aec31c2d6e6-60","okra",2.45,6.87
"3aec31c2d6e6-61","okra",2.5,6.89
"3aec31c2d6e6-62","okra",2.51,6.87
"3aec31c2d6e6-63","okra",2.37,6.73
"3aec31c2d6e6-64","okra",2.39,6.73
"3aec31c2d6e6-65","okra",2.38,6.73
"3aec31c2d6e6-67","okra",2.3,6.7
"3aec31c2d6e6-68","okra",2.29,6.72
"3aec31c2d6e6-69","okra",2.28,6.74
"3aec31c2d6e6-70","okra",2.29,6.72
"3aec31c2d6e6-71","okra",2.29,6.63
"3aec31c2d6e6-75","okra",2.31,6.77
"3aec31c2d6e6-76","okra",2.31,6.78
"3aec31c2d6e6-77","okra",2.31,6.78
"3aec31c2d6e6-79","okra",2.32,6.78
"3aec31c2d6e6-81","okra",2.26,6.78
"3aec31c2d6e6-82","okra",2.27,6.8
"3aec31c2d6e6-83","okra",2.25,6.8
"3aec31c2d6e6-84","okra",2.27,6.8
"3aec31c2d6e6-85","okra",2.26,6.79
"3aec31c2d6e6-86","okra",2.26,6.79
"3aec31c2d6e6-90","okra",2.3,6.73
"3aec31c2d6e6-91","okra",2.27,6.77
"3aec31c2d6e6-94","okra",2.37,6.74
"3aec31c2d6e6-95","okra",2.3,6.62
"3aec31c2d6e6-97","okra",2.3,6.63
"3aec31c2d6e6-98","okra",2.48,6.67
"3aec31c2d6e6-99","okra",2.49,6.66
"3aec31c2d6e6-100","okra",2.47,6.67
"3aec31c2d6e6-101","okra",2.49,6.65
"3aec31c2d6e6-102","okra",2.48,6.66
"3aec31c2d6e6-103","okra",2.49,6.66
"3aec31c2d6e6-104","okra",2.46,6.62
"3aec31c2d6e6-105","okra",2.46,6.64
"3aec31c2d6e6-106","okra",2.47,6.62
"3aec31c2d6e6-107","okra",2.49,6.67
"3aec31c2d6e6-108","okra",2.49,6.7
"3aec31c2d6e6-109","okra",2.47,6.64
"3aec31c2d6e6-110","okra",2.48,6.65
"3aec31c2d6e6-111","okra",2.46,6.75
"3aec31c2d6e6-112","okra",2.6,6.54
"3aec31c2d6e6-113","okra",2.57,6.62
"3aec31c2d6e6-114","okra",2.58,6.63
"3aec31c2d6e6-115","okra",2.59,6.66
"3aec31c2d6e6-116","okra",2.62,6.53
"3aec31c2d6e6-117","okra",2.6,6.38
"3aec31c2d6e6-118","okra",2.58,6.36
"3aec31c2d6e6-119","okra",2.59,6.37
"3aec31c2d6e6-120","okra",2.58,6.37
"3aec31c2d6e6-121","okra",2.57,6.35
"3aec31c2d6e6-122","okra",2.58,6.37
"3aec31c2d6e6-123","okra",2.56,6.37
"3aec31c2d6e6-124","okra",2.58,6.37
"3aec31c2d6e6-125","okra",2.58,6.36
"3aec31c2d6e6-126","okra",2.56,6.37
"3aec31c2d6e6-127","okra",2.55,6.37
"3aec31c2d6e6-128","okra",1.72,6.61
"3aec31c2d6e6-129","okra",1.72,6.64
"3aec31c2d6e6-130","okra",1.76,6.63
"3aec31c2d6e6-131","okra",1.72,6.63
"3aec31c2d6e6-133","okra",1.69,6.72
"3aec31c2d6e6-134","okra",1.71,6.63
"3aec31c2d6e6-135","okra",1.73,6.62
"3aec31c2d6e6-136","okra",1.71,6.63
"3aec31c2d6e6-137","okra",1.75,6.64
"3aec31c2d6e6-138","okra",1.71,6.64
"3aec31c2d6e6-139","okra",1.73,6.62
"3aec31c2d6e6-140","okra",1.71,6.64
"3aec31c2d6e6-141","okra",1.72,6.59
"3aec31c2d6e6-142","okra",1.71,6.63
"3aec31c2d6e6-143","okra",1.71,6.61
"3aec31c2d6e6-144","okra",1.72,6.63
"3aec31c2d6e6-145","okra",1.72,6.64
"3aec31c2d6e6-147","okra",1.71,6.64
"3aec31c2d6e6-148","okra",1.71,6.62
"3aec31c2d6e6-149","okra",1.73,6.66
"3aec31c2d6e6-151","okra",1.72,6.61
"3aec31c2d6e6-153","okra",1.73,6.68
"3aec31c2d6e6-155","okra",1.7,6.6
"3aec31c2d6e6-159","okra",1.71,6.65
"3aec31c2d6e6-160","okra",1.69,6.67
"3aec31c2d6e6-162","okra",1.71,6.65
"3aec31c2d6e6-166","okra",1.69,6.73
"3aec31c2d6e6-167","okra",1.68,6.7
"3aec31c2d6e6-168","okra",2.36,6.61
"3aec31c2d6e6-169","okra",2.39,6.38
"3aec31c2d6e6-170","okra",2.38,6.39
"3aec31c2d6e6-171","okra",2.4,6.5
"3aec31c2d6e6-172","okra",2.39,6.4
"3aec31c2d6e6-173","okra",2.5,6.38
"3aec31c2d6e6-174","okra",2.48,6.38
"3aec31c2d6e6-175","okra",2.37,6.39
"3aec31c2d6e6-176","okra",2.35,6.5
"3aec31c2d6e6-177","okra",2.35,6.49
"3aec31c2d6e6-178","okra",2.39,6.4
"3aec31c2d6e6-179","okra",2.39,6.39
"3aec31c2d6e6-180","okra",2.31,6.48
"3aec31c2d6e6-181","okra",2.4,6.39
"3aec31c2d6e6-182","okra",2.39,6.39
"3aec31c2d6e6-183","okra",2.32,6.47
"3aec31c2d6e6-184","okra",2.39,6.4
"3aec31c2d6e6-185","okra",2.38,6.39
"3aec31c2d6e6-186","okra",2.38,6.4
"3aec31c2d6e6-187","okra",2.4,6.4
"3aec31c2d6e6-188","okra",2.39,6.39
"3aec31c2d6e6-189","okra",2.38,6.38
"3aec31c2d6e6-190","okra",2.38,6.39
"3aec31c2d6e6-191","okra",2.38,6.39
"3aec31c2d6e6-192","okra",2.4,6.39
"3aec31c2d6e6-193","okra",2.3,6.48
"3aec31c2d6e6-194","okra",2.3,6.47
"3aec31c2d6e6-195","okra",2.31,6.46
"3aec31c2d6e6-196","okra",2.38,6.39
"3aec31c2d6e6-197","okra",2.34,6.47
"3aec31c2d6e6-198","okra",2.34,6.49
"3aec31c2d6e6-199","okra",2.39,6.4
"3aec31c2d6e6-200","okra",2.36,6.54
"3aec31c2d6e6-201","okra",2.39,6.38
"3aec31c2d6e6-202","okra",2.39,6.39
"3aec31c2d6e6-203","okra",2.4,6.38
"3aec31c2d6e6-204","okra",2.4,6.4
"3aec31c2d6e6-205","okra",2.4,6.4
"3aec31c2d6e6-206","okra",2.39,6.38
"3aec31c2d6e6-207","okra",2.4,6.39
"3aec31c2d6e6-208","okra",2.39,6.38
"3aec31c2d6e6-209","okra",2.39,6.38
"3aec31c2d6e6-210","okra",2.38,6.4
"3aec31c2d6e6-211","okra",2.38,6.39
"3aec31c2d6e6-212","okra",2.39,6.4
"3aec31c2d6e6-213","okra",2.35,6.53
"3aec31c2d6e6-214","okra",2.37,6.6
"3aec31c2d6e6-215","okra",2.38,6.4
"3aec31c2d6e6-216","okra",2.39,6.41
"3aec31c2d6e6-217","okra",2.37,6.59
"3aec31c2d6e6-218","okra",2.36,6.54
"3aec31c2d6e6-219","okra",2.38,6.4
"3aec31c2d6e6-220","okra",2.39,6.4
"3aec31c2d6e6-221","okra",2.39,6.39
"3aec31c2d6e6-222","okra",2.36,6.53
"3aec31c2d6e6-223","okra",2.38,6.55
"3aec31c2d6e6-224","okra",2.38,6.4
"3aec31c2d6e6-226","okra",2.37,6.58
"3aec31c2d6e6-227","okra",2.38,6.56
"3aec31c2d6e6-228","okra",2.33,6.52
"3aec31c2d6e6-229","okra",2.3,6.43
"3aec31c2d6e6-230","okra",2.3,6.45
"3aec31c2d6e6-231","okra",2.36,6.6
"3aec31c2d6e6-232","okra",2.3,6.44
"3aec31c2d6e6-233","okra",2.54,6.53
"3aec31c2d6e6-234","okra",2.55,6.53
"3aec31c2d6e6-235","okra",2.53,6.53
"3aec31c2d6e6-236","okra",2.54,6.51
"3aec31c2d6e6-237","okra",2.52,6.51
"3aec31c2d6e6-238","okra",2.54,6.52
"3aec31c2d6e6-239","okra",2.56,6.49
"3aec31c2d6e6-240","okra",2.52,6.52
"3aec31c2d6e6-241","okra",2.53,6.53
"3aec31c2d6e6-242","okra",2.53,6.53
"3aec31c2d6e6-243","okra",2.56,6.49
"3aec31c2d6e6-244","okra",2.54,6.54
"3aec31c2d6e6-245","okra",2.51,6.52
"3aec31c2d6e6-246","okra",2.54,6.5
"3aec31c2d6e6-247","okra",2.53,6.51
"3aec31c2d6e6-248","okra",2.56,6.49
"3aec31c2d6e6-249","okra",2.53,6.53
"3aec31c2d6e6-251","okra",2.53,6.52
"3aec31c2d6e6-252","okra",2.55,6.5
"3aec31c2d6e6-253","okra",2.55,6.54
"3aec31c2d6e6-254","okra",2.51,6.51
"3aec31c2d6e6-255","okra",2.53,6.52
"3aec31c2d6e6-256","okra",2.53,6.52
"3aec31c2d6e6-257","okra",2.54,6.52
"3aec31c2d6e6-258","okra",2.54,6.48
"3aec31c2d6e6-259","okra",2.53,6.53
"3aec31c2d6e6-260","okra",2.55,6.53
"3aec31c2d6e6-261","okra",2.55,6.53
"3aec31c2d6e6-262","okra",2.53,6.52
"3aec31c2d6e6-263","okra",2.54,6.52
"3aec31c2d6e6-264","okra",2.52,6.53
"3aec31c2d6e6-265","okra",2.55,6.52
"3aec31c2d6e6-266","okra",2.53,6.53
"3aec31c2d6e6-267","okra",2.55,6.52
"3aec31c2d6e6-268","okra",2.53,6.54
"3aec31c2d6e6-269","okra",2.54,6.54
"3aec31c2d6e6-270","okra",2.54,6.52
"3aec31c2d6e6-271","okra",2.54,6.53
"3aec31c2d6e6-272","okra",2.53,6.53
"3aec31c2d6e6-273","okra",2.53,6.53
"3aec31c2d6e6-274","okra",2.53,6.54
"3aec31c2d6e6-275","okra",2.54,6.54
"3aec31c2d6e6-276","okra",2.55,6.48
"3aec31c2d6e6-277","okra",2.55,6.53
"3aec31c2d6e6-278","okra",2.51,6.52
"3aec31c2d6e6-279","okra",2.55,6.52
"3aec31c2d6e6-280","okra",2.54,6.54
"3aec31c2d6e6-281","okra",2.55,6.51
"3aec31c2d6e6-282","okra",2.54,6.54
"3aec31c2d6e6-283","okra",2.54,6.54
"3aec31c2d6e6-284","okra",2.54,6.51
"3aec31c2d6e6-285","okra",2.54,6.49
"3aec31c2d6e6-287","okra",2.53,6.52
"3aec31c2d6e6-288","okra",2.57,6.47
"3aec31c2d6e6-289","okra",2.56,6.48
"3aec31c2d6e6-290","okra",2.56,6.48
"3aec31c2d6e6-291","okra",2.53,6.53
"3aec31c2d6e6-292","okra",2.55,6.54
"3aec31c2d6e6-293","okra",2.53,6.49
"3aec31c2d6e6-294","okra",2.55,6.48
"3aec31c2d6e6-295","okra",2.54,6.48
"3aec31c2d6e6-296","okra",2.53,6.52
"3aec31c2d6e6-297","okra",2.55,6.53
"3aec31c2d6e6-298","okra",2.54,6.51
"3aec31c2d6e6-299","okra",2.55,6.49
"3aec31c2d6e6-300","okra",2.53,6.53
"3aec31c2d6e6-310","okra",2.24,6.87
"3aec31c2d6e6-313","okra",2.02,6.41
"3aec31c2d6e6-314","okra",2.21,6.38
"3aec31c2d6e6-315","okra",2.21,6.37
"3aec31c2d6e6-316","okra",2.21,6.36
"3aec31c2d6e6-317","okra",2.21,6.37
"3aec31c2d6e6-318","okra",2.59,6.5
"3aec31c2d6e6-319","okra",2.59,6.51
"3aec31c2d6e6-320","okra",2.6,6.52
"3aec31c2d6e6-321","okra",2.58,6.5
"3aec31c2d6e6-322","okra",2.58,6.48
"3aec31c2d6e6-323","okra",2.57,6.5
"3aec31c2d6e6-324","okra",2.65,6.49
"3aec31c2d6e6-325","okra",2.62,6.52
"3aec31c2d6e6-326","okra",2.64,6.46
"3aec31c2d6e6-327","okra",2.65,6.52
"3aec31c2d6e6-328","okra",2.64,6.51
"3aec31c2d6e6-329","okra",2.65,6.51
"3aec31c2d6e6-330","okra",2.59,6.53
"3aec31c2d6e6-331","okra",2.64,6.45
"3aec31c2d6e6-332","okra",2.64,6.46
"3aec31c2d6e6-333","okra",2.64,6.47
"3aec31c2d6e6-334","okra",1.77,6.27
"3aec31c2d6e6-335","okra",1.72,6.27
"3aec31c2d6e6-336","okra",1.79,6.26
"3aec31c2d6e6-338","okra",1.78,6.27
"3aec31c2d6e6-339","okra",1.77,6.28
"3aec31c2d6e6-340","okra",1.74,6.26
"3aec31c2d6e6-341","okra",1.79,6.26
"3aec31c2d6e6-342","okra",1.82,6.27
"3aec31c2d6e6-343","okra",1.78,6.27
"3aec31c2d6e6-344","okra",1.73,6.27
"3aec31c2d6e6-345","okra",1.73,6.27
"3aec31c2d6e6-346","okra",1.79,6.27
"3aec31c2d6e6-347","okra",1.77,6.26
"3aec31c2d6e6-349","okra",3.23,11.94
"3aec31c2d6e6-351","okra",3.24,11.95
"3aec31c2d6e6-352","okra",3.24,11.93
"3aec31c2d6e6-353","okra",3.24,11.94
"3aec31c2d6e6-354","okra",3.24,11.93
"3aec31c2d6e6-355","okra",3.24,11.94
"3aec31c2d6e6-356","okra",3.24,11.94
"3aec31c2d6e6-357","okra",3.23,11.94
"3aec31c2d6e6-358","okra",3.23,11.93
"3aec31c2d6e6-359","okra",3.23,11.93
"3aec31c2d6e6-360","okra",3.25,11.94
"3aec31c2d6e6-361","okra",3.24,11.94
"3aec31c2d6e6-362","okra",3.23,11.98
"3aec31c2d6e6-363","okra",3.21,11.98
"3aec31c2d6e6-364","okra",3.23,11.98
"3aec31c2d6e6-365","okra",3.22,11.98
"3aec31c2d6e6-366","okra",3.21,11.98
"3aec31c2d6e6-367","okra",3.21,11.99
"3aec31c2d6e6-368","okra",3.22,11.98
"3aec31c2d6e6-369","okra",3.22,11.98
"3aec31c2d6e6-370","okra",3.22,11.98
"3aec31c2d6e6-371","okra",3.22,11.99
"3aec31c2d6e6-372","okra",3.21,11.98
"3aec31c2d6e6-373","okra",3.22,11.98
"3aec31c2d6e6-374","okra",3.21,11.98
"3aec31c2d6e6-375","okra",3.21,11.98
"3aec31c2d6e6-377","okra",3.22,11.99
"3aec31c2d6e6-378","okra",3.22,11.97
"3aec31c2d6e6-379","okra",3.23,11.99
"3aec31c2d6e6-380","okra",3.22,11.98
"3aec31c2d6e6-381","okra",3.21,11.97
"3aec31c2d6e6-382","okra",3.21,11.98
"3aec31c2d6e6-383","okra",3.21,11.97
"3aec31c2d6e6-384","okra",3.21,11.98
"3aec31c2d6e6-385","okra",3.21,11.99
"3aec31c2d6e6-386","okra",3.23,11.99
"3aec31c2d6e6-387","okra",3.23,11.99
"3aec31c2d6e6-388","okra",3.22,11.98
"3aec31c2d6e6-389","okra",3.23,11.99
"3aec31c2d6e6-401","okra",3.18,12.05
"3aec31c2d6e6-418","okra",3.55,11.7
"3aec31c2d6e6-420","okra",3.55,11.71
"3aec31c2d6e6-421","okra",3.55,11.71
"3aec31c2d6e6-422","okra",3.54,11.71
"3aec31c2d6e6-423","okra",3.55,11.71
"3aec31c2d6e6-424","okra",3.54,11.71
"3aec31c2d6e6-425","okra",3.55,11.69
"3aec31c2d6e6-427","okra",3.54,11.71
"3aec31c2d6e6-428","okra",3.53,11.71
"3aec31c2d6e6-429","okra",3.55,11.72
"3aec31c2d6e6-430","okra",3.54,11.7
"3aec31c2d6e6-433","okra",3.4,11.8
"3aec31c2d6e6-434","okra",3.38,11.8
"3aec31c2d6e6-437","okra",3.39,11.78
"3aec31c2d6e6-439","okra",3.4,11.79
"3aec31c2d6e6-440","okra",3.4,11.8
"3aec31c2d6e6-441","okra",3.39,11.78
"3aec31c2d6e6-442","okra",3.39,11.77
"3aec31c2d6e6-443","okra",3.39,11.8
"3aec31c2d6e6-444","okra",3.41,11.79
"3aec31c2d6e6-445","okra",3.4,11.78
"3aec31c2d6e6-446","okra",3.38,11.79
"3aec31c2d6e6-447","okra",3.39,11.78
"3aec31c2d6e6-453","okra",3.52,11.75
"3aec31c2d6e6-454","okra",3.51,11.76
"3aec31c2d6e6-456","okra",3.52,11.76
"3aec31c2d6e6-459","okra",3.52,11.75
"3aec31c2d6e6-461","okra",3.53,11.75
"3aec31c2d6e6-462","okra",3.39,11.86
"3aec31c2d6e6-463","okra",3.42,11.87
"3aec31c2d6e6-464","okra",3.41,11.86
"3aec31c2d6e6-465","okra",3.39,11.84
"3aec31c2d6e6-468","okra",3.38,11.86
"3aec31c2d6e6-469","okra",3.41,11.87
"3aec31c2d6e6-470","okra",3.39,11.85
"3aec31c2d6e6-471","okra",3.4,11.87
"3aec31c2d6e6-473","okra",3.41,11.84
"3aec31c2d6e6-474","okra",3.43,11.85
"3aec31c2d6e6-476","okra",3.42,11.86
"3aec31c2d6e6-477","okra",3.42,11.86
"3aec31c2d6e6-478","okra",3.42,11.85
"3aec31c2d6e6-481","okra",3.29,11.85
"3aec31c2d6e6-483","okra",3.29,11.86
"3aec31c2d6e6-487","okra",3.3,11.86
"3aec31c2d6e6-490","okra",3.28,11.86
"3aec31c2d6e6-491","okra",3.28,11.86
"3aec31c2d6e6-492","okra",3.29,11.84
"3aec31c2d6e6-493","okra",3.3,11.86
"3aec31c2d6e6-496","okra",3.28,11.87
"3aec31c2d6e6-500","okra",3.29,11.9
"3aec31c2d6e6-501","okra",3.3,11.89
"3aec31c2d6e6-502","okra",3.3,11.87
"3aec31c2d6e6-503","okra",3.29,11.9
"3aec31c2d6e6-504","okra",2.29,6.44
"3aec31c2d6e6-505","okra",2.28,6.45
"37af14eaf361-1","amaranth",1.87,6.41
"37af14eaf361-2","amaranth",1.9,6.42
"37af14eaf361-3","amaranth",1.86,6.4
"37af14eaf361-4","amaranth",1.88,6.39
"37af14eaf361-5","amaranth",1.91,6.41
"37af14eaf361-6","amaranth",1.86,6.41
"37af14eaf361-7","amaranth",1.93,6.41
"37af14eaf361-8","amaranth",1.92,6.4
"37af14eaf361-10","amaranth",1.85,6.44
"37af14eaf361-11","amaranth",1.84,6.43
"37af14eaf361-13","amaranth",1.87,6.42
"37af14eaf361-28","amaranth",2.13,6.58
"37af14eaf361-29","amaranth",2.13,6.58
"37af14eaf361-31","amaranth",2.13,6.49
"37af14eaf361-32","amaranth",2.15,6.49
"37af14eaf361-33","amaranth",2.14,6.51
"37af14eaf361-34","amaranth",2.14,6.49
"37af14eaf361-35","amaranth",2.14,6.48
"37af14eaf361-37","amaranth",2.14,6.49
"37af14eaf361-38","amaranth",2.14,6.5
"37af14eaf361-40","amaranth",2.23,6.55
"37af14eaf361-45","amaranth",2.19,6.55
"37af14eaf361-46","amaranth",2.19,6.51
"37af14eaf361-47","amaranth",2.18,6.53
"37af14eaf361-48","amaranth",2.2,6.53
"37af14eaf361-49","amaranth",2.19,6.52
"37af14eaf361-50","amaranth",2.2,6.53
"37af14eaf361-51","amaranth",2.2,6.54
"37af14eaf361-52","amaranth",2.19,6.53
"37af14eaf361-53","amaranth",2.19,6.52
"37af14eaf361-54","amaranth",2.19,6.53
"37af14eaf361-55","amaranth",2.2,6.53
"37af14eaf361-57","amaranth",2.2,6.54
"37af14eaf361-58","amaranth",2.18,6.53
"37af14eaf361-60","amaranth",2.19,6.53
"37af14eaf361-61","amaranth",2.19,6.52
"37af14eaf361-63","amaranth",2.19,6.53
"37af14eaf361-64","amaranth",2.19,6.52
"37af14eaf361-65","amaranth",2.18,6.54
"37af14eaf361-66","amaranth",2.19,6.52
"37af14eaf361-67","amaranth",2.2,6.53
"37af14eaf361-68","amaranth",2.19,6.52
"37af14eaf361-70","amaranth",2.2,6.54
"37af14eaf361-72","amaranth",2.2,6.51
"37af14eaf361-73","amaranth",2.19,6.54
"37af14eaf361-74","amaranth",2.19,6.54
"37af14eaf361-75","amaranth",2.2,6.52
"37af14eaf361-76","amaranth",2.22,6.49
"37af14eaf361-85","amaranth",2.55,6.61
"37af14eaf361-86","amaranth",2.56,6.58
"37af14eaf361-87","amaranth",2.55,6.59
"37af14eaf361-88","amaranth",2.56,6.57
"37af14eaf361-89","amaranth",2.15,6.49
"37af14eaf361-93","amaranth",2.56,6.63
"37af14eaf361-94","amaranth",2.59,6.57
"37af14eaf361-95","amaranth",2.58,6.58
"37af14eaf361-96","amaranth",2.57,6.63
"37af14eaf361-97","amaranth",2.54,6.6
"37af14eaf361-98","amaranth",2.56,6.63
"37af14eaf361-99","amaranth",2.52,6.61
"37af14eaf361-100","amaranth",2.52,6.61
"37af14eaf361-101","amaranth",2.53,6.6
"37af14eaf361-102","amaranth",2.64,6.55
"37af14eaf361-103","amaranth",2.63,6.54
"37af14eaf361-104","amaranth",2.64,6.54
"37af14eaf361-105","amaranth",2.65,6.55
"37af14eaf361-106","amaranth",2.66,6.54
"37af14eaf361-107","amaranth",2.62,6.59
"37af14eaf361-108","amaranth",2.68,6.58
"37af14eaf361-109","amaranth",2.36,6.73
"37af14eaf361-111","amaranth",2.38,6.73
"37af14eaf361-112","amaranth",2.38,6.74
"37af14eaf361-113","amaranth",2.29,6.68
"37af14eaf361-114","amaranth",2.3,6.68
"37af14eaf361-115","amaranth",2.29,6.73
"37af14eaf361-116","amaranth",2.3,6.72
"37af14eaf361-117","amaranth",2.29,6.74
"37af14eaf361-118","amaranth",2.3,6.72
"37af14eaf361-119","amaranth",2.29,6.72
"37af14eaf361-122","amaranth",2.33,6.78
"37af14eaf361-123","amaranth",2.31,6.77
"37af14eaf361-124","amaranth",2.32,6.79
"37af14eaf361-125","amaranth",2.32,6.76
"37af14eaf361-126","amaranth",2.32,6.77
"37af14eaf361-128","amaranth",2.28,6.78
"37af14eaf361-129","amaranth",2.27,6.79
"37af14eaf361-130","amaranth",2.29,6.79
"37af14eaf361-131","amaranth",2.28,6.77
"37af14eaf361-135","amaranth",2.28,6.74
"37af14eaf361-139","amaranth",2.29,6.63
"37af14eaf361-142","amaranth",2.31,6.64
"37af14eaf361-143","amaranth",2.3,6.63
"37af14eaf361-144","amaranth",2.48,6.7
"37af14eaf361-145","amaranth",2.48,6.7
"37af14eaf361-146","amaranth",2.49,6.71
"37af14eaf361-147","amaranth",2.48,6.72
"37af14eaf361-148","amaranth",2.49,6.67
"37af14eaf361-150","amaranth",2.49,6.67
"37af14eaf361-151","amaranth",2.49,6.68
"37af14eaf361-152","amaranth",2.5,6.65
"37af14eaf361-153","amaranth",2.5,6.65
"37af14eaf361-154","amaranth",2.48,6.67
"37af14eaf361-155","amaranth",2.48,6.67
"37af14eaf361-156","amaranth",2.47,6.66
"37af14eaf361-157","amaranth",2.49,6.75
"37af14eaf361-158","amaranth",2.49,6.68
"37af14eaf361-159","amaranth",2.49,6.63
"37af14eaf361-160","amaranth",2.49,6.69
"37af14eaf361-161","amaranth",2.5,6.68
"37af14eaf361-162","amaranth",2.5,6.68
"37af14eaf361-163","amaranth",2.5,6.62
"37af14eaf361-164","amaranth",2.49,6.71
"37af14eaf361-165","amaranth",2.48,6.74
"37af14eaf361-166","amaranth",2.48,6.7
"37af14eaf361-168","amaranth",2.51,6.66
"37af14eaf361-169","amaranth",2.5,6.67
"37af14eaf361-170","amaranth",2.51,6.67
"37af14eaf361-171","amaranth",2.49,6.66
"37af14eaf361-172","amaranth",2.49,6.66
"37af14eaf361-173","amaranth",2.49,6.65
"37af14eaf361-174","amaranth",2.49,6.64
"37af14eaf361-175","amaranth",2.51,6.64
"37af14eaf361-178","amaranth",2.51,6.63
"37af14eaf361-179","amaranth",2.51,6.64
"37af14eaf361-180","amaranth",2.49,6.77
"37af14eaf361-181","amaranth",2.48,6.78
"37af14eaf361-182","amaranth",2.48,6.76
"37af14eaf361-183","amaranth",2.49,6.77
"37af14eaf361-184","amaranth",2.48,6.76
"37af14eaf361-185","amaranth",2.47,6.75
"37af14eaf361-186","amaranth",2.46,6.71
"37af14eaf361-187","amaranth",2.47,6.71
"37af14eaf361-188","amaranth",2.46,6.72
"37af14eaf361-189","amaranth",2.47,6.72
"37af14eaf361-190","amaranth",2.59,6.38
"37af14eaf361-191","amaranth",2.59,6.37
"37af14eaf361-192","amaranth",2.58,6.37
"37af14eaf361-193","amaranth",2.6,6.39
"37af14eaf361-194","amaranth",2.59,6.37
"37af14eaf361-195","amaranth",2.59,6.37
"37af14eaf361-196","amaranth",2.59,6.38
"37af14eaf361-197","amaranth",2.59,6.38
"37af14eaf361-198","amaranth",2.59,6.37
"37af14eaf361-199","amaranth",2.6,6.38
"37af14eaf361-200","amaranth",1.68,6.72
"37af14eaf361-201","amaranth",1.71,6.63
"37af14eaf361-202","amaranth",1.71,6.6
"37af14eaf361-203","amaranth",1.71,6.6
"37af14eaf361-204","amaranth",1.71,6.61
"37af14eaf361-205","amaranth",1.73,6.63
"37af14eaf361-206","amaranth",1.68,6.72
"37af14eaf361-207","amaranth",1.71,6.64
"37af14eaf361-208","amaranth",1.71,6.62
"37af14eaf361-209","amaranth",1.7,6.64
"37af14eaf361-210","amaranth",1.72,6.64
"37af14eaf361-211","amaranth",1.67,6.65
"37af14eaf361-212","amaranth",1.7,6.63
"37af14eaf361-214","amaranth",1.71,6.64
"37af14eaf361-215","amaranth",1.72,6.64
"37af14eaf361-216","amaranth",1.71,6.62
"37af14eaf361-217","amaranth",1.71,6.62
"37af14eaf361-218","amaranth",1.71,6.6
"37af14eaf361-219","amaranth",1.72,6.64
"37af14eaf361-220","amaranth",1.71,6.63
"37af14eaf361-221","amaranth",1.76,6.62
"37af14eaf361-222","amaranth",1.72,6.63
"37af14eaf361-223","amaranth",1.73,6.65
"37af14eaf361-224","amaranth",1.72,6.61
"37af14eaf361-226","amaranth",2.16,6.68
"37af14eaf361-227","amaranth",2.17,6.66
"37af14eaf361-228","amaranth",2.24,6.62
"37af14eaf361-229","amaranth",2.17,6.66
"37af14eaf361-230","amaranth",2.16,6.67
"37af14eaf361-231","amaranth",2.15,6.66
"37af14eaf361-233","amaranth",2.22,6.63
"37af14eaf361-234","amaranth",2.21,6.64
"37af14eaf361-235","amaranth",2.15,6.68
"37af14eaf361-236","amaranth",2.22,6.65
"37af14eaf361-237","amaranth",2.15,6.68
"37af14eaf361-238","amaranth",2.21,6.64
"37af14eaf361-239","amaranth",2.22,6.64
"37af14eaf361-240","amaranth",2.17,6.67
"37af14eaf361-244","amaranth",2.22,6.64
"37af14eaf361-245","amaranth",2.18,6.67
"37af14eaf361-246","amaranth",2.16,6.68
"37af14eaf361-247","amaranth",2.18,6.63
"37af14eaf361-249","amaranth",2.16,6.67
"37af14eaf361-250","amaranth",2.15,6.66
"37af14eaf361-251","amaranth",2.15,6.66
"37af14eaf361-253","amaranth",2.15,6.65
"37af14eaf361-260","amaranth",2.17,6.66
"37af14eaf361-261","amaranth",2.17,6.68
"37af14eaf361-262","amaranth",2.16,6.68
"37af14eaf361-265","amaranth",2.15,6.67
"37af14eaf361-266","amaranth",2.22,6.63
"37af14eaf361-269","amaranth",2.15,6.65
"37af14eaf361-270","amaranth",2.17,6.66
"37af14eaf361-286","amaranth",2.17,6.65
"37af14eaf361-287","amaranth",2.2,6.66
"37af14eaf361-289","amaranth",2.15,6.67
"37af14eaf361-290","amaranth",2.15,6.65
"37af14eaf361-291","amaranth",2.17,6.67
"37af14eaf361-293","amaranth",2.17,6.67
"37af14eaf361-294","amaranth",2.39,6.37
"37af14eaf361-295","amaranth",2.39,6.37
"37af14eaf361-296","amaranth",2.41,6.35
"37af14eaf361-297","amaranth",2.39,6.37
"37af14eaf361-298","amaranth",2.38,6.34
"37af14eaf361-299","amaranth",2.4,6.36
"37af14eaf361-300","amaranth",2.39,6.36
"37af14eaf361-301","amaranth",2.41,6.36
"37af14eaf361-302","amaranth",2.36,6.39
"37af14eaf361-303","amaranth",2.4,6.36
"37af14eaf361-304","amaranth",2.32,6.35
"37af14eaf361-305","amaranth",2.36,6.34
"37af14eaf361-306","amaranth",2.39,6.37
"37af14eaf361-307","amaranth",2.4,6.36
"37af14eaf361-308","amaranth",2.4,6.37
"37af14eaf361-309","amaranth",2.39,6.38
"37af14eaf361-310","amaranth",2.39,6.36
"37af14eaf361-311","amaranth",2.34,6.35
"37af14eaf361-312","amaranth",2.39,6.35
"37af14eaf361-313","amaranth",2.39,6.36
"37af14eaf361-314","amaranth",2.38,6.34
"37af14eaf361-315","amaranth",2.44,6.35
"37af14eaf361-316","amaranth",2.35,6.38
"37af14eaf361-317","amaranth",2.33,6.34
"37af14eaf361-318","amaranth",2.4,6.34
"37af14eaf361-319","amaranth",2.4,6.34
"37af14eaf361-320","amaranth",2.41,6.36
"37af14eaf361-321","amaranth",2.39,6.38
"37af14eaf361-322","amaranth",2.26,6.96
"37af14eaf361-323","amaranth",2.26,6.93
"37af14eaf361-326","amaranth",2.26,6.95
"37af14eaf361-329","amaranth",2.27,6.93
"37af14eaf361-332","amaranth",2.26,6.96
"37af14eaf361-334","amaranth",2.13,6.84
"37af14eaf361-335","amaranth",2.11,6.81
"37af14eaf361-337","amaranth",2.23,6.85
"37af14eaf361-338","amaranth",2.14,6.83
"37af14eaf361-339","amaranth",2.01,6.44
"37af14eaf361-340","amaranth",1.99,6.42
"37af14eaf361-341","amaranth",2.03,6.48
"37af14eaf361-342","amaranth",1.99,6.4
"37af14eaf361-343","amaranth",2.05,6.38
"37af14eaf361-344","amaranth",2.17,6.35
"37af14eaf361-345","amaranth",1.97,6.36
"37af14eaf361-346","amaranth",1.97,6.38
"37af14eaf361-347","amaranth",2.03,6.57
"37af14eaf361-348","amaranth",2,6.56
"37af14eaf361-349","amaranth",2.01,6.55
"37af14eaf361-350","amaranth",1.99,6.41
"37af14eaf361-351","amaranth",2.04,6.55
"37af14eaf361-352","amaranth",1.97,6.38
"37af14eaf361-353","amaranth",2.65,6.5
"37af14eaf361-354","amaranth",2.7,6.49
"37af14eaf361-355","amaranth",2.69,6.53
"37af14eaf361-356","amaranth",2.71,6.52
"37af14eaf361-357","amaranth",2.67,6.49
"37af14eaf361-358","amaranth",2.68,6.48
"37af14eaf361-359","amaranth",2.68,6.48
"37af14eaf361-360","amaranth",2.66,6.51
"37af14eaf361-361","amaranth",2.68,6.5
"37af14eaf361-362","amaranth",2.7,6.46
"37af14eaf361-363","amaranth",2.69,6.46
"37af14eaf361-364","amaranth",2.68,6.47
"37af14eaf361-365","amaranth",2.68,6.49
"37af14eaf361-366","amaranth",2.68,6.52
"37af14eaf361-367","amaranth",2.69,6.52
"37af14eaf361-368","amaranth",2.68,6.53
"37af14eaf361-369","amaranth",2.68,6.51
"37af14eaf361-370","amaranth",2.69,6.52
"37af14eaf361-371","amaranth",2.68,6.48
"37af14eaf361-372","amaranth",2.67,6.5
"37af14eaf361-373","amaranth",2.68,6.49
"37af14eaf361-374","amaranth",2.68,6.48
"37af14eaf361-375","amaranth",2.69,6.48
"37af14eaf361-376","amaranth",2.67,6.5
"37af14eaf361-377","amaranth",2.68,6.53
"37af14eaf361-378","amaranth",2.21,6.37
"37af14eaf361-379","amaranth",2.22,6.38
"37af14eaf361-380","amaranth",2.2,6.36
"37af14eaf361-381","amaranth",2.2,6.38
"37af14eaf361-382","amaranth",2.21,6.39
"37af14eaf361-383","amaranth",2.21,6.37
"37af14eaf361-384","amaranth",2.21,6.36
"37af14eaf361-385","amaranth",2.22,6.36
"37af14eaf361-386","amaranth",2.15,6.38
"37af14eaf361-387","amaranth",2.21,6.36
"37af14eaf361-388","amaranth",2.21,6.35
"37af14eaf361-389","amaranth",2.21,6.37
"37af14eaf361-390","amaranth",2.17,6.4
"37af14eaf361-391","amaranth",2.2,6.39
"37af14eaf361-392","amaranth",2.2,6.37
"37af14eaf361-393","amaranth",2.21,6.4
"37af14eaf361-394","amaranth",2.16,6.41
"37af14eaf361-395","amaranth",2.05,6.34
"37af14eaf361-396","amaranth",2.2,6.4
"37af14eaf361-397","amaranth",2.03,6.34
"37af14eaf361-398","amaranth",2.16,6.38
"37af14eaf361-399","amaranth",2.2,6.39
"37af14eaf361-400","amaranth",2.2,6.37
"37af14eaf361-401","amaranth",2.21,6.33
"37af14eaf361-402","amaranth",2.22,6.38
"37af14eaf361-403","amaranth",2.16,6.35
"37af14eaf361-404","amaranth",2.21,6.35
"37af14eaf361-405","amaranth",2.22,6.36
"37af14eaf361-406","amaranth",2.22,6.4
"37af14eaf361-407","amaranth",2.2,6.39
"37af14eaf361-408","amaranth",2.16,6.4
"37af14eaf361-409","amaranth",2.14,6.36
"37af14eaf361-410","amaranth",2.15,6.36
"37af14eaf361-411","amaranth",2.16,6.36
"37af14eaf361-412","amaranth",2.14,6.35
"37af14eaf361-413","amaranth",2.14,6.37
"37af14eaf361-414","amaranth",2.15,6.35
"37af14eaf361-415","amaranth",2.15,6.35
"37af14eaf361-416","amaranth",2.16,6.35
"37af14eaf361-417","amaranth",2.2,6.37
"37af14eaf361-418","amaranth",2.15,6.38
"37af14eaf361-419","amaranth",2.21,6.37
"37af14eaf361-420","amaranth",2.2,6.37
"37af14eaf361-421","amaranth",1.8,6.27
"37af14eaf361-422","amaranth",1.74,6.27
"37af14eaf361-423","amaranth",1.77,6.26
"37af14eaf361-424","amaranth",1.73,6.27
"37af14eaf361-425","amaranth",1.9,6.4
"37af14eaf361-426","amaranth",1.81,6.28
"37af14eaf361-427","amaranth",1.72,6.25
"37af14eaf361-428","amaranth",1.75,6.26
"37af14eaf361-429","amaranth",1.78,6.26
"37af14eaf361-430","amaranth",1.91,6.4
"37af14eaf361-431","amaranth",1.81,6.28
"37af14eaf361-432","amaranth",3.22,11.95
"37af14eaf361-433","amaranth",3.22,11.92
"37af14eaf361-434","amaranth",3.22,11.95
"37af14eaf361-435","amaranth",3.23,11.93
"37af14eaf361-436","amaranth",3.23,11.95
"37af14eaf361-437","amaranth",3.22,11.94
"37af14eaf361-438","amaranth",3.23,11.93
"37af14eaf361-439","amaranth",3.22,11.93
"37af14eaf361-440","amaranth",3.23,11.95
"37af14eaf361-441","amaranth",3.22,11.93
"37af14eaf361-442","amaranth",3.23,11.94
"37af14eaf361-443","amaranth",3.22,11.92
"37af14eaf361-444","amaranth",3.22,11.92
"37af14eaf361-445","amaranth",3.22,12.01
"37af14eaf361-446","amaranth",3.2,12.04
"37af14eaf361-447","amaranth",3.22,12.02
"37af14eaf361-448","amaranth",3.22,12
"37af14eaf361-449","amaranth",3.22,12.03
"37af14eaf361-450","amaranth",3.22,12.02
"37af14eaf361-451","amaranth",3.2,12.02
"37af14eaf361-452","amaranth",3.2,12.03
"37af14eaf361-453","amaranth",3.2,12.02
"37af14eaf361-456","amaranth",3.21,12.02
"37af14eaf361-457","amaranth",3.21,12.01
"37af14eaf361-458","amaranth",3.22,12.01
"37af14eaf361-459","amaranth",3.21,12.03
"37af14eaf361-460","amaranth",3.17,12.06
"37af14eaf361-461","amaranth",3.2,12.07
"37af14eaf361-465","amaranth",3.17,12.1
"37af14eaf361-466","amaranth",3.17,12.08
"37af14eaf361-467","amaranth",3.17,12.09
"37af14eaf361-468","amaranth",3.16,12.09
"37af14eaf361-469","amaranth",3.18,12.09
"37af14eaf361-471","amaranth",3.18,12.08
"37af14eaf361-472","amaranth",3.16,12.09
"37af14eaf361-473","amaranth",3.16,12.08
"37af14eaf361-474","amaranth",3.18,12.09
"37af14eaf361-475","amaranth",3.16,12.1
"37af14eaf361-476","amaranth",3.16,12.09
"37af14eaf361-477","amaranth",3.18,12.1
"37af14eaf361-478","amaranth",3.16,12.09
"37af14eaf361-479","amaranth",3.55,11.73
"37af14eaf361-480","amaranth",3.54,11.73
"37af14eaf361-481","amaranth",3.55,11.72
"37af14eaf361-483","amaranth",3.56,11.71
"37af14eaf361-484","amaranth",3.55,11.72
"37af14eaf361-485","amaranth",3.54,11.71
"37af14eaf361-486","amaranth",3.55,11.71
"37af14eaf361-487","amaranth",3.54,11.71
"37af14eaf361-488","amaranth",3.54,11.71
"37af14eaf361-490","amaranth",3.54,11.71
"37af14eaf361-493","amaranth",3.52,11.75
"37af14eaf361-494","amaranth",3.51,11.75
"37af14eaf361-496","amaranth",3.51,11.76
"37af14eaf361-497","amaranth",3.53,11.76
"37af14eaf361-500","amaranth",3.53,11.76
"37af14eaf361-501","amaranth",3.51,11.75
"37af14eaf361-502","amaranth",3.52,11.74
"37af14eaf361-504","amaranth",3.53,11.75
"37af14eaf361-506","amaranth",3.52,11.74
"37af14eaf361-508","amaranth",3.38,11.81
"37af14eaf361-512","amaranth",3.37,11.8
"37af14eaf361-513","amaranth",3.37,11.8
"37af14eaf361-514","amaranth",3.38,11.8
"37af14eaf361-515","amaranth",3.39,11.81
"37af14eaf361-516","amaranth",3.39,11.82
"37af14eaf361-518","amaranth",3.37,11.81
"37af14eaf361-519","amaranth",3.39,11.82
"37af14eaf361-520","amaranth",3.39,11.81
"37af14eaf361-522","amaranth",3.39,11.81
"37af14eaf361-523","amaranth",3.32,11.74
"37af14eaf361-524","amaranth",3.34,11.76
"37af14eaf361-525","amaranth",3.3,11.73
"37af14eaf361-526","amaranth",3.3,11.72
"37af14eaf361-527","amaranth",3.29,11.69
"37af14eaf361-528","amaranth",3.31,11.72
"37af14eaf361-529","amaranth",3.3,11.72
"37af14eaf361-530","amaranth",3.3,11.71
"37af14eaf361-531","amaranth",3.29,11.86
"37af14eaf361-532","amaranth",3.31,11.89
"37af14eaf361-533","amaranth",3.39,11.8
"37af14eaf361-534","amaranth",3.3,11.89
"37af14eaf361-538","amaranth",3.3,11.86
"37af14eaf361-539","amaranth",3.29,11.86
"37af14eaf361-541","amaranth",2.2,6.36
"d2cfc0a9f40a-1","amaranth",-7.67,12.59
"d2cfc0a9f40a-2","amaranth",-7.67,12.6
"d2cfc0a9f40a-3","amaranth",-7.66,12.58
"d2cfc0a9f40a-4","amaranth",-7.67,12.58
"d2cfc0a9f40a-5","amaranth",-7.67,12.59
"d2cfc0a9f40a-6","amaranth",-7.68,12.58
"d2cfc0a9f40a-7","amaranth",-7.67,12.58
"d2cfc0a9f40a-8","amaranth",-7.67,12.59
"d2cfc0a9f40a-9","amaranth",-7.66,12.6
"d2cfc0a9f40a-31","amaranth",-6.01,11.36
"d2cfc0a9f40a-34","amaranth",-6,11.38
"d2cfc0a9f40a-36","amaranth",-6,11.38
"d2cfc0a9f40a-37","amaranth",-5.99,11.37
"d2cfc0a9f40a-39","amaranth",-5.99,11.38
"d2cfc0a9f40a-47","amaranth",-6,11.38
"d2cfc0a9f40a-52","amaranth",-5.99,11.37
"d2cfc0a9f40a-55","amaranth",-6,11.38
"d2cfc0a9f40a-57","amaranth",-6.01,11.37
"d2cfc0a9f40a-58","amaranth",-6.02,11.37
"d2cfc0a9f40a-59","amaranth",-6,11.38
"d2cfc0a9f40a-60","amaranth",-6.01,11.37
"d2cfc0a9f40a-61","amaranth",-6.01,11.38
"d2cfc0a9f40a-64","amaranth",-6.01,11.38
"d2cfc0a9f40a-65","amaranth",-6,11.38
"d2cfc0a9f40a-67","amaranth",-6.01,11.37
"d2cfc0a9f40a-68","amaranth",-6.01,11.37
"d2cfc0a9f40a-69","amaranth",-6,11.37
"d2cfc0a9f40a-70","amaranth",-6.02,11.37
"d2cfc0a9f40a-71","amaranth",-6,11.36
"d2cfc0a9f40a-72","amaranth",-6.02,11.37
"d2cfc0a9f40a-73","amaranth",-6,11.36
"d2cfc0a9f40a-74","amaranth",-6.01,11.38
"d2cfc0a9f40a-75","amaranth",-6.01,11.36
"d2cfc0a9f40a-77","amaranth",-6,11.37
"d2cfc0a9f40a-79","amaranth",-6.01,11.38
"d2cfc0a9f40a-80","amaranth",-6,11.38
"d2cfc0a9f40a-81","amaranth",-6,11.36
"d2cfc0a9f40a-83","amaranth",-5.99,11.37
"d2cfc0a9f40a-85","amaranth",-5.99,11.37
"d2cfc0a9f40a-86","amaranth",-6.01,11.37
"d2cfc0a9f40a-87","amaranth",-6.01,11.37
"d2cfc0a9f40a-88","amaranth",-6,11.36
"d2cfc0a9f40a-89","amaranth",-6,11.36
"d2cfc0a9f40a-90","amaranth",-5.99,11.37
"d2cfc0a9f40a-91","amaranth",-6,11.38
"d2cfc0a9f40a-92","amaranth",-6.01,11.37
"d2cfc0a9f40a-93","amaranth",-6.02,11.36
"d2cfc0a9f40a-94","amaranth",-6.01,11.37
"d2cfc0a9f40a-96","amaranth",-7.59,11.37
"d2cfc0a9f40a-97","amaranth",-7.59,11.36
"d2cfc0a9f40a-98","amaranth",-7.59,11.36
"d2cfc0a9f40a-99","amaranth",-7.59,11.35
"d2cfc0a9f40a-100","amaranth",-7.59,11.36
"d2cfc0a9f40a-101","amaranth",-7.58,11.37
"d2cfc0a9f40a-102","amaranth",-7.59,11.35
"d2cfc0a9f40a-103","amaranth",-7.58,11.35
"d2cfc0a9f40a-104","amaranth",-7.59,11.35
"d2cfc0a9f40a-107","amaranth",-7.48,11.44
"d2cfc0a9f40a-109","amaranth",-7.59,11.36
"d2cfc0a9f40a-111","amaranth",-7.58,11.38
"d2cfc0a9f40a-112","amaranth",-7.49,11.42
"d2cfc0a9f40a-113","amaranth",-7.59,11.36
"d2cfc0a9f40a-114","amaranth",-7.49,11.44
"d2cfc0a9f40a-115","amaranth",-7.47,11.44
"d2cfc0a9f40a-117","amaranth",-7.58,11.36
"d2cfc0a9f40a-118","amaranth",-7.6,11.37
"d2cfc0a9f40a-120","amaranth",-7.59,11.37
"d2cfc0a9f40a-123","amaranth",-7.6,11.37
"d2cfc0a9f40a-125","amaranth",-7.6,11.36
"d2cfc0a9f40a-126","amaranth",-7.59,11.36
"d2cfc0a9f40a-127","amaranth",-7.59,11.36
"d2cfc0a9f40a-129","amaranth",-7.58,11.37
"d2cfc0a9f40a-130","amaranth",-7.59,11.37
"d2cfc0a9f40a-132","amaranth",-7.59,11.36
"d2cfc0a9f40a-133","amaranth",-7.58,11.36
"d2cfc0a9f40a-135","amaranth",-7.59,11.37
"d2cfc0a9f40a-136","amaranth",-7.58,11.37
"d2cfc0a9f40a-137","amaranth",-7.59,11.38
"d2cfc0a9f40a-138","amaranth",-7.58,11.37
"d2cfc0a9f40a-140","amaranth",-7.59,11.37
"d2cfc0a9f40a-141","amaranth",-7.6,11.37
"d2cfc0a9f40a-142","amaranth",-7.59,11.36
"d2cfc0a9f40a-145","amaranth",-7.6,11.35
"d2cfc0a9f40a-147","amaranth",-7.58,11.38
"d2cfc0a9f40a-149","amaranth",-7.44,11.35
"d2cfc0a9f40a-150","amaranth",-7.5,11.42
"d2cfc0a9f40a-151","amaranth",-7.43,11.35
"d2cfc0a9f40a-152","amaranth",-7.43,11.35
"d2cfc0a9f40a-153","amaranth",-7.44,11.38
"d2cfc0a9f40a-154","amaranth",-7.49,11.44
"d2cfc0a9f40a-155","amaranth",-7.5,11.44
"d2cfc0a9f40a-156","amaranth",-7.42,11.39
"d2cfc0a9f40a-157","amaranth",-7.43,11.37
"d2cfc0a9f40a-158","amaranth",-7.48,11.43
"d2cfc0a9f40a-159","amaranth",-7.42,11.38
"d2cfc0a9f40a-160","amaranth",-7.5,11.43
"d2cfc0a9f40a-161","amaranth",-7.5,11.43
"d2cfc0a9f40a-162","amaranth",-7.48,11.44
"d2cfc0a9f40a-163","amaranth",-7.49,11.45
"d2cfc0a9f40a-164","amaranth",-7.44,11.37
"d2cfc0a9f40a-165","amaranth",-7.43,11.37
"d2cfc0a9f40a-166","amaranth",-7.49,11.42
"d2cfc0a9f40a-167","amaranth",-7.5,11.44
"d2cfc0a9f40a-168","amaranth",-7.42,11.37
"d2cfc0a9f40a-169","amaranth",-7.42,11.37
"d2cfc0a9f40a-171","amaranth",-7.43,11.38
"d2cfc0a9f40a-172","amaranth",-7.49,11.43
"d2cfc0a9f40a-173","amaranth",-7.43,11.37
"d2cfc0a9f40a-174","amaranth",-7.42,11.39
"d2cfc0a9f40a-175","amaranth",-7.5,11.43
"d2cfc0a9f40a-176","amaranth",-7.5,11.42
"d2cfc0a9f40a-177","amaranth",-7.49,11.44
"d2cfc0a9f40a-179","amaranth",-7.48,11.42
"d2cfc0a9f40a-180","amaranth",-7.42,11.38
"d2cfc0a9f40a-181","amaranth",-7.43,11.39
"d2cfc0a9f40a-182","amaranth",-7.43,11.39
"d2cfc0a9f40a-183","amaranth",-7.43,11.37
"d2cfc0a9f40a-184","amaranth",-7.43,11.37
"d2cfc0a9f40a-185","amaranth",-7.41,11.38
"d2cfc0a9f40a-186","amaranth",-7.42,11.39
"d2cfc0a9f40a-187","amaranth",-7.43,11.36
"d2cfc0a9f40a-188","amaranth",-7.5,11.43
"d2cfc0a9f40a-189","amaranth",-7.43,11.39
"d2cfc0a9f40a-190","amaranth",-7.43,11.37
"d2cfc0a9f40a-191","amaranth",-7.43,11.37
"d2cfc0a9f40a-192","amaranth",-7.42,11.38
"d2cfc0a9f40a-193","amaranth",-7.43,11.38
"d2cfc0a9f40a-194","amaranth",-7.43,11.39
"d2cfc0a9f40a-195","amaranth",-7.42,11.37
"d2cfc0a9f40a-199","amaranth",-7.67,11.36
"d2cfc0a9f40a-200","amaranth",-7.69,11.34
"d2cfc0a9f40a-201","amaranth",-7.69,11.35
"d2cfc0a9f40a-202","amaranth",-7.69,11.36
"d2cfc0a9f40a-203","amaranth",-7.69,11.35
"d2cfc0a9f40a-204","amaranth",-8.15,12.39
"d2cfc0a9f40a-205","amaranth",-8.13,12.39
"d2cfc0a9f40a-206","amaranth",-8.1,12.74
"d2cfc0a9f40a-207","amaranth",-8.15,12.39
"d2cfc0a9f40a-208","amaranth",-8.12,12.74
"d2cfc0a9f40a-209","amaranth",-7.93,12.38
"d2cfc0a9f40a-210","amaranth",-7.94,12.4
"d2cfc0a9f40a-211","amaranth",-7.93,12.39
"d2cfc0a9f40a-212","amaranth",-7.94,12.39
"d2cfc0a9f40a-213","amaranth",-7.94,12.39
"d2cfc0a9f40a-214","amaranth",-7.94,12.4
"d2cfc0a9f40a-215","amaranth",-7.95,12.39
"d2cfc0a9f40a-216","amaranth",-7.95,12.39
"d2cfc0a9f40a-217","amaranth",-7.93,12.39
"d2cfc0a9f40a-218","amaranth",-7.94,12.39
"d2cfc0a9f40a-219","amaranth",-7.94,12.39
"d2cfc0a9f40a-220","amaranth",-7.94,12.39
"d2cfc0a9f40a-221","amaranth",-7.94,12.39
"d2cfc0a9f40a-222","amaranth",-7.93,12.4
"d2cfc0a9f40a-223","amaranth",-7.93,12.4
"d2cfc0a9f40a-224","amaranth",-7.93,12.4
"d2cfc0a9f40a-225","amaranth",-7.94,12.39
"d2cfc0a9f40a-236","amaranth",-7.53,12.92
"d2cfc0a9f40a-237","amaranth",-7.53,12.93
"d2cfc0a9f40a-238","amaranth",-7.57,12.84
"d2cfc0a9f40a-239","amaranth",-7.57,12.85
"d2cfc0a9f40a-240","amaranth",-7.58,12.85
"d2cfc0a9f40a-241","amaranth",-7.62,12.81
"d2cfc0a9f40a-242","amaranth",-7.63,12.82
"d2cfc0a9f40a-243","amaranth",-7.62,12.83
"d2cfc0a9f40a-244","amaranth",-7.63,12.82
"d2cfc0a9f40a-245","amaranth",-7.61,12.84
"d2cfc0a9f40a-246","amaranth",-7.61,12.85
"d2cfc0a9f40a-247","amaranth",-7.62,12.84
"d2cfc0a9f40a-248","amaranth",-7.63,12.85
"d2cfc0a9f40a-249","amaranth",-7.62,12.83
"d2cfc0a9f40a-250","amaranth",-7.63,12.84
"d2cfc0a9f40a-251","amaranth",-7.48,11.44
"d2cfc0a9f40a-252","amaranth",-7.48,11.44
"d2cfc0a9f40a-253","amaranth",-7.49,11.43
"d2cfc0a9f40a-254","amaranth",-7.48,11.43
"d2cfc0a9f40a-255","amaranth",-7.48,11.42
"d2cfc0a9f40a-256","amaranth",-7.5,11.43
"d2cfc0a9f40a-257","amaranth",-7.48,11.43
"d2cfc0a9f40a-260","amaranth",-7.49,11.43
"d2cfc0a9f40a-261","amaranth",-7.47,11.43
"d2cfc0a9f40a-266","amaranth",-7.48,11.42
"d2cfc0a9f40a-268","amaranth",-7.49,11.43
"d2cfc0a9f40a-269","amaranth",-7.48,11.44
"d2cfc0a9f40a-270","amaranth",-7.47,11.43
"d2cfc0a9f40a-271","amaranth",-7.47,11.43
"d2cfc0a9f40a-274","amaranth",-7.49,11.42
"d2cfc0a9f40a-276","amaranth",-7.5,11.43
"d2cfc0a9f40a-277","amaranth",-7.5,11.43
"d2cfc0a9f40a-278","amaranth",-7.5,11.43
"d2cfc0a9f40a-280","amaranth",-7.47,11.41
"d2cfc0a9f40a-281","amaranth",-7.48,11.41
"d2cfc0a9f40a-282","amaranth",-7.48,11.39
"d2cfc0a9f40a-283","amaranth",-7.48,11.4
"d2cfc0a9f40a-284","amaranth",-7.48,11.39
"d2cfc0a9f40a-285","amaranth",-7.48,11.41
"d2cfc0a9f40a-286","amaranth",-7.47,11.39
"d2cfc0a9f40a-287","amaranth",-7.48,11.39
"d2cfc0a9f40a-288","amaranth",-7.47,11.39
"d2cfc0a9f40a-289","amaranth",-7.47,11.41
"d2cfc0a9f40a-292","amaranth",-7.51,11.43
"d2cfc0a9f40a-293","amaranth",-7.48,11.39
"d2cfc0a9f40a-294","amaranth",-7.47,11.4
"d2cfc0a9f40a-295","amaranth",-7.48,11.4
"d2cfc0a9f40a-296","amaranth",-7.48,11.41
"d2cfc0a9f40a-297","amaranth",-7.48,11.41
"d2cfc0a9f40a-298","amaranth",-7.48,11.39
"d2cfc0a9f40a-299","amaranth",-7.5,11.44
"d2cfc0a9f40a-300","amaranth",-7.49,11.4
"c564f83b89c5-1","amaranth",2.29,6.43
"c564f83b89c5-2","amaranth",2.3,6.44
"c564f83b89c5-3","amaranth",2.3,6.44
"c564f83b89c5-4","amaranth",2.29,6.44
"c564f83b89c5-5","amaranth",2.28,6.44
"c564f83b89c5-6","amaranth",2.29,6.46
"c564f83b89c5-7","amaranth",2.34,6.4
"c564f83b89c5-8","amaranth",2.33,6.4
"c564f83b89c5-9","amaranth",2.34,6.41
"c564f83b89c5-10","amaranth",2.33,6.4
"c564f83b89c5-11","amaranth",2.35,6.4
"c564f83b89c5-12","amaranth",2.37,6.62
"c564f83b89c5-13","amaranth",2.36,6.56
"c564f83b89c5-14","amaranth",2.38,6.57
"c564f83b89c5-15","amaranth",2.32,6.56
"c564f83b89c5-16","amaranth",2.28,6.42
"c564f83b89c5-17","amaranth",2.29,6.43
"c564f83b89c5-18","amaranth",2.29,6.44
"c564f83b89c5-19","amaranth",2.29,6.44
"c564f83b89c5-20","amaranth",2.3,6.43
"c564f83b89c5-21","amaranth",2.35,6.63
"c564f83b89c5-22","amaranth",2.34,6.4
"c564f83b89c5-23","amaranth",2.37,6.57
"c564f83b89c5-24","amaranth",2.37,6.6
"c564f83b89c5-25","amaranth",2.3,6.45
"c564f83b89c5-26","amaranth",2.3,6.43
"c564f83b89c5-27","amaranth",2.29,6.44
"c564f83b89c5-28","amaranth",2.31,6.44
"c564f83b89c5-29","amaranth",2.3,6.45
"c564f83b89c5-30","amaranth",2.29,6.43
"c564f83b89c5-31","amaranth",2.25,6.48
"c564f83b89c5-32","amaranth",2.36,6.6
"c564f83b89c5-33","amaranth",2.26,6.43
"c564f83b89c5-34","amaranth",2.24,6.45
"c564f83b89c5-35","amaranth",2.26,6.48
"c564f83b89c5-36","amaranth",2.29,6.42
"c564f83b89c5-37","amaranth",2.31,6.47
"c564f83b89c5-38","amaranth",2.32,6.47
"c564f83b89c5-39","amaranth",2.33,6.45
"c564f83b89c5-40","amaranth",2.31,6.47
"c564f83b89c5-41","amaranth",2.3,6.4
"c564f83b89c5-42","amaranth",2.32,6.39
"c564f83b89c5-43","amaranth",2.3,6.43
"c564f83b89c5-44","amaranth",2.31,6.44
"c564f83b89c5-45","amaranth",2.3,6.5
"c564f83b89c5-46","amaranth",2.3,6.5
"c564f83b89c5-47","amaranth",2.31,6.49
"c564f83b89c5-48","amaranth",2.31,6.48
"c564f83b89c5-49","amaranth",2.31,6.49
"c564f83b89c5-50","amaranth",2.32,6.52
"c564f83b89c5-51","amaranth",2.4,6.38
"c564f83b89c5-52","amaranth",2.4,6.38
"c564f83b89c5-53","amaranth",2.39,6.37
"c564f83b89c5-54","amaranth",2.4,6.36
"c564f83b89c5-55","amaranth",2.41,6.37
"c564f83b89c5-56","amaranth",2.4,6.38
"c564f83b89c5-57","amaranth",2.4,6.37
"c564f83b89c5-58","amaranth",2.39,6.36
"c564f83b89c5-59","amaranth",2.4,6.36
"c564f83b89c5-60","amaranth",2.4,6.37
"c564f83b89c5-62","amaranth",2.41,6.38
"c564f83b89c5-63","amaranth",2.4,6.38
"c564f83b89c5-64","amaranth",2.4,6.38
"c564f83b89c5-65","amaranth",2.39,6.37
"c564f83b89c5-67","amaranth",2.37,6.36
"c564f83b89c5-68","amaranth",2.31,6.35
"c564f83b89c5-69","amaranth",2.36,6.36
"c564f83b89c5-70","amaranth",2.37,6.34
"c564f83b89c5-71","amaranth",2.36,6.36
"c564f83b89c5-72","amaranth",2.33,6.34
"c564f83b89c5-73","amaranth",2.33,6.35
"c564f83b89c5-74","amaranth",2.36,6.36
"c564f83b89c5-75","amaranth",2.37,6.36
"c564f83b89c5-76","amaranth",2.37,6.35
"c564f83b89c5-77","amaranth",2.38,6.36
"c564f83b89c5-78","amaranth",2.45,6.35
"c564f83b89c5-79","amaranth",2.45,6.35
"c564f83b89c5-80","amaranth",2.47,6.35
"c564f83b89c5-81","amaranth",2.45,6.37
"c564f83b89c5-82","amaranth",2.47,6.37
"c564f83b89c5-83","amaranth",2.47,6.35
"c564f83b89c5-84","amaranth",2.34,6.38
"c564f83b89c5-85","amaranth",2.37,6.38
"c564f83b89c5-86","amaranth",2.36,6.39
"c564f83b89c5-87","amaranth",2.34,6.38
"c564f83b89c5-88","amaranth",2.35,6.38
"c564f83b89c5-89","amaranth",2.36,6.38
"c564f83b89c5-90","amaranth",2.38,6.34
"c564f83b89c5-91","amaranth",2.38,6.34
"c564f83b89c5-92","amaranth",2.4,6.35
"c564f83b89c5-93","amaranth",2.41,6.36
"c564f83b89c5-94","amaranth",2.4,6.37
"c564f83b89c5-95","amaranth",2.4,6.37
"c564f83b89c5-96","amaranth",2.4,6.37
"c564f83b89c5-97","amaranth",2.4,6.37
"c564f83b89c5-98","amaranth",2.41,6.36
"c564f83b89c5-99","amaranth",2.4,6.37
"c564f83b89c5-100","amaranth",2.4,6.37
"c564f83b89c5-101","amaranth",2.6,6.36
"c564f83b89c5-102","amaranth",2.61,6.39
"c564f83b89c5-103","amaranth",2.6,6.38
"c564f83b89c5-104","amaranth",2.59,6.38
"c564f83b89c5-105","amaranth",2.59,6.39
"c564f83b89c5-106","amaranth",2.6,6.39
"c564f83b89c5-107","amaranth",2.6,6.38
"c564f83b89c5-108","amaranth",2.59,6.37
"c564f83b89c5-109","amaranth",2.61,6.37
"c564f83b89c5-110","amaranth",2.61,6.38
"c564f83b89c5-111","amaranth",2.6,6.39
"c564f83b89c5-112","amaranth",2.6,6.39
"c564f83b89c5-113","amaranth",2.59,6.39
"c564f83b89c5-114","amaranth",2.59,6.39
"c564f83b89c5-115","amaranth",2.6,6.37
"c564f83b89c5-116","amaranth",2.61,6.39
"c564f83b89c5-117","amaranth",2.59,6.37
"c564f83b89c5-119","amaranth",2.61,6.39
"c564f83b89c5-120","amaranth",2.59,6.39
"c564f83b89c5-122","amaranth",2.61,6.38
"c564f83b89c5-123","amaranth",2.6,6.37
"c564f83b89c5-124","amaranth",2.61,6.4
"c564f83b89c5-125","amaranth",2.59,6.39
"c564f83b89c5-126","amaranth",2.6,6.39
"c564f83b89c5-127","amaranth",2.58,6.37
"c564f83b89c5-128","amaranth",2.6,6.38
"c564f83b89c5-129","amaranth",2.59,6.37
"c564f83b89c5-130","amaranth",2.57,6.38
"c564f83b89c5-131","amaranth",2.61,6.39
"c564f83b89c5-132","amaranth",2.61,6.37
"c564f83b89c5-133","amaranth",2.62,6.38
"c564f83b89c5-134","amaranth",2.56,6.37
"c564f83b89c5-135","amaranth",2.6,6.39
"c564f83b89c5-136","amaranth",2.6,6.39
"c564f83b89c5-137","amaranth",2.61,6.38
"c564f83b89c5-138","amaranth",2.61,6.37
"c564f83b89c5-139","amaranth",2.61,6.37
"c564f83b89c5-140","amaranth",2.6,6.38
"c564f83b89c5-141","amaranth",2.6,6.39
"c564f83b89c5-142","amaranth",2.58,6.36
"c564f83b89c5-143","amaranth",2.56,6.38
"c564f83b89c5-144","amaranth",2.57,6.36
"c564f83b89c5-145","amaranth",2.57,6.37
"c564f83b89c5-147","amaranth",2.56,6.38
"c564f83b89c5-148","amaranth",2.57,6.37
"c564f83b89c5-149","amaranth",2.6,6.38
"c564f83b89c5-150","amaranth",2.58,6.37
"c564f83b89c5-152","amaranth",2.54,6.6
"c564f83b89c5-153","amaranth",2.56,6.6
"c564f83b89c5-154","amaranth",2.57,6.59
"c564f83b89c5-161","amaranth",2.55,6.61
"c564f83b89c5-162","amaranth",2.53,6.6
"c564f83b89c5-165","amaranth",2.55,6.61
"c564f83b89c5-167","amaranth",2.54,6.6
"c564f83b89c5-168","amaranth",2.54,6.59
"c564f83b89c5-170","amaranth",2.56,6.58
"c564f83b89c5-173","amaranth",2.54,6.59
"c564f83b89c5-174","amaranth",2.55,6.61
"c564f83b89c5-176","amaranth",2.54,6.61
"c564f83b89c5-178","amaranth",2.53,6.6
"c564f83b89c5-182","amaranth",2.55,6.61
"c564f83b89c5-184","amaranth",2.54,6.6
"c564f83b89c5-186","amaranth",2.54,6.62
"c564f83b89c5-187","amaranth",2.56,6.59
"c564f83b89c5-188","amaranth",2.55,6.58
"c564f83b89c5-189","amaranth",2.55,6.6
"c564f83b89c5-190","amaranth",2.54,6.58
"c564f83b89c5-191","amaranth",2.59,6.57
"c564f83b89c5-192","amaranth",2.55,6.58
"c564f83b89c5-193","amaranth",2.55,6.6
"c564f83b89c5-194","amaranth",2.54,6.61
"c564f83b89c5-198","amaranth",2.55,6.58
"c564f83b89c5-201","amaranth",1.78,6.26
"c564f83b89c5-202","amaranth",1.72,6.26
"c564f83b89c5-203","amaranth",1.76,6.26
"c564f83b89c5-204","amaranth",1.72,6.25
"c564f83b89c5-205","amaranth",1.74,6.26
"c564f83b89c5-210","amaranth",1.78,6.28
"c564f83b89c5-211","amaranth",1.8,6.28
"c564f83b89c5-212","amaranth",1.79,6.28
"c564f83b89c5-213","amaranth",1.79,6.28
"c564f83b89c5-214","amaranth",1.78,6.27
"c564f83b89c5-215","amaranth",1.79,6.27
"c564f83b89c5-218","amaranth",1.78,6.28
"c564f83b89c5-219","amaranth",1.72,6.27
"c564f83b89c5-221","amaranth",1.71,6.26
"c564f83b89c5-222","amaranth",1.74,6.26
"c564f83b89c5-225","amaranth",1.76,6.27
"c564f83b89c5-227","amaranth",1.78,6.27
"c564f83b89c5-230","amaranth",1.77,6.26
"c564f83b89c5-231","amaranth",2.58,6.5
"c564f83b89c5-232","amaranth",2.62,6.47
"c564f83b89c5-233","amaranth",2.63,6.47
"c564f83b89c5-235","amaranth",2.61,6.51
"c564f83b89c5-236","amaranth",2.63,6.46
"c564f83b89c5-237","amaranth",2.63,6.5
"c564f83b89c5-238","amaranth",2.64,6.45
"c564f83b89c5-239","amaranth",2.65,6.47
"c564f83b89c5-242","amaranth",2.6,6.52
"c564f83b89c5-243","amaranth",2.65,6.49
"c564f83b89c5-244","amaranth",2.65,6.47
"c564f83b89c5-245","amaranth",2.65,6.49
"c564f83b89c5-246","amaranth",2.58,6.51
"c564f83b89c5-247","amaranth",2.63,6.47
"c564f83b89c5-248","amaranth",2.65,6.47
"c564f83b89c5-249","amaranth",2.64,6.49
"c564f83b89c5-250","amaranth",2.57,6.49
"c564f83b89c5-251","amaranth",2.64,6.48
"c564f83b89c5-253","amaranth",2.63,6.49
"c564f83b89c5-255","amaranth",2.57,6.5
"c564f83b89c5-256","amaranth",2.58,6.5
"c564f83b89c5-257","amaranth",2.59,6.51
"c564f83b89c5-259","amaranth",2.6,6.51
"c564f83b89c5-260","amaranth",2.63,6.5
"c3c46a31b5cb-1","groundnut",33.03,-5.02
"c3c46a31b5cb-2","groundnut",33.05,-5.03
"c3c46a31b5cb-3","groundnut",33.05,-5.03
"c3c46a31b5cb-4","groundnut",33.01,-5.02
"c3c46a31b5cb-5","groundnut",33.04,-5.03
"c3c46a31b5cb-6","groundnut",33.03,-5.03
"c3c46a31b5cb-7","groundnut",32.17,-5.1
"c3c46a31b5cb-8","groundnut",32.15,-5.08
"c3c46a31b5cb-9","groundnut",32.16,-5.1
"c3c46a31b5cb-10","groundnut",32.16,-5.08
"c3c46a31b5cb-11","groundnut",32.15,-5.09
"c3c46a31b5cb-12","groundnut",32.16,-5.07
"c3c46a31b5cb-13","groundnut",32.17,-5.09
"c3c46a31b5cb-14","groundnut",32.16,-5.1
"c3c46a31b5cb-15","groundnut",32.16,-5.08
"c3c46a31b5cb-16","groundnut",32.15,-5.09
"c3c46a31b5cb-17","groundnut",32.16,-5.09
"c3c46a31b5cb-18","groundnut",32.15,-5.08
"c3c46a31b5cb-19","groundnut",32.16,-5.08
"c3c46a31b5cb-20","groundnut",32.16,-5.1
"c3c46a31b5cb-21","groundnut",32.23,-5.1
"c3c46a31b5cb-22","groundnut",32.14,-6.75
"c3c46a31b5cb-24","groundnut",32.14,-6.75
"c3c46a31b5cb-25","groundnut",32.13,-6.75
"c3c46a31b5cb-26","groundnut",32.16,-6.75
"c3c46a31b5cb-27","groundnut",32.14,-6.74
"c3c46a31b5cb-28","groundnut",32.14,-6.75
"c3c46a31b5cb-29","groundnut",32.13,-6.76
"c3c46a31b5cb-30","groundnut",32.14,-6.76
"c3c46a31b5cb-31","groundnut",32.13,-6.76
"c3c46a31b5cb-32","groundnut",32.09,-6.82
"c3c46a31b5cb-33","groundnut",32.09,-6.82
"c3c46a31b5cb-35","groundnut",32.09,-6.81
"c3c46a31b5cb-36","groundnut",32.08,-6.82
"c3c46a31b5cb-37","groundnut",32.08,-6.82
"c3c46a31b5cb-39","groundnut",32.09,-6.81
"c3c46a31b5cb-40","groundnut",32.1,-6.81
"c3c46a31b5cb-41","groundnut",32.09,-6.82
"c3c46a31b5cb-42","groundnut",32.09,-6.81
"c3c46a31b5cb-43","groundnut",32.09,-6.83
"c3c46a31b5cb-44","groundnut",32.09,-6.8
"c3c46a31b5cb-45","groundnut",32.02,-6.76
"c3c46a31b5cb-48","groundnut",32.01,-6.77
"c3c46a31b5cb-53","groundnut",32.01,-6.78
"c3c46a31b5cb-54","groundnut",32.03,-6.77
"c3c46a31b5cb-55","groundnut",32.04,-6.64
"c3c46a31b5cb-56","groundnut",32.01,-6.65
"c3c46a31b5cb-57","groundnut",32.01,-6.65
"c3c46a31b5cb-58","groundnut",32.01,-6.64
"c3c46a31b5cb-59","groundnut",32.02,-6.66
"c3c46a31b5cb-60","groundnut",32,-6.65
"c3c46a31b5cb-61","groundnut",32.01,-6.65
"c3c46a31b5cb-62","groundnut",32,-6.65
"c3c46a31b5cb-63","groundnut",32.02,-6.62
"c3c46a31b5cb-64","groundnut",32.01,-6.65
"c3c46a31b5cb-65","groundnut",31.37,-6.45
"c3c46a31b5cb-67","groundnut",31.36,-6.45
"c3c46a31b5cb-68","groundnut",31.36,-6.44
"c3c46a31b5cb-69","groundnut",31.36,-6.46
"c3c46a31b5cb-70","groundnut",31.36,-6.44
"c3c46a31b5cb-71","groundnut",31.37,-6.45
"c3c46a31b5cb-72","groundnut",31.36,-6.46
"c3c46a31b5cb-73","groundnut",31.33,-6.44
"c3c46a31b5cb-75","groundnut",31.37,-6.46
"c3c46a31b5cb-76","groundnut",31.34,-6.43
"c3c46a31b5cb-77","groundnut",31.26,-6.39
"c3c46a31b5cb-78","groundnut",31.25,-6.37
"c3c46a31b5cb-79","groundnut",31.25,-6.38
"c3c46a31b5cb-80","groundnut",31.25,-6.38
"c3c46a31b5cb-81","groundnut",31.24,-6.4
"c3c46a31b5cb-82","groundnut",31.24,-6.4
"c3c46a31b5cb-83","groundnut",31.23,-6.37
"c3c46a31b5cb-84","groundnut",31.25,-6.39
"c3c46a31b5cb-85","groundnut",31.24,-6.37
"c3c46a31b5cb-86","groundnut",31.26,-6.39
"c3c46a31b5cb-87","groundnut",31.24,-6.39
"c3c46a31b5cb-88","groundnut",31.27,-6.38
"c3c46a31b5cb-89","groundnut",31.09,-6.34
"c3c46a31b5cb-90","groundnut",31.19,-6.36
"c3c46a31b5cb-91","groundnut",31.08,-6.34
"c3c46a31b5cb-92","groundnut",31.17,-6.35
"c3c46a31b5cb-95","groundnut",31.09,-6.35
"c3c46a31b5cb-96","groundnut",31.18,-6.35
"c3c46a31b5cb-98","groundnut",31.18,-6.37
"c3c46a31b5cb-99","groundnut",31.16,-6.36
"c3c46a31b5cb-100","groundnut",31.09,-6.34
"c3c46a31b5cb-101","groundnut",31.17,-6.36
"c3c46a31b5cb-102","groundnut",31.18,-6.35
"c3c46a31b5cb-103","groundnut",31.18,-6.35
"c3c46a31b5cb-104","groundnut",31.17,-6.35
"c3c46a31b5cb-105","groundnut",31.18,-6.35
"c3c46a31b5cb-106","groundnut",31.17,-6.33
"c3c46a31b5cb-107","groundnut",31.16,-6.33
"c3c46a31b5cb-108","groundnut",31.18,-6.35
"c3c46a31b5cb-109","groundnut",31.16,-6.33
"c3c46a31b5cb-110","groundnut",31.16,-6.35
"c3c46a31b5cb-111","groundnut",31.16,-6.34
"c3c46a31b5cb-112","groundnut",31.17,-6.34
"c3c46a31b5cb-113","groundnut",31.16,-6.35
"c3c46a31b5cb-115","groundnut",31.18,-6.34
"c3c46a31b5cb-116","groundnut",31.07,-6.39
"c3c46a31b5cb-118","groundnut",31.18,-6.32
"c3c46a31b5cb-119","groundnut",29.72,-4.82
"c3c46a31b5cb-120","groundnut",29.74,-4.83
"c3c46a31b5cb-121","groundnut",29.74,-4.82
"c3c46a31b5cb-122","groundnut",29.73,-4.82
"c3c46a31b5cb-123","groundnut",29.72,-4.81
"c3c46a31b5cb-124","groundnut",29.73,-4.83
"c3c46a31b5cb-125","groundnut",29.74,-4.8
"c3c46a31b5cb-126","groundnut",29.71,-4.79
"c3c46a31b5cb-127","groundnut",29.72,-4.82
"c3c46a31b5cb-128","groundnut",29.71,-4.8
"c3c46a31b5cb-129","groundnut",29.71,-4.8
"c3c46a31b5cb-130","groundnut",29.72,-4.8
"c3c46a31b5cb-131","groundnut",29.73,-4.81
"c3c46a31b5cb-132","groundnut",29.73,-4.81
"c3c46a31b5cb-133","groundnut",29.73,-4.81
"c3c46a31b5cb-134","groundnut",29.66,-4.79
"c3c46a31b5cb-135","groundnut",29.66,-4.79
"c3c46a31b5cb-136","groundnut",29.67,-4.8
"c3c46a31b5cb-137","groundnut",29.69,-4.76
"c3c46a31b5cb-138","groundnut",29.67,-4.78
"c3c46a31b5cb-139","groundnut",29.66,-4.79
"c3c46a31b5cb-140","groundnut",29.66,-4.83
"c3c46a31b5cb-141","groundnut",29.67,-4.8
"c3c46a31b5cb-142","groundnut",29.67,-4.78
"c3c46a31b5cb-143","groundnut",29.66,-4.78
"c3c46a31b5cb-144","groundnut",30.17,-4.42
"c3c46a31b5cb-146","groundnut",30.18,-4.43
"c3c46a31b5cb-147","groundnut",30.2,-4.4
"c3c46a31b5cb-148","groundnut",30.18,-4.42
"c3c46a31b5cb-149","groundnut",30.18,-4.43
"c3c46a31b5cb-150","groundnut",30.19,-4.43
"c3c46a31b5cb-151","groundnut",30.19,-4.43
"c3c46a31b5cb-154","groundnut",30.21,-4.44
"c3c46a31b5cb-157","groundnut",30.2,-4.39
"c3c46a31b5cb-158","groundnut",30.17,-4.43
"c3c46a31b5cb-159","groundnut",30.18,-4.42
"c3c46a31b5cb-160","groundnut",30.18,-4.41
"c3c46a31b5cb-161","groundnut",30.19,-4.43
"c3c46a31b5cb-162","groundnut",30.66,-3.56
"c3c46a31b5cb-163","groundnut",30.66,-3.57
"c3c46a31b5cb-164","groundnut",30.67,-3.55
"c3c46a31b5cb-165","groundnut",30.67,-3.55
"c3c46a31b5cb-166","groundnut",30.65,-3.55
"c3c46a31b5cb-167","groundnut",30.66,-3.56
"c3c46a31b5cb-168","groundnut",30.67,-3.56
"c3c46a31b5cb-169","groundnut",30.67,-3.56
"c3c46a31b5cb-170","groundnut",30.66,-3.53
"c3c46a31b5cb-171","groundnut",30.67,-3.55
"c3c46a31b5cb-172","groundnut",30.65,-3.55
"c3c46a31b5cb-173","groundnut",30.96,-3.29
"c3c46a31b5cb-174","groundnut",30.92,-3.33
"c3c46a31b5cb-175","groundnut",30.91,-3.32
"c3c46a31b5cb-176","groundnut",30.92,-3.33
"c3c46a31b5cb-177","groundnut",30.91,-3.33
"c3c46a31b5cb-178","groundnut",30.95,-3.3
"c3c46a31b5cb-179","groundnut",30.91,-3.34
"c3c46a31b5cb-180","groundnut",30.91,-3.33
"c3c46a31b5cb-183","groundnut",30.93,-3.33
"c3c46a31b5cb-184","groundnut",30.92,-3.33
"c3c46a31b5cb-185","groundnut",30.93,-3.33
"c3c46a31b5cb-186","groundnut",30.93,-3.31
"c3c46a31b5cb-187","groundnut",30.93,-3.31
"c3c46a31b5cb-188","groundnut",30.92,-3.31
"c3c46a31b5cb-189","groundnut",35.76,-7.62
"c3c46a31b5cb-190","groundnut",31.99,-3.5
"c3c46a31b5cb-191","groundnut",31.98,-3.51
"c3c46a31b5cb-192","groundnut",32,-3.48
"c3c46a31b5cb-195","groundnut",32,-3.51
"c3c46a31b5cb-196","groundnut",31.98,-3.5
"c3c46a31b5cb-197","groundnut",31.98,-3.48
"c3c46a31b5cb-199","groundnut",31.99,-3.48
"c3c46a31b5cb-200","groundnut",31.98,-3.48
"c3c46a31b5cb-201","groundnut",31.98,-3.49
"c3c46a31b5cb-202","groundnut",32.06,-3.48
"c3c46a31b5cb-203","groundnut",32.06,-3.47
"c3c46a31b5cb-204","groundnut",32.06,-3.49
"c3c46a31b5cb-205","groundnut",32.06,-3.46
"c3c46a31b5cb-206","groundnut",32.06,-3.47
"c3c46a31b5cb-207","groundnut",32.06,-3.47
"c3c46a31b5cb-208","groundnut",32.06,-3.48
"c3c46a31b5cb-209","groundnut",32.05,-3.48
"c3c46a31b5cb-210","groundnut",32.04,-3.47
"c3c46a31b5cb-211","groundnut",32.02,-3.5
"c3c46a31b5cb-212","groundnut",32.01,-3.5
"c3c46a31b5cb-213","groundnut",32.04,-3.47
"c3c46a31b5cb-214","groundnut",32.36,-3.07
"c3c46a31b5cb-215","groundnut",32.38,-3.08
"c3c46a31b5cb-216","groundnut",32.36,-3.07
"c3c46a31b5cb-217","groundnut",32.38,-3.07
"c3c46a31b5cb-218","groundnut",32.36,-3.08
"c3c46a31b5cb-219","groundnut",32.38,-3.07
"c3c46a31b5cb-220","groundnut",32.37,-3.09
"c3c46a31b5cb-221","groundnut",32.37,-3.07
"c3c46a31b5cb-222","groundnut",32.38,-3.1
"c3c46a31b5cb-223","groundnut",32.31,-3.13
"c3c46a31b5cb-224","groundnut",33.47,-2.64
"c3c46a31b5cb-225","groundnut",33.46,-2.64
"c3c46a31b5cb-226","groundnut",33.46,-2.62
"c3c46a31b5cb-227","groundnut",33.46,-2.64
"c3c46a31b5cb-228","groundnut",33.47,-2.64
"c3c46a31b5cb-230","groundnut",33.47,-2.64
"c3c46a31b5cb-231","groundnut",33.46,-2.63
"c3c46a31b5cb-232","groundnut",33.46,-2.63
"c3c46a31b5cb-233","groundnut",33.46,-2.63
"c3c46a31b5cb-234","groundnut",33.92,-2.05
"c3c46a31b5cb-235","groundnut",33.91,-2.06
"c3c46a31b5cb-236","groundnut",33.93,-2.05
"c3c46a31b5cb-237","groundnut",33.92,-2.04
"c3c46a31b5cb-238","groundnut",33.91,-2.04
"c3c46a31b5cb-239","groundnut",33.91,-2.05
"c3c46a31b5cb-240","groundnut",33.93,-2.07
"c3c46a31b5cb-241","groundnut",33.91,-2.06
"c3c46a31b5cb-242","groundnut",33.91,-2.06
"c3c46a31b5cb-243","groundnut",33.92,-2.05
"c3c46a31b5cb-244","groundnut",33.91,-2.05
"c3c46a31b5cb-245","groundnut",33.92,-2.05
"c3c46a31b5cb-246","groundnut",33.93,-2.05
"c3c46a31b5cb-247","groundnut",33.91,-2.06
"c3c46a31b5cb-248","groundnut",33.92,-2.06
"c3c46a31b5cb-249","groundnut",33.84,-3.23
"c3c46a31b5cb-250","groundnut",33.85,-3.21
"c3c46a31b5cb-251","groundnut",33.85,-3.22
"c3c46a31b5cb-252","groundnut",33.84,-3.21
"c3c46a31b5cb-253","groundnut",33.84,-3.22
"c3c46a31b5cb-254","groundnut",33.85,-3.23
"c3c46a31b5cb-255","groundnut",33.85,-3.21
"c3c46a31b5cb-256","groundnut",33.84,-3.23
"c3c46a31b5cb-257","groundnut",33.85,-3.21
"c3c46a31b5cb-258","groundnut",33.85,-3.22
"c3c46a31b5cb-259","groundnut",33.8,-3.08
"c3c46a31b5cb-260","groundnut",33.78,-3.08
"c3c46a31b5cb-261","groundnut",33.8,-3.08
"c3c46a31b5cb-263","groundnut",33.79,-3.09
"c3c46a31b5cb-264","groundnut",33.79,-3.08
"c3c46a31b5cb-265","groundnut",33.79,-3.07
"c3c46a31b5cb-266","groundnut",33.78,-3.09
"c3c46a31b5cb-267","groundnut",33.79,-3.07
"c3c46a31b5cb-268","groundnut",33.79,-3.08
"c3c46a31b5cb-269","groundnut",33.67,-3.19
"c3c46a31b5cb-270","groundnut",33.67,-3.19
"c3c46a31b5cb-271","groundnut",33.67,-3.19
"c3c46a31b5cb-272","groundnut",33.67,-3.2
"c3c46a31b5cb-273","groundnut",33.67,-3.19
"c3c46a31b5cb-274","groundnut",33.66,-3.22
"c3c46a31b5cb-275","groundnut",33.65,-3.2
"c3c46a31b5cb-276","groundnut",33.66,-3.2
"c3c46a31b5cb-277","groundnut",33.66,-3.19
"c3c46a31b5cb-278","groundnut",33.66,-3.2
"c3c46a31b5cb-279","groundnut",32.55,-3.92
"c3c46a31b5cb-280","groundnut",32.56,-3.93
"c3c46a31b5cb-281","groundnut",32.56,-3.94
"c3c46a31b5cb-282","groundnut",32.56,-3.94
"c3c46a31b5cb-283","groundnut",32.57,-3.95
"c3c46a31b5cb-284","groundnut",32.35,-3.92
"c3c46a31b5cb-285","groundnut",32.37,-3.93
"c3c46a31b5cb-286","groundnut",32.51,-3.79
"c3c46a31b5cb-287","groundnut",32.4,-3.92
"c3c46a31b5cb-292","groundnut",32.4,-3.99
"c3c46a31b5cb-294","groundnut",33.14,-4.35
"c3c46a31b5cb-295","groundnut",33.12,-4.38
"c3c46a31b5cb-296","groundnut",33.16,-4.37
"c3c46a31b5cb-297","groundnut",33.14,-4.38
"c3c46a31b5cb-298","groundnut",33.14,-4.37
"c3c46a31b5cb-299","groundnut",33.14,-4.36
"c3c46a31b5cb-300","groundnut",33.14,-4.36
"c3c46a31b5cb-301","groundnut",39.09,-6.68
"c3c46a31b5cb-302","groundnut",39.18,-6.65
"c3c46a31b5cb-303","groundnut",39.19,-6.66
"c3c46a31b5cb-304","groundnut",39.08,-6.67
"c3c46a31b5cb-305","groundnut",39.09,-6.68
"c3c46a31b5cb-306","groundnut",39.19,-6.69
"c3c46a31b5cb-307","groundnut",39.11,-6.69
"c3c46a31b5cb-308","groundnut",39.16,-6.66
"c3c46a31b5cb-309","groundnut",39.19,-6.69
"c3c46a31b5cb-310","groundnut",39.16,-6.65
"c3c46a31b5cb-311","groundnut",36.86,-6.28
"c3c46a31b5cb-312","groundnut",36.86,-6.27
"c3c46a31b5cb-313","groundnut",36.88,-6.31
"c3c46a31b5cb-314","groundnut",36.79,-6.13
"c3c46a31b5cb-317","groundnut",36.77,-6.3
"c3c46a31b5cb-324","groundnut",36.86,-6.28
"c3c46a31b5cb-326","groundnut",36.85,-6.28
"c3c46a31b5cb-327","groundnut",36.87,-6.26
"c3c46a31b5cb-328","groundnut",36.86,-6.26
"c3c46a31b5cb-334","groundnut",36.76,-6.29
"c3c46a31b5cb-335","groundnut",36.87,-6.27
"c3c46a31b5cb-336","groundnut",36.86,-6.27
"c3c46a31b5cb-337","groundnut",36.86,-6.28
"c3c46a31b5cb-339","groundnut",36.76,-6.29
"c3c46a31b5cb-340","groundnut",36.85,-6.27
"c3c46a31b5cb-342","groundnut",36.84,-6.32
"c3c46a31b5cb-343","groundnut",36.83,-6.3
"c3c46a31b5cb-344","groundnut",36.83,-6.31
"c3c46a31b5cb-345","groundnut",36.82,-6.31
"c3c46a31b5cb-346","groundnut",36.82,-6.32
"c3c46a31b5cb-347","groundnut",36.83,-6.32
"c3c46a31b5cb-348","groundnut",36.82,-6.31
"c3c46a31b5cb-349","groundnut",36.83,-6.32
"c3c46a31b5cb-351","groundnut",36.83,-6.32
"c3c46a31b5cb-352","groundnut",36.37,-6.6
"c3c46a31b5cb-353","groundnut",36.37,-6.59
"c3c46a31b5cb-354","groundnut",36.39,-6.59
"c3c46a31b5cb-355","groundnut",36.39,-6.59
"c3c46a31b5cb-356","groundnut",36.38,-6.59
"c3c46a31b5cb-357","groundnut",36.39,-6.6
"c3c46a31b5cb-358","groundnut",36.38,-6.59
"c3c46a31b5cb-359","groundnut",36.39,-6.61
"c3c46a31b5cb-360","groundnut",36.38,-6.61
"c3c46a31b5cb-361","groundnut",36.37,-6.6
"c3c46a31b5cb-362","groundnut",36.38,-6.59
"c3c46a31b5cb-363","groundnut",36.39,-6.59
"c3c46a31b5cb-364","groundnut",36.38,-6.61
"c3c46a31b5cb-365","groundnut",36.38,-6.59
"c3c46a31b5cb-366","groundnut",36.38,-6.6
"c3c46a31b5cb-367","groundnut",36.38,-6.6
"c3c46a31b5cb-368","groundnut",36.38,-6.61
"c3c46a31b5cb-369","groundnut",36.37,-6.6
"c3c46a31b5cb-370","groundnut",36.39,-6.6
"c3c46a31b5cb-371","groundnut",36.37,-6.59
"c3c46a31b5cb-372","groundnut",36.37,-6.6
"c3c46a31b5cb-373","groundnut",36.35,-7.02
"c3c46a31b5cb-374","groundnut",36.36,-7.03
"c3c46a31b5cb-375","groundnut",36.37,-7.02
"c3c46a31b5cb-376","groundnut",36.37,-7.03
"c3c46a31b5cb-377","groundnut",36.37,-7.03
"c3c46a31b5cb-378","groundnut",36.35,-7.02
"c3c46a31b5cb-379","groundnut",36.35,-7.01
"c3c46a31b5cb-380","groundnut",36.36,-7.02
"c3c46a31b5cb-381","groundnut",36.37,-7.02
"c3c46a31b5cb-382","groundnut",36.37,-7.01
"c3c46a31b5cb-383","groundnut",36.36,-7.02
"c3c46a31b5cb-384","groundnut",36.35,-7.03
"c3c46a31b5cb-385","groundnut",36.36,-7.01
"c3c46a31b5cb-386","groundnut",36.36,-7.02
"c3c46a31b5cb-387","groundnut",36.36,-7.03
"c3c46a31b5cb-388","groundnut",36.35,-7.02
"c3c46a31b5cb-389","groundnut",36.42,-6.95
"c3c46a31b5cb-390","groundnut",36.35,-7.02
"c3c46a31b5cb-391","groundnut",36.36,-7.01
"c3c46a31b5cb-392","groundnut",36.38,-6.99
"c3c46a31b5cb-393","groundnut",36.35,-7.02
"c3c46a31b5cb-394","groundnut",36.42,-6.93
"c3c46a31b5cb-395","groundnut",36.35,-7.02
"c3c46a31b5cb-396","groundnut",36.37,-7.03
"c3c46a31b5cb-397","groundnut",36.36,-7.02
"c3c46a31b5cb-398","groundnut",36.37,-7.01
"c3c46a31b5cb-399","groundnut",36.37,-7.03
"c3c46a31b5cb-400","groundnut",36.37,-7.01
"c3c46a31b5cb-401","groundnut",36.36,-7.01
"c3c46a31b5cb-402","groundnut",36.35,-7.02
"c3c46a31b5cb-403","groundnut",36.31,-6.1
"c3c46a31b5cb-404","groundnut",36.26,-6.12
"c3c46a31b5cb-405","groundnut",36.27,-6.12
"c3c46a31b5cb-406","groundnut",36.27,-6.12
"c3c46a31b5cb-407","groundnut",36.28,-6.11
"c3c46a31b5cb-408","groundnut",36.26,-6.13
"c3c46a31b5cb-409","groundnut",36.28,-6.12
"c3c46a31b5cb-410","groundnut",36.28,-6.12
"c3c46a31b5cb-411","groundnut",36.24,-6.13
"c3c46a31b5cb-412","groundnut",36.28,-6.12
"c3c46a31b5cb-413","groundnut",35.95,-5.89
"c3c46a31b5cb-414","groundnut",35.95,-5.89
"c3c46a31b5cb-415","groundnut",35.96,-5.89
"c3c46a31b5cb-417","groundnut",35.96,-5.89
"c3c46a31b5cb-418","groundnut",35.94,-5.9
"c3c46a31b5cb-419","groundnut",35.95,-5.88
"c3c46a31b5cb-420","groundnut",35.95,-5.88
"c3c46a31b5cb-421","groundnut",35.96,-5.9
"c3c46a31b5cb-434","groundnut",35.76,-5.85
"c3c46a31b5cb-440","groundnut",35.75,-5.85
"c3c46a31b5cb-448","groundnut",35.76,-5.86
"c3c46a31b5cb-473","groundnut",35.53,-5.95
"c3c46a31b5cb-474","groundnut",35.53,-5.96
"c3c46a31b5cb-475","groundnut",35.55,-5.96
"c3c46a31b5cb-476","groundnut",35.55,-5.96
"c3c46a31b5cb-477","groundnut",35.54,-5.96
"c3c46a31b5cb-478","groundnut",35.54,-5.95
"c3c46a31b5cb-479","groundnut",35.54,-5.97
"c3c46a31b5cb-480","groundnut",35.54,-5.96
"c3c46a31b5cb-481","groundnut",35.55,-5.96
"c3c46a31b5cb-484","groundnut",35.55,-5.95
"c3c46a31b5cb-485","groundnut",35.54,-5.96
"c3c46a31b5cb-488","groundnut",35.55,-5.96
"c3c46a31b5cb-489","groundnut",35.55,-5.96
"c3c46a31b5cb-493","groundnut",35.54,-5.94
"c3c46a31b5cb-494","groundnut",35.55,-5.96
"c3c46a31b5cb-518","groundnut",35.64,-6.17
"c3c46a31b5cb-519","groundnut",35.64,-6.16
"c3c46a31b5cb-520","groundnut",35.67,-6.16
"c3c46a31b5cb-523","groundnut",35.64,-6.17
"c3c46a31b5cb-524","groundnut",35.64,-6.18
"c3c46a31b5cb-526","groundnut",35.6,-6.23
"c3c46a31b5cb-527","groundnut",35.65,-6.19
"c3c46a31b5cb-528","groundnut",35.6,-6.23
"c3c46a31b5cb-529","groundnut",35.62,-6.17
"c3c46a31b5cb-530","groundnut",35.66,-6.17
"c3c46a31b5cb-531","groundnut",35.89,-5.9
"c3c46a31b5cb-534","groundnut",35.87,-5.9
"c3c46a31b5cb-537","groundnut",35.85,-5.92
"c3c46a31b5cb-541","groundnut",35.84,-5.94
"c3c46a31b5cb-542","groundnut",35.85,-5.94
"c3c46a31b5cb-543","groundnut",35.85,-5.93
"c3c46a31b5cb-551","groundnut",35.75,-6.38
"c3c46a31b5cb-565","groundnut",35.77,-7.6
"c3c46a31b5cb-566","groundnut",35.78,-7.61
"c3c46a31b5cb-567","groundnut",35.77,-7.62
"c3c46a31b5cb-568","groundnut",35.76,-7.6
"c3c46a31b5cb-569","groundnut",35.76,-7.61
"c3c46a31b5cb-570","groundnut",35.76,-7.61
"c3c46a31b5cb-571","groundnut",35.76,-7.61
"c3c46a31b5cb-572","groundnut",35.76,-7.6
"c3c46a31b5cb-573","groundnut",35.78,-7.61
"c3c46a31b5cb-574","groundnut",35.76,-7.6
"c3c46a31b5cb-575","groundnut",35.78,-7.6
"c3c46a31b5cb-576","groundnut",35.77,-7.62
"c3c46a31b5cb-577","groundnut",35.76,-7.62
"c3c46a31b5cb-578","groundnut",35.77,-7.6
"c3c46a31b5cb-579","groundnut",35.76,-7.61
"c3c46a31b5cb-580","groundnut",35.77,-7.61
"c3c46a31b5cb-581","groundnut",33.08,-9.01
"c3c46a31b5cb-582","groundnut",33.06,-9
"c3c46a31b5cb-583","groundnut",33.08,-8.99
"c3c46a31b5cb-584","groundnut",33.07,-8.99
"c3c46a31b5cb-585","groundnut",33.06,-8.99
"c3c46a31b5cb-586","groundnut",33.07,-9.01
"c3c46a31b5cb-587","groundnut",33.06,-8.98
"c3c46a31b5cb-588","groundnut",33.07,-9.01
"c3c46a31b5cb-589","groundnut",36.76,-6.29
"c3c46a31b5cb-590","groundnut",33.07,-9.01
"c3c46a31b5cb-591","groundnut",33.08,-9.01
"c3c46a31b5cb-592","groundnut",33.06,-8.99
"c3c46a31b5cb-593","groundnut",33.08,-9.01
"c3c46a31b5cb-594","groundnut",33.07,-9.02
"c3c46a31b5cb-595","groundnut",33.08,-9.02
"c3c46a31b5cb-596","groundnut",33.07,-9
"c3c46a31b5cb-597","groundnut",33.07,-8.99
"c3c46a31b5cb-598","groundnut",33.08,-9
"c3c46a31b5cb-599","groundnut",33.08,-9
"c3c46a31b5cb-600","groundnut",33.07,-8.99
"c3c46a31b5cb-671","groundnut",32.95,-9.03
"c3c46a31b5cb-672","groundnut",32.95,-9.04
"c3c46a31b5cb-673","groundnut",32.95,-9.02
"c3c46a31b5cb-674","groundnut",32.96,-9.02
"c3c46a31b5cb-675","groundnut",32.95,-9.02
"c3c46a31b5cb-676","groundnut",32.96,-9.02
"c3c46a31b5cb-677","groundnut",32.95,-9.02
"c3c46a31b5cb-678","groundnut",32.97,-9.04
"c3c46a31b5cb-679","groundnut",32.95,-9.02
"c3c46a31b5cb-680","groundnut",32.96,-9.03
"c3c46a31b5cb-681","groundnut",32.95,-9.04
"c3c46a31b5cb-682","groundnut",32.95,-9.04
"c3c46a31b5cb-683","groundnut",32.96,-9.03
"c3c46a31b5cb-684","groundnut",32.94,-9.03
"c3c46a31b5cb-685","groundnut",32.95,-9.04
"c3c46a31b5cb-686","groundnut",32.96,-9.03
"c3c46a31b5cb-687","groundnut",32.96,-9.04
"c3c46a31b5cb-688","groundnut",32.96,-9.04
"c3c46a31b5cb-689","groundnut",32.95,-9.02
"c3c46a31b5cb-690","groundnut",32.96,-9.02
"c3c46a31b5cb-691","groundnut",32.97,-9.04
"c3c46a31b5cb-692","groundnut",32.96,-9.04
"c3c46a31b5cb-693","groundnut",32.94,-9.03
"c3c46a31b5cb-694","groundnut",32.95,-9.04
"c3c46a31b5cb-695","groundnut",32.93,-9.02
"c3c46a31b5cb-696","groundnut",32.93,-9.03
"c3c46a31b5cb-697","groundnut",32.91,-9.03
"c3c46a31b5cb-698","groundnut",32.92,-9.03
"c3c46a31b5cb-699","groundnut",32.92,-9.03
"c3c46a31b5cb-700","groundnut",32.92,-9.02
"c3c46a31b5cb-701","groundnut",32.91,-9.02
"c3c46a31b5cb-702","groundnut",32.93,-9.02
"c3c46a31b5cb-703","groundnut",32.91,-9.03
"c3c46a31b5cb-704","groundnut",32.92,-9.04
"c3c46a31b5cb-705","groundnut",32.91,-9.04
"c3c46a31b5cb-706","groundnut",32.93,-9.03
"c3c46a31b5cb-707","groundnut",32.91,-9.04
"c3c46a31b5cb-708","groundnut",32.92,-9.03
"c3c46a31b5cb-709","groundnut",32.92,-9.02
"c3c46a31b5cb-710","groundnut",32.92,-9.02
"c3c46a31b5cb-711","groundnut",32.92,-9.02
"c3c46a31b5cb-712","groundnut",32.92,-9.03
"c3c46a31b5cb-713","groundnut",32.92,-9.03
"c3c46a31b5cb-714","groundnut",32.93,-9.03
"c3c46a31b5cb-715","groundnut",32.93,-9.03
"c3c46a31b5cb-716","groundnut",32.92,-9.03
"c3c46a31b5cb-717","groundnut",32.92,-9.04
"c3c46a31b5cb-718","groundnut",32.93,-9.03
"c3c46a31b5cb-719","groundnut",32.92,-9.03
"c3c46a31b5cb-720","groundnut",32.93,-9.03
"c3c46a31b5cb-721","groundnut",32.75,-9.02
"c3c46a31b5cb-722","groundnut",32.74,-9.03
"c3c46a31b5cb-724","groundnut",32.75,-9.03
"c3c46a31b5cb-725","groundnut",32.76,-9.03
"c3c46a31b5cb-726","groundnut",32.74,-9.02
"c3c46a31b5cb-727","groundnut",32.75,-9.03
"c3c46a31b5cb-728","groundnut",32.76,-9.04
"c3c46a31b5cb-729","groundnut",32.75,-9.04
"c3c46a31b5cb-730","groundnut",32.74,-9.02
"c3c46a31b5cb-731","groundnut",32.75,-9.03
"c3c46a31b5cb-733","groundnut",32.75,-9.03
"c3c46a31b5cb-734","groundnut",32.74,-9.03
"c3c46a31b5cb-735","groundnut",32.76,-9.03
"c3c46a31b5cb-736","groundnut",32.74,-9.03
"c3c46a31b5cb-737","groundnut",32.73,-9.03
"c3c46a31b5cb-738","groundnut",32.76,-9.03
"c3c46a31b5cb-739","groundnut",32.77,-9.03
"c3c46a31b5cb-740","groundnut",32.75,-9.03
"c3c46a31b5cb-741","groundnut",37.17,-11.07
"c3c46a31b5cb-742","groundnut",37.16,-11.07
"c3c46a31b5cb-743","groundnut",37.16,-11.07
"c3c46a31b5cb-744","groundnut",37.17,-11.05
"c3c46a31b5cb-745","groundnut",37.16,-11.05
"c3c46a31b5cb-746","groundnut",37.16,-11.06
"c3c46a31b5cb-747","groundnut",37.17,-11.06
"c3c46a31b5cb-748","groundnut",37.17,-11.07
"c3c46a31b5cb-749","groundnut",37.16,-11.07
"c3c46a31b5cb-750","groundnut",37.17,-11.05
"c3c46a31b5cb-751","groundnut",38.38,-11
"c3c46a31b5cb-752","groundnut",38.38,-11
"c3c46a31b5cb-753","groundnut",38.36,-11
"c3c46a31b5cb-754","groundnut",38.37,-10.98
"c3c46a31b5cb-755","groundnut",38.37,-10.97
"c3c46a31b5cb-756","groundnut",38.37,-10.98
"c3c46a31b5cb-757","groundnut",38.38,-11
"c3c46a31b5cb-758","groundnut",38.39,-11
"c3c46a31b5cb-759","groundnut",38.37,-11
"c3c46a31b5cb-760","groundnut",38.38,-10.99
"c3c46a31b5cb-761","groundnut",38.37,-11
"c3c46a31b5cb-762","groundnut",38.38,-10.99
"c3c46a31b5cb-763","groundnut",38.36,-10.99
"c3c46a31b5cb-764","groundnut",38.62,-10.85
"c3c46a31b5cb-765","groundnut",38.64,-10.85
"c3c46a31b5cb-766","groundnut",38.64,-10.85
"c3c46a31b5cb-767","groundnut",38.63,-10.86
"c3c46a31b5cb-768","groundnut",38.63,-10.83
"c3c46a31b5cb-769","groundnut",38.64,-10.86
"c3c46a31b5cb-770","groundnut",38.63,-10.85
"c3c46a31b5cb-771","groundnut",38.63,-10.86
"c3c46a31b5cb-772","groundnut",38.64,-10.85
"c3c46a31b5cb-773","groundnut",38.63,-10.84
"c3c46a31b5cb-774","groundnut",38.64,-10.85
"c3c46a31b5cb-775","groundnut",38.72,-10.91
"c3c46a31b5cb-776","groundnut",38.69,-10.91
"c3c46a31b5cb-777","groundnut",38.71,-10.9
"c3c46a31b5cb-778","groundnut",38.69,-10.9
"c3c46a31b5cb-779","groundnut",38.69,-10.89
"c3c46a31b5cb-780","groundnut",38.69,-10.89
"c3c46a31b5cb-781","groundnut",38.7,-10.9
"c3c46a31b5cb-782","groundnut",38.7,-10.89
"c3c46a31b5cb-783","groundnut",38.7,-10.89
"c3c46a31b5cb-784","groundnut",38.7,-10.89
"c3c46a31b5cb-785","groundnut",38.71,-10.91
"c3c46a31b5cb-786","groundnut",38.68,-10.89
"c3c46a31b5cb-787","groundnut",38.69,-10.87
"c3c46a31b5cb-788","groundnut",38.68,-10.9
"c3c46a31b5cb-789","groundnut",38.71,-10.9
"c3c46a31b5cb-790","groundnut",38.7,-10.89
"c3c46a31b5cb-791","groundnut",38.7,-10.88
"c3c46a31b5cb-792","groundnut",38.69,-10.91
"c3c46a31b5cb-793","groundnut",38.61,-10.82
"c3c46a31b5cb-794","groundnut",38.59,-10.82
"c3c46a31b5cb-795","groundnut",38.61,-10.82
"c3c46a31b5cb-796","groundnut",38.61,-10.83
"c3c46a31b5cb-797","groundnut",38.6,-10.83
"c3c46a31b5cb-798","groundnut",38.61,-10.81
"c3c46a31b5cb-799","groundnut",38.62,-10.82
"c3c46a31b5cb-800","groundnut",38.62,-10.83
"c3c46a31b5cb-801","groundnut",38.62,-10.85
"c3c46a31b5cb-802","groundnut",38.61,-10.83
"c3c46a31b5cb-803","groundnut",38.61,-10.83
"c3c46a31b5cb-804","groundnut",38.6,-10.83
"c3c46a31b5cb-805","groundnut",38.62,-10.83
"c3c46a31b5cb-806","groundnut",38.61,-10.83
"c3c46a31b5cb-807","groundnut",38.6,-10.83
"c3c46a31b5cb-808","groundnut",38.6,-10.84
"c3c46a31b5cb-809","groundnut",38.62,-10.82
"c3c46a31b5cb-810","groundnut",38.62,-10.84
"c3c46a31b5cb-811","groundnut",38.61,-10.82
"c3c46a31b5cb-812","groundnut",38.62,-10.84
"c3c46a31b5cb-813","groundnut",38.61,-10.84
"c3c46a31b5cb-814","groundnut",38.61,-10.83
"c3c46a31b5cb-815","groundnut",38.61,-10.82
"c3c46a31b5cb-816","groundnut",38.62,-10.84
"c3c46a31b5cb-817","groundnut",38.61,-10.84
"c3c46a31b5cb-818","groundnut",38.62,-10.83
"c3c46a31b5cb-819","groundnut",39,-10.89
"c3c46a31b5cb-820","groundnut",38.99,-10.91
"c3c46a31b5cb-821","groundnut",39,-10.9
"c3c46a31b5cb-822","groundnut",38.99,-10.9
"c3c46a31b5cb-823","groundnut",38.99,-10.9
"c3c46a31b5cb-824","groundnut",38.99,-10.9
"c3c46a31b5cb-825","groundnut",39.01,-10.9
"c3c46a31b5cb-826","groundnut",38.99,-10.89
"c3c46a31b5cb-827","groundnut",38.99,-10.9
"c3c46a31b5cb-828","groundnut",39.02,-10.89
"c3c46a31b5cb-829","groundnut",39.01,-10.89
"c3c46a31b5cb-830","groundnut",39.01,-10.9
"c3c46a31b5cb-831","groundnut",38.99,-10.9
"c3c46a31b5cb-832","groundnut",39,-10.89
"c3c46a31b5cb-833","groundnut",38.76,-10.35
"c3c46a31b5cb-834","groundnut",38.75,-10.33
"c3c46a31b5cb-835","groundnut",38.77,-10.35
"c3c46a31b5cb-836","groundnut",38.76,-10.35
"c3c46a31b5cb-837","groundnut",38.77,-10.34
"c3c46a31b5cb-838","groundnut",38.76,-10.35
"c3c46a31b5cb-839","groundnut",38.76,-10.34
"c3c46a31b5cb-840","groundnut",38.77,-10.34
"c3c46a31b5cb-841","groundnut",38.77,-10.34
"c3c46a31b5cb-842","groundnut",38.75,-10.34
"c3c46a31b5cb-843","groundnut",38.77,-10.34
"c3c46a31b5cb-844","groundnut",38.77,-10.34
"c3c46a31b5cb-845","groundnut",38.76,-10.33
"c3c46a31b5cb-846","groundnut",38.76,-10.34
"c3c46a31b5cb-847","groundnut",39.02,-10.5
"c3c46a31b5cb-848","groundnut",39,-10.5
"c3c46a31b5cb-849","groundnut",39.02,-10.5
"c3c46a31b5cb-850","groundnut",39.02,-10.51
"c3c46a31b5cb-851","groundnut",39.02,-10.5
"c3c46a31b5cb-852","groundnut",39,-10.49
"c3c46a31b5cb-853","groundnut",39.01,-10.5
"c3c46a31b5cb-854","groundnut",39.02,-10.5
"c3c46a31b5cb-855","groundnut",39.01,-10.51
"c3c46a31b5cb-856","groundnut",39.01,-10.51
"c3c46a31b5cb-857","groundnut",39.02,-10.5
"c3c46a31b5cb-858","groundnut",39.01,-10.49
"c3c46a31b5cb-859","groundnut",39,-10.5
"c3c46a31b5cb-860","groundnut",39.01,-10.51
"c3c46a31b5cb-861","groundnut",39.02,-10.51
"c3c46a31b5cb-862","groundnut",39.02,-10.51
"c3c46a31b5cb-863","groundnut",39.02,-10.49
"c3c46a31b5cb-864","groundnut",39,-10.5
"c3c46a31b5cb-865","groundnut",39.01,-10.5
"c3c46a31b5cb-866","groundnut",39.02,-10.51
"c3c46a31b5cb-867","groundnut",39.04,-10.49
"c3c46a31b5cb-876","groundnut",39.03,-10.5
"c3c46a31b5cb-877","groundnut",39.03,-10.5
"c3c46a31b5cb-878","groundnut",39.05,-10.48
"c3c46a31b5cb-879","groundnut",39.04,-10.48
"c3c46a31b5cb-880","groundnut",39.06,-10.47
"c3c46a31b5cb-883","groundnut",39.05,-10.48
"c3c46a31b5cb-884","groundnut",39.06,-10.46
"c3c46a31b5cb-885","groundnut",39.07,-10.49
"c3c46a31b5cb-888","groundnut",39.06,-10.47
"c3c46a31b5cb-889","groundnut",39.05,-10.47
"c3c46a31b5cb-890","groundnut",39.05,-10.49
"c3c46a31b5cb-891","groundnut",39.63,-10.06
"c3c46a31b5cb-892","groundnut",39.62,-10.04
"c3c46a31b5cb-893","groundnut",39.63,-10.05
"c3c46a31b5cb-894","groundnut",39.63,-10.06
"c3c46a31b5cb-895","groundnut",39.62,-10.05
"c3c46a31b5cb-896","groundnut",39.62,-10.05
"c3c46a31b5cb-897","groundnut",39.61,-10.05
"c3c46a31b5cb-898","groundnut",39.61,-10.05
"c3c46a31b5cb-899","groundnut",39.62,-10.04
"c3c46a31b5cb-900","groundnut",39.63,-10.05
"c3c46a31b5cb-901","groundnut",39.94,-10.25
"c3c46a31b5cb-902","groundnut",39.92,-10.27
"c3c46a31b5cb-903","groundnut",39.92,-10.24
"c3c46a31b5cb-904","groundnut",39.93,-10.25
"c3c46a31b5cb-906","groundnut",39.91,-10.25
"c3c46a31b5cb-907","groundnut",39.93,-10.27
"c3c46a31b5cb-908","groundnut",39.92,-10.25
"c3c46a31b5cb-909","groundnut",40.16,-10.26
"c3c46a31b5cb-910","groundnut",39.92,-10.25
"c3c46a31b5cb-911","groundnut",40.14,-10.29
"c3c46a31b5cb-912","groundnut",40.13,-10.29
"c3c46a31b5cb-913","groundnut",40.17,-10.3
"c3c46a31b5cb-914","groundnut",40.14,-10.28
"c3c46a31b5cb-915","groundnut",40.15,-10.29
"c3c46a31b5cb-916","groundnut",40.13,-10.3
"c3c46a31b5cb-917","groundnut",40.13,-10.29
"c3c46a31b5cb-918","groundnut",40.12,-10.29
"c3c46a31b5cb-919","groundnut",40.13,-10.29
"c3c46a31b5cb-920","groundnut",40.15,-10.28
"c3c46a31b5cb-921","groundnut",40.14,-10.28
"c3c46a31b5cb-922","groundnut",40.15,-10.33
"c3c46a31b5cb-923","groundnut",40.15,-10.33
"c3c46a31b5cb-924","groundnut",40.14,-10.31
"c3c46a31b5cb-925","groundnut",40.14,-10.32
"c3c46a31b5cb-926","groundnut",40.16,-10.39
"c3c46a31b5cb-927","groundnut",40.15,-10.3
"c3c46a31b5cb-929","groundnut",40.15,-10.32
"c3c46a31b5cb-930","groundnut",40.16,-10.3
"c3c46a31b5cb-931","groundnut",40.16,-10.29
"c3c46a31b5cb-932","groundnut",40.2,-10.33
"c3c46a31b5cb-933","groundnut",40.18,-10.33
"c3c46a31b5cb-934","groundnut",40.19,-10.33
"c3c46a31b5cb-935","groundnut",40.18,-10.34
"c3c46a31b5cb-936","groundnut",40.19,-10.35
"c3c46a31b5cb-937","groundnut",40.18,-10.33
"c3c46a31b5cb-938","groundnut",40.21,-10.32
"c3c46a31b5cb-939","groundnut",40.19,-10.33
"c3c46a31b5cb-940","groundnut",40.2,-10.32
"c3c46a31b5cb-941","groundnut",40.19,-10.31
"c3c46a31b5cb-942","groundnut",40.2,-10.32
"c3c46a31b5cb-943","groundnut",40.2,-10.32
"c3c46a31b5cb-944","groundnut",40.2,-10.33
"c3c46a31b5cb-945","groundnut",40.21,-10.34
"c3c46a31b5cb-946","groundnut",40.19,-10.33
"c3c46a31b5cb-947","groundnut",40.24,-10.35
"c3c46a31b5cb-948","groundnut",40.23,-10.35
"c3c46a31b5cb-949","groundnut",40.23,-10.35
"c3c46a31b5cb-950","groundnut",40.24,-10.35
"c3c46a31b5cb-951","groundnut",40.2,-10.33
"c3c46a31b5cb-952","groundnut",40.23,-10.35
"c3c46a31b5cb-953","groundnut",40.23,-10.35
"c3c46a31b5cb-954","groundnut",40.25,-10.35
"c3c46a31b5cb-955","groundnut",40.24,-10.35
"c3c46a31b5cb-956","groundnut",40.24,-10.35
"c3c46a31b5cb-957","groundnut",40.23,-10.33
"c3c46a31b5cb-958","groundnut",40.26,-10.35
"c3c46a31b5cb-959","groundnut",40.24,-10.33
"c3c46a31b5cb-960","groundnut",40.18,-10.38
"c3c46a31b5cb-961","groundnut",40.18,-10.39
"c3c46a31b5cb-962","groundnut",40.2,-10.39
"c3c46a31b5cb-963","groundnut",40.18,-10.38
"c3c46a31b5cb-964","groundnut",40.19,-10.38
"c3c46a31b5cb-965","groundnut",40.18,-10.39
"c3c46a31b5cb-966","groundnut",40.19,-10.39
"c3c46a31b5cb-967","groundnut",40.18,-10.38
"c3c46a31b5cb-968","groundnut",40.19,-10.39
"c3c46a31b5cb-969","groundnut",40.19,-10.38
"c3c46a31b5cb-970","groundnut",40.19,-10.4
"c3c46a31b5cb-971","groundnut",40.17,-10.38
"c3c46a31b5cb-972","groundnut",40.15,-10.37
"c3c46a31b5cb-973","groundnut",40.15,-10.39
"c3c46a31b5cb-974","groundnut",40.17,-10.38
"c3c46a31b5cb-975","groundnut",40.16,-10.39
"c3c46a31b5cb-976","groundnut",40.16,-10.39
"c3c46a31b5cb-977","groundnut",40.16,-10.39
"c3c46a31b5cb-978","groundnut",40.16,-10.37
"c3c46a31b5cb-979","groundnut",40.16,-10.38
"c3c46a31b5cb-980","groundnut",40.17,-10.38
"c3c46a31b5cb-981","groundnut",40.15,-10.37
"c3c46a31b5cb-983","groundnut",40.15,-10.38
"c3c46a31b5cb-984","groundnut",40.15,-10.37
"c3c46a31b5cb-985","groundnut",40.15,-10.39
"c3c46a31b5cb-986","groundnut",40.24,-10.21
"c3c46a31b5cb-987","groundnut",40.22,-10.22
"c3c46a31b5cb-988","groundnut",40.23,-10.21
"c3c46a31b5cb-989","groundnut",40.22,-10.23
"c3c46a31b5cb-990","groundnut",40.24,-10.22
"c3c46a31b5cb-991","groundnut",40.23,-10.22
"c3c46a31b5cb-992","groundnut",40.24,-10.22
"c3c46a31b5cb-993","groundnut",40.22,-10.22
"c3c46a31b5cb-994","groundnut",40.22,-10.23
"c3c46a31b5cb-995","groundnut",40.24,-10.22
"c3c46a31b5cb-996","groundnut",40.24,-10.21
"c3c46a31b5cb-997","groundnut",40.22,-10.23
"c3c46a31b5cb-998","groundnut",40.23,-10.22
"c3c46a31b5cb-999","groundnut",40.23,-10.23
"c3c46a31b5cb-1000","groundnut",40.22,-10.22
"f9d88801f7fa-1","groundnut",33.04,-5.04
"f9d88801f7fa-2","groundnut",33.04,-5.03
"f9d88801f7fa-3","groundnut",33.03,-5.04
"f9d88801f7fa-4","groundnut",33.03,-5.03
"f9d88801f7fa-5","groundnut",33.05,-5.02
"f9d88801f7fa-6","groundnut",33.02,-5.01
"f9d88801f7fa-7","groundnut",32.15,-5.1
"f9d88801f7fa-8","groundnut",32.15,-5.1
"f9d88801f7fa-9","groundnut",32.16,-5.08
"f9d88801f7fa-10","groundnut",32.15,-5.08
"f9d88801f7fa-11","groundnut",32.15,-5.08
"f9d88801f7fa-12","groundnut",32.15,-5.09
"f9d88801f7fa-13","groundnut",32.16,-5.09
"f9d88801f7fa-14","groundnut",32.14,-5.08
"f9d88801f7fa-15","groundnut",32.14,-5.09
"f9d88801f7fa-16","groundnut",32.16,-5.09
"f9d88801f7fa-17","groundnut",31.95,-5.07
"f9d88801f7fa-18","groundnut",31.97,-5.06
"f9d88801f7fa-19","groundnut",31.97,-5.06
"f9d88801f7fa-20","groundnut",31.97,-5.08
"f9d88801f7fa-21","groundnut",31.98,-5.07
"f9d88801f7fa-22","groundnut",31.97,-5.07
"f9d88801f7fa-23","groundnut",32.02,-6.64
"f9d88801f7fa-24","groundnut",32.04,-6.65
"f9d88801f7fa-25","groundnut",32.04,-6.64
"f9d88801f7fa-26","groundnut",32.02,-6.64
"f9d88801f7fa-27","groundnut",32.04,-6.64
"f9d88801f7fa-28","groundnut",32.02,-6.65
"f9d88801f7fa-29","groundnut",32.01,-6.65
"f9d88801f7fa-30","groundnut",32.02,-6.65
"f9d88801f7fa-31","groundnut",32.04,-6.64
"f9d88801f7fa-32","groundnut",32.02,-6.64
"f9d88801f7fa-33","groundnut",32.13,-6.75
"f9d88801f7fa-34","groundnut",32.14,-6.75
"f9d88801f7fa-35","groundnut",32.14,-6.75
"f9d88801f7fa-36","groundnut",32.17,-6.74
"f9d88801f7fa-37","groundnut",32.14,-6.74
"f9d88801f7fa-38","groundnut",32.15,-6.76
"f9d88801f7fa-39","groundnut",32.2,-6.77
"f9d88801f7fa-40","groundnut",32.13,-6.74
"f9d88801f7fa-43","groundnut",32.1,-6.81
"f9d88801f7fa-44","groundnut",32.08,-6.81
"f9d88801f7fa-45","groundnut",32.08,-6.81
"f9d88801f7fa-46","groundnut",32.09,-6.83
"f9d88801f7fa-47","groundnut",32.1,-6.82
"f9d88801f7fa-48","groundnut",32.09,-6.82
"f9d88801f7fa-49","groundnut",32.07,-6.82
"f9d88801f7fa-50","groundnut",32.09,-6.82
"f9d88801f7fa-51","groundnut",32.1,-6.81
"f9d88801f7fa-52","groundnut",32.08,-6.81
"f9d88801f7fa-53","groundnut",32.08,-6.8
"f9d88801f7fa-54","groundnut",32.01,-6.77
"f9d88801f7fa-55","groundnut",32.02,-6.78
"f9d88801f7fa-56","groundnut",32.02,-6.76
"f9d88801f7fa-57","groundnut",32.02,-6.77
"f9d88801f7fa-58","groundnut",32.02,-6.78
"f9d88801f7fa-59","groundnut",32.03,-6.77
"f9d88801f7fa-60","groundnut",32.01,-6.76
"f9d88801f7fa-61","groundnut",32.02,-6.79
"f9d88801f7fa-62","groundnut",32.06,-6.73
"f9d88801f7fa-63","groundnut",32.02,-6.77
"f9d88801f7fa-64","groundnut",31.36,-6.46
"f9d88801f7fa-65","groundnut",31.37,-6.46
"f9d88801f7fa-66","groundnut",31.36,-6.46
"f9d88801f7fa-67","groundnut",31.37,-6.44
"f9d88801f7fa-68","groundnut",31.35,-6.45
"f9d88801f7fa-69","groundnut",31.35,-6.47
"f9d88801f7fa-70","groundnut",31.34,-6.45
"f9d88801f7fa-71","groundnut",31.35,-6.45
"f9d88801f7fa-72","groundnut",31.36,-6.44
"f9d88801f7fa-73","groundnut",31.36,-6.44
"f9d88801f7fa-74","groundnut",31.19,-6.36
"f9d88801f7fa-75","groundnut",31.18,-6.36
"f9d88801f7fa-76","groundnut",31.18,-6.36
"f9d88801f7fa-77","groundnut",31.15,-6.37
"f9d88801f7fa-78","groundnut",31.17,-6.38
"f9d88801f7fa-79","groundnut",31.19,-6.37
"f9d88801f7fa-80","groundnut",31.17,-6.35
"f9d88801f7fa-81","groundnut",31.17,-6.35
"f9d88801f7fa-82","groundnut",31.17,-6.35
"f9d88801f7fa-83","groundnut",31.15,-6.38
"f9d88801f7fa-84","groundnut",31.16,-6.35
"f9d88801f7fa-85","groundnut",31.16,-6.35
"f9d88801f7fa-86","groundnut",31.17,-6.34
"f9d88801f7fa-87","groundnut",31.09,-6.33
"f9d88801f7fa-88","groundnut",31.17,-6.35
"f9d88801f7fa-90","groundnut",31.16,-6.34
"f9d88801f7fa-91","groundnut",31.16,-6.36
"f9d88801f7fa-92","groundnut",31.18,-6.35
"f9d88801f7fa-93","groundnut",31.18,-6.32
"f9d88801f7fa-94","groundnut",31.08,-6.4
"f9d88801f7fa-95","groundnut",31.16,-6.36
"f9d88801f7fa-96","groundnut",31.24,-6.38
"f9d88801f7fa-97","groundnut",31.17,-6.38
"f9d88801f7fa-98","groundnut",31.24,-6.39
"f9d88801f7fa-99","groundnut",31.23,-6.36
"f9d88801f7fa-100","groundnut",31.26,-6.38
"f9d88801f7fa-101","groundnut",31.23,-6.38
"f9d88801f7fa-102","groundnut",31.23,-6.38
"f9d88801f7fa-103","groundnut",31.23,-6.37
"f9d88801f7fa-104","groundnut",31.23,-6.39
"f9d88801f7fa-105","groundnut",31.23,-6.38
"f9d88801f7fa-106","groundnut",29.67,-4.86
"f9d88801f7fa-107","groundnut",29.69,-4.86
"f9d88801f7fa-108","groundnut",29.68,-4.87
"f9d88801f7fa-109","groundnut",29.68,-4.85
"f9d88801f7fa-110","groundnut",29.68,-4.86
"f9d88801f7fa-111","groundnut",29.67,-4.85
"f9d88801f7fa-113","groundnut",29.68,-4.85
"f9d88801f7fa-114","groundnut",29.69,-4.84
"f9d88801f7fa-115","groundnut",29.67,-4.85
"f9d88801f7fa-116","groundnut",29.68,-4.77
"f9d88801f7fa-117","groundnut",29.66,-4.78
"f9d88801f7fa-118","groundnut",29.68,-4.79
"f9d88801f7fa-119","groundnut",29.69,-4.78
"f9d88801f7fa-120","groundnut",29.66,-4.79
"f9d88801f7fa-121","groundnut",29.67,-4.78
"f9d88801f7fa-122","groundnut",29.67,-4.78
"f9d88801f7fa-123","groundnut",29.67,-4.8
"f9d88801f7fa-124","groundnut",29.68,-4.77
"f9d88801f7fa-125","groundnut",29.69,-4.78
"f9d88801f7fa-126","groundnut",30.17,-4.42
"f9d88801f7fa-127","groundnut",30.23,-4.41
"f9d88801f7fa-128","groundnut",30.18,-4.44
"f9d88801f7fa-129","groundnut",30.19,-4.42
"f9d88801f7fa-130","groundnut",30.2,-4.41
"f9d88801f7fa-131","groundnut",30.18,-4.41
"f9d88801f7fa-132","groundnut",30.21,-4.43
"f9d88801f7fa-133","groundnut",30.22,-4.43
"f9d88801f7fa-134","groundnut",30.13,-4.56
"f9d88801f7fa-135","groundnut",30.41,-4.25
"f9d88801f7fa-136","groundnut",30.65,-3.55
"f9d88801f7fa-137","groundnut",30.67,-3.55
"f9d88801f7fa-138","groundnut",30.64,-3.52
"f9d88801f7fa-139","groundnut",30.63,-3.52
"f9d88801f7fa-140","groundnut",30.66,-3.56
"f9d88801f7fa-141","groundnut",30.66,-3.53
"f9d88801f7fa-142","groundnut",30.63,-3.53
"f9d88801f7fa-143","groundnut",30.63,-3.52
"f9d88801f7fa-144","groundnut",30.63,-3.53
"f9d88801f7fa-145","groundnut",30.7,-3.57
"f9d88801f7fa-146","groundnut",30.92,-3.32
"f9d88801f7fa-147","groundnut",30.93,-3.3
"f9d88801f7fa-148","groundnut",30.9,-3.33
"f9d88801f7fa-149","groundnut",30.92,-3.32
"f9d88801f7fa-150","groundnut",30.92,-3.34
"f9d88801f7fa-151","groundnut",30.96,-3.3
"f9d88801f7fa-152","groundnut",30.94,-3.31
"f9d88801f7fa-153","groundnut",30.93,-3.31
"f9d88801f7fa-154","groundnut",30.9,-3.31
"f9d88801f7fa-155","groundnut",30.91,-3.33
"f9d88801f7fa-156","groundnut",33.47,-2.63
"f9d88801f7fa-158","groundnut",33.47,-2.63
"f9d88801f7fa-159","groundnut",33.47,-2.64
"f9d88801f7fa-160","groundnut",33.47,-2.63
"f9d88801f7fa-161","groundnut",33.45,-2.63
"f9d88801f7fa-162","groundnut",33.46,-2.64
"f9d88801f7fa-163","groundnut",33.45,-2.64
"f9d88801f7fa-164","groundnut",33.46,-2.63
"f9d88801f7fa-165","groundnut",33.46,-2.64
"f9d88801f7fa-166","groundnut",33.93,-2.34
"f9d88801f7fa-167","groundnut",33.87,-2.02
"f9d88801f7fa-168","groundnut",33.85,-2.23
"f9d88801f7fa-169","groundnut",33.86,-2.02
"f9d88801f7fa-170","groundnut",33.94,-2.34
"f9d88801f7fa-171","groundnut",33.76,-2.06
"f9d88801f7fa-172","groundnut",33.94,-2.35
"f9d88801f7fa-173","groundnut",33.85,-2.22
"f9d88801f7fa-174","groundnut",33.85,-2.23
"f9d88801f7fa-175","groundnut",33.93,-2.34
"f9d88801f7fa-176","groundnut",33.78,-3.19
"f9d88801f7fa-177","groundnut",33.85,-3.21
"f9d88801f7fa-178","groundnut",33.9,-3.25
"f9d88801f7fa-179","groundnut",33.84,-3.22
"f9d88801f7fa-180","groundnut",33.84,-3.22
"f9d88801f7fa-181","groundnut",33.85,-3.2
"f9d88801f7fa-182","groundnut",33.79,-3.17
"f9d88801f7fa-183","groundnut",33.85,-3.23
"f9d88801f7fa-184","groundnut",33.91,-3.28
"f9d88801f7fa-185","groundnut",33.79,-3.2
"f9d88801f7fa-186","groundnut",33.78,-3.17
"f9d88801f7fa-187","groundnut",33.79,-3.07
"f9d88801f7fa-188","groundnut",33.79,-3.16
"f9d88801f7fa-189","groundnut",33.8,-3.07
"f9d88801f7fa-190","groundnut",33.79,-3.08
"f9d88801f7fa-191","groundnut",33.79,-3.07
"f9d88801f7fa-192","groundnut",33.78,-3.08
"f9d88801f7fa-193","groundnut",33.79,-3.06
"f9d88801f7fa-194","groundnut",33.8,-3.06
"f9d88801f7fa-195","groundnut",33.78,-3.06
"f9d88801f7fa-196","groundnut",33.54,-3.15
"f9d88801f7fa-197","groundnut",33.66,-3.2
"f9d88801f7fa-198","groundnut",33.53,-3.14
"f9d88801f7fa-199","groundnut",33.64,-3.21
"f9d88801f7fa-200","groundnut",33.72,-3.19
"f9d88801f7fa-201","groundnut",33.73,-3.18
"f9d88801f7fa-202","groundnut",33.53,-3.15
"f9d88801f7fa-203","groundnut",33.64,-3.21
"f9d88801f7fa-204","groundnut",33.64,-3.2
"f9d88801f7fa-205","groundnut",33.65,-3.21
"f9d88801f7fa-206","groundnut",32.2,-3.41
"f9d88801f7fa-207","groundnut",32.2,-3.41
"f9d88801f7fa-208","groundnut",32.2,-3.42
"f9d88801f7fa-209","groundnut",32.21,-3.42
"f9d88801f7fa-210","groundnut",32.21,-3.43
"f9d88801f7fa-211","groundnut",32.21,-3.43
"f9d88801f7fa-212","groundnut",32.22,-3.42
"f9d88801f7fa-214","groundnut",32.21,-3.43
"f9d88801f7fa-215","groundnut",32.21,-3.43
"f9d88801f7fa-216","groundnut",31.99,-3.49
"f9d88801f7fa-217","groundnut",31.98,-3.48
"f9d88801f7fa-218","groundnut",32,-3.49
"f9d88801f7fa-219","groundnut",31.99,-3.5
"f9d88801f7fa-221","groundnut",31.98,-3.49
"f9d88801f7fa-222","groundnut",31.96,-3.47
"f9d88801f7fa-223","groundnut",31.98,-3.48
"f9d88801f7fa-224","groundnut",31.98,-3.49
"f9d88801f7fa-225","groundnut",31.98,-3.5
"f9d88801f7fa-226","groundnut",32.39,-3.99
"f9d88801f7fa-227","groundnut",32.41,-3.74
"f9d88801f7fa-228","groundnut",32.41,-3.91
"f9d88801f7fa-229","groundnut",32.39,-3.93
"f9d88801f7fa-230","groundnut",32.41,-3.99
"f9d88801f7fa-231","groundnut",32.4,-3.75
"f9d88801f7fa-232","groundnut",32.4,-3.75
"f9d88801f7fa-233","groundnut",32.4,-3.75
"f9d88801f7fa-234","groundnut",32.4,-3.76
"f9d88801f7fa-235","groundnut",32.41,-3.77
"f9d88801f7fa-236","groundnut",35.82,-6.12
"f9d88801f7fa-237","groundnut",35.81,-6.12
"f9d88801f7fa-238","groundnut",35.82,-6.14
"f9d88801f7fa-239","groundnut",35.82,-6.12
"f9d88801f7fa-240","groundnut",35.83,-6.12
"f9d88801f7fa-241","groundnut",33.16,-4.38
"f9d88801f7fa-242","groundnut",33.13,-4.37
"f9d88801f7fa-243","groundnut",33.14,-4.38
"f9d88801f7fa-244","groundnut",33.14,-4.35
"f9d88801f7fa-245","groundnut",33.16,-4.38
"f9d88801f7fa-246","groundnut",33.16,-4.38
"f9d88801f7fa-247","groundnut",33.12,-4.37
"f9d88801f7fa-248","groundnut",33.16,-4.36
"f9d88801f7fa-249","groundnut",33.13,-4.35
"f9d88801f7fa-250","groundnut",33.14,-4.39
"f9d88801f7fa-251","groundnut",39.05,-10.48
"f9d88801f7fa-252","groundnut",39.02,-10.46
"f9d88801f7fa-253","groundnut",39.02,-10.48
"f9d88801f7fa-254","groundnut",39.06,-10.47
"f9d88801f7fa-255","groundnut",39.02,-10.47
"f9d88801f7fa-256","groundnut",39.03,-10.48
"f9d88801f7fa-257","groundnut",39.07,-10.46
"f9d88801f7fa-258","groundnut",39.04,-10.47
"f9d88801f7fa-259","groundnut",39.02,-10.47
"f9d88801f7fa-260","groundnut",39.04,-10.47
"f9d88801f7fa-261","groundnut",38.76,-10.35
"f9d88801f7fa-262","groundnut",38.75,-10.34
"f9d88801f7fa-263","groundnut",38.75,-10.34
"f9d88801f7fa-264","groundnut",38.76,-10.33
"f9d88801f7fa-265","groundnut",38.75,-10.33
"f9d88801f7fa-266","groundnut",38.75,-10.33
"f9d88801f7fa-267","groundnut",38.76,-10.35
"f9d88801f7fa-268","groundnut",38.77,-10.35
"f9d88801f7fa-269","groundnut",38.74,-10.35
"f9d88801f7fa-270","groundnut",38.75,-10.34
"f9d88801f7fa-271","groundnut",38.7,-10.88
"f9d88801f7fa-272","groundnut",38.66,-10.84
"f9d88801f7fa-273","groundnut",38.7,-10.89
"f9d88801f7fa-274","groundnut",38.7,-10.88
"f9d88801f7fa-275","groundnut",38.67,-10.84
"f9d88801f7fa-276","groundnut",38.8,-10.86
"f9d88801f7fa-277","groundnut",38.69,-10.88
"f9d88801f7fa-278","groundnut",38.7,-10.89
"f9d88801f7fa-279","groundnut",38.7,-10.87
"f9d88801f7fa-280","groundnut",38.69,-10.87
"f9d88801f7fa-281","groundnut",38.62,-10.83
"f9d88801f7fa-282","groundnut",38.66,-10.81
"f9d88801f7fa-283","groundnut",38.6,-10.82
"f9d88801f7fa-284","groundnut",38.61,-10.83
"f9d88801f7fa-285","groundnut",38.61,-10.84
"f9d88801f7fa-286","groundnut",38.62,-10.84
"f9d88801f7fa-287","groundnut",38.62,-10.82
"f9d88801f7fa-288","groundnut",38.6,-10.82
"f9d88801f7fa-289","groundnut",38.62,-10.84
"f9d88801f7fa-290","groundnut",38.62,-10.83
"f9d88801f7fa-291","groundnut",38.61,-10.82
"f9d88801f7fa-292","groundnut",38.61,-10.8
"f9d88801f7fa-293","groundnut",38.61,-10.82
"f9d88801f7fa-294","groundnut",38.61,-10.83
"f9d88801f7fa-295","groundnut",38.61,-10.8
"f9d88801f7fa-296","groundnut",38.68,-10.82
"f9d88801f7fa-297","groundnut",38.38,-11.01
"f9d88801f7fa-298","groundnut",38.37,-11
"f9d88801f7fa-299","groundnut",38.36,-10.98
"f9d88801f7fa-300","groundnut",38.38,-10.98
"f9d88801f7fa-301","groundnut",38.37,-10.98
"f9d88801f7fa-302","groundnut",37.16,-11.05
"f9d88801f7fa-303","groundnut",37.15,-11.07
"f9d88801f7fa-304","groundnut",37.16,-11.06
"f9d88801f7fa-305","groundnut",37.16,-11.05
"f9d88801f7fa-306","groundnut",37.16,-11.05
"f9d88801f7fa-307","groundnut",37.13,-10.79
"f9d88801f7fa-308","groundnut",37.05,-10.77
"f9d88801f7fa-309","groundnut",37.03,-10.76
"f9d88801f7fa-310","groundnut",37.13,-10.81
"f9d88801f7fa-311","groundnut",37.04,-10.76
"f9d88801f7fa-312","groundnut",36.13,-10.45
"f9d88801f7fa-313","groundnut",36.15,-10.5
"f9d88801f7fa-314","groundnut",36.12,-10.48
"f9d88801f7fa-315","groundnut",36.29,-10.32
"f9d88801f7fa-316","groundnut",36.29,-10.32
"f9d88801f7fa-317","groundnut",36.29,-10.32
"f9d88801f7fa-318","groundnut",36.17,-10.39
"f9d88801f7fa-320","groundnut",36.29,-10.32
"f9d88801f7fa-321","groundnut",36.29,-10.34
"f9d88801f7fa-322","groundnut",32.98,-9.02
"f9d88801f7fa-323","groundnut",32.96,-9.03
"f9d88801f7fa-324","groundnut",32.98,-9.04
"f9d88801f7fa-325","groundnut",32.96,-9.03
"f9d88801f7fa-326","groundnut",32.97,-9.04
"f9d88801f7fa-327","groundnut",32.96,-9.04
"f9d88801f7fa-328","groundnut",32.97,-9.03
"f9d88801f7fa-329","groundnut",32.96,-9.03
"f9d88801f7fa-330","groundnut",32.98,-9.05
"f9d88801f7fa-331","groundnut",32.98,-9.04
"f9d88801f7fa-332","groundnut",32.98,-9.04
"f9d88801f7fa-333","groundnut",32.99,-9.03
"f9d88801f7fa-334","groundnut",32.96,-9.05
"f9d88801f7fa-335","groundnut",32.97,-9.04
"f9d88801f7fa-336","groundnut",32.97,-9.04
"f9d88801f7fa-337","groundnut",32.97,-9.04
"f9d88801f7fa-338","groundnut",32.96,-9.04
"f9d88801f7fa-339","groundnut",32.98,-9.03
"f9d88801f7fa-340","groundnut",32.96,-9.03
"f9d88801f7fa-341","groundnut",32.98,-9.03
"f9d88801f7fa-342","groundnut",32.96,-9.03
"f9d88801f7fa-343","groundnut",32.96,-9.03
"f9d88801f7fa-344","groundnut",32.96,-9.04
"f9d88801f7fa-345","groundnut",32.96,-9.05
"f9d88801f7fa-346","groundnut",32.97,-9.03
"f9d88801f7fa-347","groundnut",32.97,-9.03
"f9d88801f7fa-348","groundnut",32.98,-9.04
"f9d88801f7fa-349","groundnut",32.98,-9.05
"f9d88801f7fa-350","groundnut",32.96,-9.03
"f9d88801f7fa-351","groundnut",32.98,-9.03
"f9d88801f7fa-352","groundnut",32.98,-9.04
"f9d88801f7fa-353","groundnut",32.98,-9.04
"f9d88801f7fa-354","groundnut",32.96,-9.02
"f9d88801f7fa-355","groundnut",32.98,-9.03
"f9d88801f7fa-356","groundnut",32.98,-9.03
"f9d88801f7fa-357","groundnut",32.97,-9.04
"f9d88801f7fa-358","groundnut",32.97,-9.04
"f9d88801f7fa-359","groundnut",32.98,-9.03
"f9d88801f7fa-360","groundnut",32.98,-9.03
"f9d88801f7fa-361","groundnut",32.97,-9.04
"f9d88801f7fa-362","groundnut",32.97,-9.03
"f9d88801f7fa-363","groundnut",32.97,-9.03
"f9d88801f7fa-364","groundnut",32.96,-9.02
"f9d88801f7fa-365","groundnut",32.98,-9.04
"f9d88801f7fa-366","groundnut",32.97,-9.04
"f9d88801f7fa-367","groundnut",32.97,-9.05
"f9d88801f7fa-368","groundnut",32.98,-9.04
"f9d88801f7fa-369","groundnut",32.98,-9.03
"f9d88801f7fa-370","groundnut",32.96,-9.03
"f9d88801f7fa-372","groundnut",32.92,-9.02
"f9d88801f7fa-373","groundnut",32.92,-9.03
"f9d88801f7fa-374","groundnut",32.93,-9.04
"f9d88801f7fa-375","groundnut",32.93,-9.03
"f9d88801f7fa-376","groundnut",32.94,-9.04
"f9d88801f7fa-377","groundnut",32.94,-9.02
"f9d88801f7fa-378","groundnut",32.93,-9.03
"f9d88801f7fa-379","groundnut",32.93,-9.04
"f9d88801f7fa-380","groundnut",32.93,-9.04
"f9d88801f7fa-381","groundnut",32.94,-9.04
"f9d88801f7fa-382","groundnut",32.93,-9.04
"f9d88801f7fa-383","groundnut",32.76,-9.03
"f9d88801f7fa-384","groundnut",32.75,-9.03
"f9d88801f7fa-385","groundnut",32.76,-9.03
"f9d88801f7fa-386","groundnut",32.74,-9.02
"f9d88801f7fa-388","groundnut",32.74,-9.04
"f9d88801f7fa-389","groundnut",32.74,-9.03
"f9d88801f7fa-390","groundnut",32.75,-9.02
"f9d88801f7fa-391","groundnut",32.76,-9.03
"f9d88801f7fa-392","groundnut",32.74,-9.02
"f9d88801f7fa-393","groundnut",32.75,-9.03
"f9d88801f7fa-394","groundnut",32.75,-9.03
"f9d88801f7fa-395","groundnut",32.75,-9.02
"f9d88801f7fa-396","groundnut",32.74,-9.04
"f9d88801f7fa-397","groundnut",32.75,-9.03
"f9d88801f7fa-398","groundnut",32.86,-9.21
"f9d88801f7fa-399","groundnut",32.86,-9.21
"f9d88801f7fa-400","groundnut",32.88,-9.2
"f9d88801f7fa-401","groundnut",32.89,-9.19
"f9d88801f7fa-402","groundnut",32.87,-9.19
"f9d88801f7fa-403","groundnut",32.87,-9.19
"f9d88801f7fa-404","groundnut",32.85,-9.19
"f9d88801f7fa-405","groundnut",32.89,-9.21
"f9d88801f7fa-406","groundnut",32.87,-9.21
"f9d88801f7fa-407","groundnut",32.84,-9.22
"f9d88801f7fa-408","groundnut",32.87,-9.17
"f9d88801f7fa-409","groundnut",32.88,-9.16
"f9d88801f7fa-410","groundnut",32.87,-9.18
"f9d88801f7fa-411","groundnut",32.87,-9.17
"f9d88801f7fa-412","groundnut",32.86,-9.18
"f9d88801f7fa-413","groundnut",32.87,-9.17
"f9d88801f7fa-414","groundnut",32.87,-9.18
"f9d88801f7fa-415","groundnut",32.88,-9.17
"f9d88801f7fa-416","groundnut",32.86,-9.16
"f9d88801f7fa-417","groundnut",32.88,-9.16
"f9d88801f7fa-418","groundnut",32.87,-9.18
"f9d88801f7fa-419","groundnut",32.88,-9.17
"f9d88801f7fa-421","groundnut",32.87,-9.17
"f9d88801f7fa-422","groundnut",32.87,-9.17
"f9d88801f7fa-423","groundnut",32.87,-9.18
"f9d88801f7fa-424","groundnut",32.87,-9.18
"f9d88801f7fa-425","groundnut",32.88,-9.17
"f9d88801f7fa-426","groundnut",32.88,-9.17
"f9d88801f7fa-427","groundnut",32.88,-9.18
"f9d88801f7fa-428","groundnut",32.86,-9.18
"f9d88801f7fa-429","groundnut",32.86,-9.18
"f9d88801f7fa-430","groundnut",32.87,-9.18
"f9d88801f7fa-431","groundnut",32.88,-9.18
"f9d88801f7fa-432","groundnut",32.87,-9.18
"f9d88801f7fa-433","groundnut",32.87,-9.16
"f9d88801f7fa-434","groundnut",32.86,-9.18
"f9d88801f7fa-435","groundnut",32.88,-9.17
"f9d88801f7fa-436","groundnut",32.87,-9.17
"f9d88801f7fa-437","groundnut",32.87,-9.18
"f9d88801f7fa-438","groundnut",32.87,-9.18
"f9d88801f7fa-439","groundnut",32.86,-9.17
"f9d88801f7fa-440","groundnut",32.88,-9.17
"f9d88801f7fa-441","groundnut",32.88,-9.16
"f9d88801f7fa-442","groundnut",35.75,-7.64
"f9d88801f7fa-443","groundnut",35.76,-7.63
"f9d88801f7fa-444","groundnut",35.75,-7.63
"f9d88801f7fa-445","groundnut",35.76,-7.63
"f9d88801f7fa-446","groundnut",35.78,-7.64
"f9d88801f7fa-447","groundnut",35.76,-7.64
"f9d88801f7fa-448","groundnut",35.77,-7.63
"f9d88801f7fa-449","groundnut",35.77,-7.64
"f9d88801f7fa-450","groundnut",35.75,-7.63
"f9d88801f7fa-451","groundnut",35.75,-7.64
"f9d88801f7fa-452","groundnut",36.37,-7.01
"f9d88801f7fa-453","groundnut",36.38,-7.01
"f9d88801f7fa-454","groundnut",36.37,-7.01
"f9d88801f7fa-455","groundnut",36.37,-7.01
"f9d88801f7fa-456","groundnut",36.38,-6.99
"f9d88801f7fa-457","groundnut",36.37,-7
"f9d88801f7fa-458","groundnut",36.38,-6.99
"f9d88801f7fa-459","groundnut",36.37,-7
"f9d88801f7fa-460","groundnut",36.38,-7.01
"f9d88801f7fa-461","groundnut",36.37,-7
"f9d88801f7fa-462","groundnut",36.37,-7.01
"f9d88801f7fa-463","groundnut",36.38,-7
"f9d88801f7fa-464","groundnut",36.38,-7
"f9d88801f7fa-465","groundnut",36.38,-6.99
"f9d88801f7fa-466","groundnut",36.37,-6.99
"f9d88801f7fa-467","groundnut",36.39,-6.61
"f9d88801f7fa-468","groundnut",36.38,-6.61
"f9d88801f7fa-469","groundnut",36.39,-6.6
"f9d88801f7fa-470","groundnut",36.37,-6.6
"f9d88801f7fa-471","groundnut",36.38,-6.61
"f9d88801f7fa-472","groundnut",36.37,-6.59
"f9d88801f7fa-473","groundnut",36.37,-6.6
"f9d88801f7fa-474","groundnut",36.39,-6.59
"f9d88801f7fa-475","groundnut",36.37,-6.59
"f9d88801f7fa-476","groundnut",36.38,-6.58
"f9d88801f7fa-477","groundnut",36.38,-6.6
"f9d88801f7fa-478","groundnut",36.27,-6.11
"f9d88801f7fa-479","groundnut",36.37,-6.21
"f9d88801f7fa-480","groundnut",36.36,-6.22
"f9d88801f7fa-481","groundnut",36.36,-6.21
"f9d88801f7fa-482","groundnut",36.29,-6.11
"f9d88801f7fa-484","groundnut",36.29,-6.11
"f9d88801f7fa-486","groundnut",36.37,-6.23
"f9d88801f7fa-487","groundnut",36.33,-6.13
"f9d88801f7fa-488","groundnut",35.74,-6.33
"f9d88801f7fa-489","groundnut",35.76,-6.33
"f9d88801f7fa-490","groundnut",35.75,-6.35
"f9d88801f7fa-491","groundnut",35.75,-6.33
"f9d88801f7fa-492","groundnut",35.73,-6.33
"f9d88801f7fa-493","groundnut",35.74,-6.34
"f9d88801f7fa-494","groundnut",35.74,-6.33
"f9d88801f7fa-495","groundnut",35.75,-6.33
"f9d88801f7fa-496","groundnut",35.75,-6.33
"f9d88801f7fa-497","groundnut",35.75,-6.33
"f9d88801f7fa-498","groundnut",35.75,-6.35
"f9d88801f7fa-499","groundnut",35.62,-5.93
"f9d88801f7fa-500","groundnut",35.61,-5.94
"f9d88801f7fa-501","groundnut",35.6,-5.94
"f9d88801f7fa-502","groundnut",35.62,-5.94
"f9d88801f7fa-504","groundnut",35.61,-5.92
"f9d88801f7fa-505","groundnut",35.62,-5.92
"f9d88801f7fa-506","groundnut",35.61,-5.93
"f9d88801f7fa-507","groundnut",35.6,-5.93
"f9d88801f7fa-508","groundnut",35.6,-5.93
"f9d88801f7fa-509","groundnut",35.61,-5.93
"f9d88801f7fa-510","groundnut",35.61,-5.93
"f9d88801f7fa-511","groundnut",35.61,-5.94
"f9d88801f7fa-512","groundnut",35.61,-5.92
"f9d88801f7fa-513","groundnut",35.62,-5.92
"f9d88801f7fa-514","groundnut",35.59,-5.93
"f9d88801f7fa-515","groundnut",35.6,-5.94
"f9d88801f7fa-516","groundnut",35.61,-5.92
"f9d88801f7fa-517","groundnut",35.61,-5.94
"f9d88801f7fa-518","groundnut",35.62,-5.93
"f9d88801f7fa-519","groundnut",35.55,-5.96
"f9d88801f7fa-520","groundnut",35.54,-5.96
"f9d88801f7fa-521","groundnut",35.53,-5.95
"f9d88801f7fa-522","groundnut",35.54,-5.96
"f9d88801f7fa-523","groundnut",35.53,-5.92
"f9d88801f7fa-524","groundnut",35.55,-5.94
"f9d88801f7fa-525","groundnut",35.53,-5.96
"f9d88801f7fa-526","groundnut",35.54,-5.96
"f9d88801f7fa-527","groundnut",35.56,-5.96
"f9d88801f7fa-528","groundnut",35.55,-5.96
"f9d88801f7fa-539","groundnut",36.86,-6.31
"f9d88801f7fa-540","groundnut",36.86,-6.33
"f9d88801f7fa-541","groundnut",36.86,-6.33
"f9d88801f7fa-542","groundnut",36.87,-6.32
"f9d88801f7fa-543","groundnut",36.87,-6.33
"f9d88801f7fa-544","groundnut",36.85,-6.32
"f9d88801f7fa-545","groundnut",36.87,-6.31
"f9d88801f7fa-546","groundnut",36.86,-6.33
"f9d88801f7fa-547","groundnut",36.86,-6.33
"f9d88801f7fa-548","groundnut",36.84,-6.31
"f9d88801f7fa-549","groundnut",36.82,-6.32
"f9d88801f7fa-550","groundnut",36.84,-6.31
"f9d88801f7fa-551","groundnut",36.84,-6.31
"f9d88801f7fa-552","groundnut",36.84,-6.31
"f9d88801f7fa-553","groundnut",39.09,-6.68
"f9d88801f7fa-556","groundnut",39.07,-6.68
"f9d88801f7fa-557","groundnut",39.09,-6.67
"f9d88801f7fa-558","groundnut",39.62,-10.05
"f9d88801f7fa-560","groundnut",39.64,-10.04
"f9d88801f7fa-561","groundnut",39.64,-10.06
"f9d88801f7fa-562","groundnut",39.62,-10.06
"f9d88801f7fa-563","groundnut",39.62,-10.04
"f9d88801f7fa-564","groundnut",39.62,-10.05
"f9d88801f7fa-565","groundnut",39.64,-10.04
"f9d88801f7fa-566","groundnut",39.64,-10.05
"f9d88801f7fa-568","groundnut",39.93,-10.25
"f9d88801f7fa-569","groundnut",39.91,-10.26
"f9d88801f7fa-570","groundnut",39.93,-10.26
"f9d88801f7fa-571","groundnut",39.93,-10.26
"f9d88801f7fa-572","groundnut",39.91,-10.26
"f9d88801f7fa-573","groundnut",40.23,-10.34
"f9d88801f7fa-574","groundnut",40.25,-10.36
"f9d88801f7fa-576","groundnut",40.23,-10.35
"f9d88801f7fa-577","groundnut",40.24,-10.34
"f9d88801f7fa-579","groundnut",40.24,-10.35
"f9d88801f7fa-581","groundnut",40.24,-10.33
"f9d88801f7fa-583","groundnut",40.2,-10.39
"f9d88801f7fa-584","groundnut",40.15,-10.38
"f9d88801f7fa-585","groundnut",40.15,-10.37
"f9d88801f7fa-586","groundnut",40.2,-10.39
"f9d88801f7fa-587","groundnut",40.19,-10.39
"f9d88801f7fa-588","groundnut",40.16,-10.38
"f9d88801f7fa-589","groundnut",40.19,-10.38
"f9d88801f7fa-590","groundnut",40.19,-10.39
"f9d88801f7fa-591","groundnut",40.15,-10.37
"f9d88801f7fa-592","groundnut",40.15,-10.36
"f9d88801f7fa-593","groundnut",40.16,-10.38
"f9d88801f7fa-594","groundnut",40.17,-10.37
"f9d88801f7fa-595","groundnut",40.16,-10.37
"f9d88801f7fa-596","groundnut",40.16,-10.38
"f9d88801f7fa-597","groundnut",40.17,-10.35
"f9d88801f7fa-598","groundnut",40.16,-10.36
"f9d88801f7fa-600","groundnut",40.16,-10.38
"7525d0c24f31-1","groundnut",31.12,-6.17
"7525d0c24f31-2","groundnut",31.11,-6.18
"7525d0c24f31-3","groundnut",31.12,-6.19
"7525d0c24f31-4","groundnut",31.15,-6.25
"7525d0c24f31-5","groundnut",31.12,-6.16
"7525d0c24f31-10","groundnut",31.08,-6.17
"7525d0c24f31-11","groundnut",31.14,-6.23
"7525d0c24f31-15","groundnut",31.16,-6.33
"7525d0c24f31-16","groundnut",31.05,-6.39
"7525d0c24f31-17","groundnut",31.18,-6.34
"7525d0c24f31-18","groundnut",31.16,-6.34
"7525d0c24f31-19","groundnut",31.18,-6.34
"7525d0c24f31-20","groundnut",31.16,-6.33
"7525d0c24f31-21","groundnut",31.18,-6.35
"7525d0c24f31-22","groundnut",31.07,-6.33
"7525d0c24f31-23","groundnut",31.19,-6.36
"7525d0c24f31-24","groundnut",31.18,-6.35
"7525d0c24f31-25","groundnut",31.16,-6.37
"7525d0c24f31-26","groundnut",31.16,-6.37
"7525d0c24f31-27","groundnut",31.17,-6.36
"7525d0c24f31-28","groundnut",31.17,-6.38
"7525d0c24f31-29","groundnut",31.18,-6.36
"7525d0c24f31-30","groundnut",31.16,-6.36
"7525d0c24f31-31","groundnut",31.17,-6.36
"7525d0c24f31-32","groundnut",31.17,-6.39
"7525d0c24f31-33","groundnut",31.18,-6.36
"7525d0c24f31-34","groundnut",31.19,-6.34
"7525d0c24f31-35","groundnut",31.17,-6.36
"7525d0c24f31-36","groundnut",31.18,-6.35
"7525d0c24f31-37","groundnut",31.17,-6.37
"7525d0c24f31-38","groundnut",31.18,-6.38
"7525d0c24f31-39","groundnut",31.17,-6.36
"7525d0c24f31-40","groundnut",31.16,-6.37
"7525d0c24f31-42","groundnut",31.18,-6.37
"7525d0c24f31-43","groundnut",31.17,-6.38
"7525d0c24f31-44","groundnut",31.18,-6.38
"7525d0c24f31-45","groundnut",31.26,-6.39
"7525d0c24f31-46","groundnut",31.23,-6.38
"7525d0c24f31-47","groundnut",31.22,-6.39
"7525d0c24f31-48","groundnut",31.21,-6.38
"7525d0c24f31-49","groundnut",31.21,-6.37
"7525d0c24f31-50","groundnut",31.21,-6.38
"7525d0c24f31-51","groundnut",31.95,-3.49
"7525d0c24f31-52","groundnut",31.24,-6.4
"7525d0c24f31-53","groundnut",31.24,-6.41
"7525d0c24f31-54","groundnut",31.24,-6.37
"7525d0c24f31-55","groundnut",31.22,-6.37
"7525d0c24f31-56","groundnut",31.36,-6.44
"7525d0c24f31-57","groundnut",31.26,-6.38
"7525d0c24f31-58","groundnut",31.3,-6.38
"7525d0c24f31-59","groundnut",31.3,-6.4
"7525d0c24f31-60","groundnut",31.1,-6.42
"7525d0c24f31-61","groundnut",31.31,-6.38
"7525d0c24f31-62","groundnut",31.34,-6.45
"7525d0c24f31-63","groundnut",31.34,-6.41
"7525d0c24f31-64","groundnut",31.34,-6.41
"7525d0c24f31-65","groundnut",31.24,-6.37
"7525d0c24f31-66","groundnut",31.08,-6.43
"7525d0c24f31-67","groundnut",31.34,-6.42
"7525d0c24f31-68","groundnut",31.31,-6.39
"7525d0c24f31-69","groundnut",31.33,-6.41
"7525d0c24f31-70","groundnut",31.25,-6.37
"7525d0c24f31-71","groundnut",31.34,-6.42
"7525d0c24f31-72","groundnut",31.33,-6.41
"7525d0c24f31-74","groundnut",31.25,-6.38
"7525d0c24f31-75","groundnut",31.33,-6.42
"7525d0c24f31-76","groundnut",32.02,-6.63
"7525d0c24f31-77","groundnut",32.01,-6.63
"7525d0c24f31-78","groundnut",32.04,-6.65
"7525d0c24f31-79","groundnut",31.99,-6.66
"7525d0c24f31-80","groundnut",31.95,-6.68
"7525d0c24f31-81","groundnut",32.02,-6.66
"7525d0c24f31-83","groundnut",32.03,-6.65
"7525d0c24f31-84","groundnut",32,-6.64
"7525d0c24f31-86","groundnut",32.01,-6.66
"7525d0c24f31-87","groundnut",32.01,-6.64
"7525d0c24f31-89","groundnut",32.06,-6.72
"7525d0c24f31-90","groundnut",32.02,-6.77
"7525d0c24f31-91","groundnut",32.06,-6.72
"7525d0c24f31-92","groundnut",32.06,-6.73
"7525d0c24f31-93","groundnut",32.07,-6.73
"7525d0c24f31-94","groundnut",32.04,-6.82
"7525d0c24f31-95","groundnut",32.08,-6.76
"7525d0c24f31-96","groundnut",32.06,-6.74
"7525d0c24f31-97","groundnut",32.09,-6.76
"7525d0c24f31-98","groundnut",32.06,-6.72
"7525d0c24f31-99","groundnut",32.09,-6.8
"7525d0c24f31-100","groundnut",32.11,-6.83
"7525d0c24f31-101","groundnut",32.1,-6.82
"7525d0c24f31-102","groundnut",32.1,-6.83
"7525d0c24f31-103","groundnut",32.08,-6.81
"7525d0c24f31-104","groundnut",32.07,-6.84
"7525d0c24f31-105","groundnut",32.1,-6.82
"7525d0c24f31-106","groundnut",32.08,-6.83
"7525d0c24f31-107","groundnut",32.08,-6.81
"7525d0c24f31-108","groundnut",32.16,-5.09
"7525d0c24f31-109","groundnut",32.16,-5.09
"7525d0c24f31-110","groundnut",32.15,-5.08
"7525d0c24f31-111","groundnut",32.15,-5.1
"7525d0c24f31-112","groundnut",32.15,-5.09
"7525d0c24f31-113","groundnut",32.16,-5.08
"7525d0c24f31-114","groundnut",32.17,-5.1
"7525d0c24f31-115","groundnut",32.07,-5.08
"7525d0c24f31-116","groundnut",31.96,-5.07
"7525d0c24f31-117","groundnut",31.97,-5.08
"7525d0c24f31-118","groundnut",32.04,-5.08
"7525d0c24f31-119","groundnut",31.96,-5.07
"7525d0c24f31-120","groundnut",31.97,-5.07
"7525d0c24f31-121","groundnut",29.66,-4.79
"7525d0c24f31-122","groundnut",29.65,-4.82
"7525d0c24f31-123","groundnut",29.66,-4.8
"7525d0c24f31-124","groundnut",29.66,-4.77
"7525d0c24f31-125","groundnut",29.68,-4.79
"7525d0c24f31-126","groundnut",31.95,-3.5
"7525d0c24f31-127","groundnut",29.67,-4.78
"7525d0c24f31-128","groundnut",29.65,-4.78
"7525d0c24f31-129","groundnut",29.65,-4.79
"7525d0c24f31-130","groundnut",29.65,-4.82
"7525d0c24f31-131","groundnut",29.67,-4.77
"7525d0c24f31-132","groundnut",29.74,-4.8
"7525d0c24f31-133","groundnut",29.68,-4.84
"7525d0c24f31-134","groundnut",29.71,-4.81
"7525d0c24f31-135","groundnut",29.73,-4.8
"7525d0c24f31-136","groundnut",29.73,-4.81
"7525d0c24f31-137","groundnut",33.45,-2.63
"7525d0c24f31-138","groundnut",33.45,-2.64
"7525d0c24f31-139","groundnut",33.46,-2.64
"7525d0c24f31-140","groundnut",33.45,-2.64
"7525d0c24f31-141","groundnut",33.46,-2.64
"7525d0c24f31-142","groundnut",31.95,-3.49
"7525d0c24f31-144","groundnut",33.46,-2.64
"7525d0c24f31-146","groundnut",33.46,-2.64
"7525d0c24f31-147","groundnut",33.47,-2.64
"7525d0c24f31-148","groundnut",33.71,-2.05
"7525d0c24f31-149","groundnut",33.72,-2.03
"7525d0c24f31-150","groundnut",31.97,-3.49
"7525d0c24f31-151","groundnut",33.72,-2.04
"7525d0c24f31-153","groundnut",33.73,-2.02
"7525d0c24f31-154","groundnut",33.71,-2.02
"7525d0c24f31-156","groundnut",33.72,-2.03
"7525d0c24f31-157","groundnut",33.72,-2.01
"7525d0c24f31-159","groundnut",33.73,-2.04
"7525d0c24f31-160","groundnut",33.7,-2.04
"7525d0c24f31-161","groundnut",33.74,-2.04
"7525d0c24f31-163","groundnut",33.79,-3.07
"7525d0c24f31-164","groundnut",33.79,-3.09
"7525d0c24f31-165","groundnut",33.79,-3.09
"7525d0c24f31-166","groundnut",33.8,-3.09
"7525d0c24f31-167","groundnut",33.79,-3.07
"7525d0c24f31-169","groundnut",33.66,-3.19
"7525d0c24f31-170","groundnut",33.7,-3.19
"7525d0c24f31-171","groundnut",33.63,-3.22
"7525d0c24f31-172","groundnut",33.65,-3.19
"7525d0c24f31-173","groundnut",33.71,-3.2
"7525d0c24f31-174","groundnut",31.96,-3.5
"7525d0c24f31-175","groundnut",31.97,-3.48
"7525d0c24f31-176","groundnut",31.91,-3.47
"7525d0c24f31-177","groundnut",31.92,-3.47
"7525d0c24f31-178","groundnut",31.91,-3.47
"7525d0c24f31-179","groundnut",32.57,-3.94
"7525d0c24f31-180","groundnut",32.56,-3.92
"7525d0c24f31-181","groundnut",32.56,-3.94
"7525d0c24f31-182","groundnut",32.56,-3.95
"7525d0c24f31-183","groundnut",32.56,-3.94
"7525d0c24f31-184","groundnut",32.4,-3.92
"7525d0c24f31-185","groundnut",32.4,-3.91
"7525d0c24f31-186","groundnut",32.42,-3.76
"7525d0c24f31-188","groundnut",33.14,-4.35
"7525d0c24f31-189","groundnut",33.15,-4.36
"7525d0c24f31-190","groundnut",33.16,-4.37
"7525d0c24f31-191","groundnut",33.15,-4.38
"7525d0c24f31-192","groundnut",33.12,-4.37
"7525d0c24f31-193","groundnut",33.14,-4.37
"7525d0c24f31-194","groundnut",33.13,-4.38
"7525d0c24f31-195","groundnut",33.15,-4.37
"7525d0c24f31-196","groundnut",33.04,-5.03
"7525d0c24f31-197","groundnut",33.03,-5.02
"7525d0c24f31-198","groundnut",33.04,-5.02
"7525d0c24f31-199","groundnut",33.03,-5.02
"7525d0c24f31-200","groundnut",33.04,-5.01
"7525d0c24f31-201","groundnut",36.41,-6.22
"7525d0c24f31-202","groundnut",39.62,-10.05
"7525d0c24f31-203","groundnut",39.61,-10.05
"7525d0c24f31-204","groundnut",39.62,-10.06
"7525d0c24f31-205","groundnut",39.62,-10.04
"7525d0c24f31-206","groundnut",39.62,-10.05
"7525d0c24f31-207","groundnut",39.62,-10.06
"7525d0c24f31-208","groundnut",39.63,-10.06
"7525d0c24f31-209","groundnut",39.63,-10.05
"7525d0c24f31-210","groundnut",39.61,-10.04
"7525d0c24f31-211","groundnut",39.61,-10.05
"7525d0c24f31-212","groundnut",39.63,-10.06
"7525d0c24f31-213","groundnut",39.64,-10.04
"7525d0c24f31-214","groundnut",39.65,-10.05
"7525d0c24f31-215","groundnut",39.64,-10.05
"7525d0c24f31-216","groundnut",39.06,-10.49
"7525d0c24f31-217","groundnut",39.06,-10.49
"7525d0c24f31-219","groundnut",39.05,-10.48
"7525d0c24f31-220","groundnut",39.05,-10.48
"7525d0c24f31-221","groundnut",39.05,-10.47
"7525d0c24f31-225","groundnut",39.06,-10.5
"7525d0c24f31-227","groundnut",39.06,-10.49
"7525d0c24f31-228","groundnut",39.05,-10.49
"7525d0c24f31-230","groundnut",39.06,-10.49
"7525d0c24f31-232","groundnut",39.05,-10.47
"7525d0c24f31-233","groundnut",39.05,-10.48
"7525d0c24f31-234","groundnut",39.06,-10.47
"7525d0c24f31-235","groundnut",39.06,-10.48
"7525d0c24f31-236","groundnut",39.07,-10.48
"7525d0c24f31-237","groundnut",39.06,-10.49
"7525d0c24f31-238","groundnut",39.06,-10.47
"7525d0c24f31-240","groundnut",39.07,-10.48
"7525d0c24f31-243","groundnut",38.77,-10.35
"7525d0c24f31-244","groundnut",38.78,-10.34
"7525d0c24f31-245","groundnut",38.76,-10.33
"7525d0c24f31-246","groundnut",38.78,-10.34
"7525d0c24f31-247","groundnut",38.77,-10.33
"7525d0c24f31-249","groundnut",38.75,-10.34
"7525d0c24f31-250","groundnut",38.75,-10.33
"7525d0c24f31-251","groundnut",38.76,-10.34
"7525d0c24f31-252","groundnut",38.74,-10.33
"7525d0c24f31-253","groundnut",38.74,-10.34
"7525d0c24f31-254","groundnut",38.75,-10.34
"7525d0c24f31-255","groundnut",38.99,-10.91
"7525d0c24f31-256","groundnut",38.99,-10.9
"7525d0c24f31-257","groundnut",39,-10.91
"7525d0c24f31-258","groundnut",38.98,-10.87
"7525d0c24f31-259","groundnut",39,-10.91
"7525d0c24f31-260","groundnut",38.99,-10.92
"7525d0c24f31-261","groundnut",38.99,-10.91
"7525d0c24f31-262","groundnut",38.97,-10.89
"7525d0c24f31-263","groundnut",39,-10.92
"7525d0c24f31-264","groundnut",39,-10.9
"7525d0c24f31-265","groundnut",38.7,-10.89
"7525d0c24f31-266","groundnut",38.69,-10.87
"7525d0c24f31-267","groundnut",38.68,-10.89
"7525d0c24f31-268","groundnut",38.67,-10.89
"7525d0c24f31-269","groundnut",38.69,-10.9
"7525d0c24f31-270","groundnut",38.68,-10.88
"7525d0c24f31-271","groundnut",38.68,-10.88
"7525d0c24f31-272","groundnut",38.67,-10.89
"7525d0c24f31-273","groundnut",38.69,-10.89
"7525d0c24f31-274","groundnut",38.68,-10.89
"7525d0c24f31-275","groundnut",38.62,-10.83
"7525d0c24f31-276","groundnut",38.62,-10.84
"7525d0c24f31-277","groundnut",38.62,-10.82
"7525d0c24f31-278","groundnut",38.62,-10.83
"7525d0c24f31-279","groundnut",38.63,-10.83
"7525d0c24f31-280","groundnut",38.63,-10.85
"7525d0c24f31-281","groundnut",38.65,-10.83
"7525d0c24f31-282","groundnut",38.64,-10.84
"7525d0c24f31-283","groundnut",38.62,-10.84
"7525d0c24f31-284","groundnut",38.61,-10.84
"7525d0c24f31-285","groundnut",38.62,-10.84
"7525d0c24f31-286","groundnut",38.63,-10.83
"7525d0c24f31-288","groundnut",38.64,-10.84
"7525d0c24f31-289","groundnut",38.63,-10.85
"7525d0c24f31-291","groundnut",38.61,-10.82
"7525d0c24f31-292","groundnut",38.61,-10.82
"7525d0c24f31-293","groundnut",38.58,-10.81
"7525d0c24f31-294","groundnut",38.59,-10.82
"7525d0c24f31-295","groundnut",38.59,-10.82
"7525d0c24f31-296","groundnut",37.14,-11.06
"7525d0c24f31-297","groundnut",37.13,-11.04
"7525d0c24f31-298","groundnut",37.13,-11.05
"7525d0c24f31-299","groundnut",37.13,-11.05
"7525d0c24f31-300","groundnut",37.13,-11.06
"7525d0c24f31-301","groundnut",38.63,-10.58
"7525d0c24f31-302","groundnut",38.62,-10.6
"7525d0c24f31-303","groundnut",38.64,-10.59
"7525d0c24f31-304","groundnut",38.79,-10.69
"7525d0c24f31-305","groundnut",38.61,-10.59
"7525d0c24f31-306","groundnut",38.63,-10.59
"7525d0c24f31-307","groundnut",38.61,-10.59
"7525d0c24f31-308","groundnut",38.62,-10.61
"7525d0c24f31-309","groundnut",38.77,-10.69
"7525d0c24f31-310","groundnut",38.61,-10.6
"7525d0c24f31-311","groundnut",39.04,-10.48
"7525d0c24f31-312","groundnut",39.04,-10.48
"7525d0c24f31-313","groundnut",39.05,-10.47
"7525d0c24f31-314","groundnut",39.06,-10.47
"7525d0c24f31-316","groundnut",39.05,-10.48
"7525d0c24f31-317","groundnut",39.07,-10.48
"7525d0c24f31-318","groundnut",39.06,-10.49
"7525d0c24f31-319","groundnut",39.06,-10.48
"7525d0c24f31-320","groundnut",39.06,-10.47
"7525d0c24f31-321","groundnut",39.05,-10.48
"7525d0c24f31-322","groundnut",39.06,-10.49
"7525d0c24f31-324","groundnut",39.07,-10.48
"7525d0c24f31-326","groundnut",39.04,-10.49
"7525d0c24f31-327","groundnut",39.04,-10.49
"7525d0c24f31-330","groundnut",39.05,-10.49
"7525d0c24f31-331","groundnut",37.13,-10.81
"7525d0c24f31-332","groundnut",37.14,-10.79
"7525d0c24f31-333","groundnut",37.14,-10.81
"7525d0c24f31-334","groundnut",37.34,-11.06
"7525d0c24f31-335","groundnut",37.09,-10.78
"7525d0c24f31-336","groundnut",37.13,-10.81
"7525d0c24f31-337","groundnut",37.12,-10.78
"7525d0c24f31-338","groundnut",37.12,-10.79
"7525d0c24f31-339","groundnut",37.12,-10.8
"7525d0c24f31-340","groundnut",37.12,-10.8
"7525d0c24f31-341","groundnut",36.08,-10.56
"7525d0c24f31-342","groundnut",36.08,-10.53
"7525d0c24f31-343","groundnut",36.07,-10.54
"7525d0c24f31-344","groundnut",36.08,-10.55
"7525d0c24f31-345","groundnut",36.08,-10.56
"7525d0c24f31-346","groundnut",36.1,-10.56
"7525d0c24f31-347","groundnut",36.08,-10.55
"7525d0c24f31-348","groundnut",36.1,-10.56
"7525d0c24f31-349","groundnut",36.08,-10.56
"7525d0c24f31-350","groundnut",36.09,-10.55
"7525d0c24f31-351","groundnut",36.23,-10.36
"7525d0c24f31-352","groundnut",36.3,-10.33
"7525d0c24f31-354","groundnut",36.28,-10.33
"7525d0c24f31-355","groundnut",36.26,-10.32
"7525d0c24f31-356","groundnut",36.24,-10.33
"7525d0c24f31-358","groundnut",36.24,-10.32
"7525d0c24f31-359","groundnut",36.31,-10.33
"7525d0c24f31-360","groundnut",36.33,-10.34
"7525d0c24f31-362","groundnut",36.28,-10.33
"7525d0c24f31-363","groundnut",36.29,-10.34
"7525d0c24f31-364","groundnut",36.3,-10.34
"7525d0c24f31-365","groundnut",36.29,-10.35
"7525d0c24f31-367","groundnut",36.21,-10.34
"7525d0c24f31-368","groundnut",36.28,-10.31
"7525d0c24f31-370","groundnut",36.3,-10.35
"7525d0c24f31-371","groundnut",36.24,-10.33
"7525d0c24f31-372","groundnut",36.27,-10.32
"7525d0c24f31-373","groundnut",36.22,-10.32
"7525d0c24f31-374","groundnut",36.29,-10.33
"7525d0c24f31-375","groundnut",36.29,-10.32
"7525d0c24f31-376","groundnut",36.25,-10.3
"7525d0c24f31-377","groundnut",36.29,-10.37
"7525d0c24f31-378","groundnut",36.26,-10.29
"7525d0c24f31-379","groundnut",36.29,-10.34
"7525d0c24f31-380","groundnut",36.25,-10.34
"7525d0c24f31-381","groundnut",32.96,-9.04
"7525d0c24f31-382","groundnut",32.96,-9.05
"7525d0c24f31-383","groundnut",32.95,-9.05
"7525d0c24f31-384","groundnut",32.95,-9.05
"7525d0c24f31-385","groundnut",32.95,-9.06
"7525d0c24f31-386","groundnut",32.95,-9.07
"7525d0c24f31-387","groundnut",32.95,-9.07
"7525d0c24f31-388","groundnut",32.97,-9.04
"7525d0c24f31-389","groundnut",32.96,-9.07
"7525d0c24f31-390","groundnut",32.95,-9.05
"7525d0c24f31-391","groundnut",32.96,-9.07
"7525d0c24f31-392","groundnut",32.95,-9.06
"7525d0c24f31-393","groundnut",32.94,-9.05
"7525d0c24f31-394","groundnut",32.96,-9.05
"7525d0c24f31-395","groundnut",32.95,-9.06
"7525d0c24f31-396","groundnut",32.97,-9.03
"7525d0c24f31-397","groundnut",32.98,-9.06
"7525d0c24f31-398","groundnut",32.97,-9.05
"7525d0c24f31-399","groundnut",32.95,-9.05
"7525d0c24f31-400","groundnut",32.97,-9.04
"7525d0c24f31-401","groundnut",32.96,-9.03
"7525d0c24f31-402","groundnut",32.96,-9.04
"7525d0c24f31-403","groundnut",32.96,-9.04
"7525d0c24f31-404","groundnut",32.96,-9.06
"7525d0c24f31-405","groundnut",32.97,-9.02
"7525d0c24f31-406","groundnut",32.97,-9.03
"7525d0c24f31-407","groundnut",32.96,-9.03
"7525d0c24f31-408","groundnut",32.98,-9.04
"7525d0c24f31-409","groundnut",32.98,-9.04
"7525d0c24f31-411","groundnut",32.97,-9.04
"7525d0c24f31-412","groundnut",32.98,-9.03
"7525d0c24f31-413","groundnut",32.96,-9.03
"7525d0c24f31-414","groundnut",32.96,-9.02
"7525d0c24f31-415","groundnut",32.98,-9.04
"7525d0c24f31-416","groundnut",32.96,-9.03
"7525d0c24f31-417","groundnut",32.78,-8.87
"7525d0c24f31-418","groundnut",32.77,-8.85
"7525d0c24f31-419","groundnut",32.78,-8.83
"7525d0c24f31-420","groundnut",32.77,-8.85
"7525d0c24f31-421","groundnut",32.79,-8.86
"7525d0c24f31-422","groundnut",32.8,-8.85
"7525d0c24f31-423","groundnut",32.79,-8.84
"7525d0c24f31-424","groundnut",32.8,-8.84
"7525d0c24f31-425","groundnut",32.77,-8.85
"7525d0c24f31-426","groundnut",32.79,-8.86
"7525d0c24f31-427","groundnut",32.79,-8.85
"7525d0c24f31-428","groundnut",32.78,-8.86
"7525d0c24f31-430","groundnut",32.77,-8.85
"7525d0c24f31-431","groundnut",32.78,-8.85
"7525d0c24f31-432","groundnut",32.8,-8.85
"7525d0c24f31-433","groundnut",32.79,-8.85
"7525d0c24f31-434","groundnut",32.95,-9.05
"7525d0c24f31-435","groundnut",32.97,-9.05
"7525d0c24f31-436","groundnut",32.95,-9.06
"7525d0c24f31-437","groundnut",32.96,-9.06
"7525d0c24f31-438","groundnut",32.97,-9.05
"7525d0c24f31-439","groundnut",32.96,-9.05
"7525d0c24f31-440","groundnut",32.97,-9.05
"7525d0c24f31-441","groundnut",32.95,-9.07
"7525d0c24f31-442","groundnut",32.96,-9.05
"7525d0c24f31-443","groundnut",32.96,-9.07
"7525d0c24f31-444","groundnut",32.96,-9.07
"7525d0c24f31-445","groundnut",32.96,-9.04
"7525d0c24f31-446","groundnut",32.95,-9.05
"7525d0c24f31-447","groundnut",32.95,-9.06
"7525d0c24f31-448","groundnut",32.97,-9.06
"7525d0c24f31-449","groundnut",32.96,-9.07
"7525d0c24f31-450","groundnut",32.96,-9.04
"7525d0c24f31-451","groundnut",32.94,-9.04
"7525d0c24f31-452","groundnut",32.92,-9.03
"7525d0c24f31-453","groundnut",32.94,-9.02
"7525d0c24f31-454","groundnut",32.94,-9.03
"7525d0c24f31-455","groundnut",33,-9.01
"7525d0c24f31-456","groundnut",32.94,-9.02
"7525d0c24f31-457","groundnut",32.93,-9.03
"7525d0c24f31-458","groundnut",32.93,-9.03
"7525d0c24f31-459","groundnut",32.92,-9.03
"7525d0c24f31-460","groundnut",32.94,-9.03
"7525d0c24f31-461","groundnut",32.9,-9.17
"7525d0c24f31-462","groundnut",32.91,-9.17
"7525d0c24f31-463","groundnut",32.89,-9.15
"7525d0c24f31-464","groundnut",32.88,-9.15
"7525d0c24f31-465","groundnut",32.88,-9.13
"7525d0c24f31-466","groundnut",32.87,-9.18
"7525d0c24f31-467","groundnut",32.89,-9.15
"7525d0c24f31-468","groundnut",32.87,-9.16
"7525d0c24f31-469","groundnut",32.87,-9.16
"7525d0c24f31-470","groundnut",32.89,-9.16
"7525d0c24f31-471","groundnut",32.89,-9.15
"7525d0c24f31-472","groundnut",32.87,-9.15
"7525d0c24f31-473","groundnut",32.88,-9.17
"7525d0c24f31-474","groundnut",32.9,-9.13
"7525d0c24f31-475","groundnut",32.89,-9.13
"7525d0c24f31-476","groundnut",32.89,-9.13
"7525d0c24f31-477","groundnut",32.88,-9.14
"7525d0c24f31-478","groundnut",32.88,-9.12
"7525d0c24f31-479","groundnut",32.9,-9.13
"7525d0c24f31-480","groundnut",32.89,-9.15
"7525d0c24f31-501","groundnut",32.75,-9.03
"7525d0c24f31-502","groundnut",32.77,-9.03
"7525d0c24f31-503","groundnut",32.75,-9.04
"7525d0c24f31-504","groundnut",32.75,-9.02
"7525d0c24f31-505","groundnut",32.74,-9.05
"7525d0c24f31-506","groundnut",32.72,-9.06
"7525d0c24f31-507","groundnut",32.76,-9.03
"7525d0c24f31-508","groundnut",32.71,-9.06
"7525d0c24f31-509","groundnut",32.75,-9.01
"7525d0c24f31-510","groundnut",32.77,-9.05
"7525d0c24f31-511","groundnut",32.76,-9
"7525d0c24f31-512","groundnut",32.7,-9.05
"7525d0c24f31-513","groundnut",32.74,-9.03
"7525d0c24f31-514","groundnut",32.75,-9.01
"7525d0c24f31-515","groundnut",32.75,-9.03
"7525d0c24f31-516","groundnut",32.72,-9.02
"7525d0c24f31-517","groundnut",32.74,-9.02
"7525d0c24f31-518","groundnut",32.73,-9.02
"7525d0c24f31-519","groundnut",32.75,-9.01
"7525d0c24f31-520","groundnut",32.76,-9.01
"7525d0c24f31-521","groundnut",32.79,-9.14
"7525d0c24f31-522","groundnut",32.88,-9.17
"7525d0c24f31-523","groundnut",32.8,-9.12
"7525d0c24f31-524","groundnut",32.79,-9.14
"7525d0c24f31-525","groundnut",32.87,-9.18
"7525d0c24f31-526","groundnut",32.87,-9.18
"7525d0c24f31-527","groundnut",32.8,-9.12
"7525d0c24f31-528","groundnut",32.88,-9.17
"7525d0c24f31-529","groundnut",32.88,-9.17
"7525d0c24f31-530","groundnut",32.79,-9.13
"7525d0c24f31-531","groundnut",32.88,-9.17
"7525d0c24f31-532","groundnut",32.86,-9.17
"7525d0c24f31-533","groundnut",32.87,-9.17
"7525d0c24f31-534","groundnut",32.87,-9.17
"7525d0c24f31-535","groundnut",32.88,-9.18
"7525d0c24f31-536","groundnut",32.87,-9.17
"7525d0c24f31-537","groundnut",32.79,-9.13
"7525d0c24f31-538","groundnut",32.86,-9.17
"7525d0c24f31-539","groundnut",32.81,-9.13
"7525d0c24f31-540","groundnut",32.87,-9.16
"7525d0c24f31-541","groundnut",32.87,-9.17
"7525d0c24f31-542","groundnut",32.86,-9.18
"7525d0c24f31-543","groundnut",32.8,-9.12
"7525d0c24f31-544","groundnut",32.8,-9.13
"7525d0c24f31-545","groundnut",32.88,-9.18
"7525d0c24f31-546","groundnut",32.88,-9.17
"7525d0c24f31-547","groundnut",32.87,-9.18
"7525d0c24f31-548","groundnut",32.88,-9.18
"7525d0c24f31-549","groundnut",32.87,-9.16
"7525d0c24f31-550","groundnut",32.87,-9.17
"7525d0c24f31-551","groundnut",32.75,-9.11
"7525d0c24f31-552","groundnut",32.77,-9.1
"7525d0c24f31-553","groundnut",32.76,-9.11
"7525d0c24f31-554","groundnut",32.77,-9.11
"7525d0c24f31-555","groundnut",32.76,-9.1
"7525d0c24f31-556","groundnut",32.74,-9.08
"7525d0c24f31-557","groundnut",32.77,-9.11
"7525d0c24f31-559","groundnut",32.76,-9.1
"7525d0c24f31-560","groundnut",32.74,-9.08
"7525d0c24f31-561","groundnut",32.77,-9.12
"7525d0c24f31-562","groundnut",32.74,-9.09
"7525d0c24f31-563","groundnut",32.76,-9.1
"7525d0c24f31-564","groundnut",32.78,-9.11
"7525d0c24f31-565","groundnut",32.74,-9.09
"7525d0c24f31-566","groundnut",32.77,-9.12
"7525d0c24f31-567","groundnut",32.77,-9.1
"7525d0c24f31-568","groundnut",32.77,-9.11
"7525d0c24f31-569","groundnut",32.76,-9.1
"7525d0c24f31-570","groundnut",32.77,-9.1
"7525d0c24f31-571","groundnut",32.76,-9.12
"7525d0c24f31-572","groundnut",32.73,-9.1
"7525d0c24f31-573","groundnut",32.75,-9.11
"7525d0c24f31-574","groundnut",32.75,-9.09
"7525d0c24f31-575","groundnut",32.78,-9.11
"7525d0c24f31-576","groundnut",32.77,-9.12
"7525d0c24f31-577","groundnut",32.77,-9.12
"7525d0c24f31-578","groundnut",33.01,-9.01
"7525d0c24f31-579","groundnut",32.77,-9.11
"7525d0c24f31-580","groundnut",32.76,-9.1
"7525d0c24f31-581","groundnut",32.87,-9.18
"7525d0c24f31-582","groundnut",32.87,-9.17
"7525d0c24f31-583","groundnut",32.88,-9.17
"7525d0c24f31-584","groundnut",32.86,-9.17
"7525d0c24f31-585","groundnut",32.89,-9.17
"7525d0c24f31-586","groundnut",32.87,-9.18
"7525d0c24f31-587","groundnut",32.88,-9.18
"7525d0c24f31-588","groundnut",32.87,-9.17
"7525d0c24f31-589","groundnut",32.87,-9.17
"7525d0c24f31-590","groundnut",32.88,-9.18
"7525d0c24f31-591","groundnut",32.88,-9.18
"7525d0c24f31-592","groundnut",32.87,-9.18
"7525d0c24f31-593","groundnut",32.88,-9.16
"7525d0c24f31-594","groundnut",32.86,-9.17
"7525d0c24f31-595","groundnut",32.86,-9.17
"7525d0c24f31-596","groundnut",32.87,-9.17
"7525d0c24f31-597","groundnut",32.86,-9.17
"7525d0c24f31-598","groundnut",32.86,-9.16
"7525d0c24f31-599","groundnut",32.88,-9.17
"7525d0c24f31-600","groundnut",32.87,-9.17
"7525d0c24f31-601","groundnut",35.76,-7.63
"7525d0c24f31-602","groundnut",35.74,-7.63
"7525d0c24f31-603","groundnut",35.75,-7.62
"7525d0c24f31-604","groundnut",35.76,-7.65
"7525d0c24f31-605","groundnut",35.76,-7.64
"7525d0c24f31-606","groundnut",35.78,-7.62
"7525d0c24f31-607","groundnut",35.72,-7.62
"7525d0c24f31-608","groundnut",35.77,-7.63
"7525d0c24f31-609","groundnut",35.74,-7.63
"7525d0c24f31-610","groundnut",35.77,-7.65
"7525d0c24f31-611","groundnut",35.77,-7.61
"7525d0c24f31-612","groundnut",35.76,-7.62
"7525d0c24f31-613","groundnut",35.75,-7.62
"7525d0c24f31-614","groundnut",35.75,-7.67
"7525d0c24f31-615","groundnut",35.77,-7.61
"7525d0c24f31-616","groundnut",35.76,-7.64
"7525d0c24f31-617","groundnut",35.75,-7.63
"7525d0c24f31-618","groundnut",35.74,-7.65
"7525d0c24f31-619","groundnut",35.76,-7.61
"7525d0c24f31-620","groundnut",35.77,-7.62
"7525d0c24f31-621","groundnut",36.38,-6.99
"7525d0c24f31-622","groundnut",36.36,-7.01
"7525d0c24f31-623","groundnut",36.36,-7.02
"7525d0c24f31-624","groundnut",36.36,-7.02
"7525d0c24f31-625","groundnut",36.36,-7.02
"7525d0c24f31-626","groundnut",36.36,-7.02
"7525d0c24f31-627","groundnut",36.36,-7.01
"7525d0c24f31-628","groundnut",36.38,-6.99
"7525d0c24f31-629","groundnut",36.38,-6.98
"7525d0c24f31-630","groundnut",36.37,-6.98
"7525d0c24f31-631","groundnut",36.37,-7.02
"7525d0c24f31-632","groundnut",36.37,-7.02
"7525d0c24f31-633","groundnut",36.36,-7
"7525d0c24f31-634","groundnut",36.36,-7.01
"7525d0c24f31-635","groundnut",36.37,-7.02
"7525d0c24f31-636","groundnut",36.37,-7.03
"7525d0c24f31-638","groundnut",36.39,-6.99
"7525d0c24f31-639","groundnut",36.36,-7.01
"7525d0c24f31-640","groundnut",36.37,-7.03
"7525d0c24f31-642","groundnut",36.39,-6.74
"7525d0c24f31-643","groundnut",36.39,-6.74
"7525d0c24f31-644","groundnut",36.38,-6.73
"7525d0c24f31-645","groundnut",36.37,-6.71
"7525d0c24f31-646","groundnut",36.45,-6.79
"7525d0c24f31-647","groundnut",36.37,-6.73
"7525d0c24f31-648","groundnut",36.38,-6.73
"7525d0c24f31-649","groundnut",36.38,-6.71
"7525d0c24f31-650","groundnut",36.4,-6.45
"7525d0c24f31-651","groundnut",36.46,-6.78
"7525d0c24f31-652","groundnut",36.46,-6.78
"7525d0c24f31-653","groundnut",36.45,-6.76
"7525d0c24f31-654","groundnut",36.38,-6.72
"7525d0c24f31-655","groundnut",36.38,-6.71
"7525d0c24f31-656","groundnut",36.46,-6.77
"7525d0c24f31-657","groundnut",35.62,-5.92
"7525d0c24f31-658","groundnut",35.61,-5.94
"7525d0c24f31-659","groundnut",35.62,-5.92
"7525d0c24f31-660","groundnut",35.62,-5.92
"7525d0c24f31-661","groundnut",35.63,-5.93
"7525d0c24f31-662","groundnut",35.62,-5.93
"7525d0c24f31-663","groundnut",35.63,-5.93
"7525d0c24f31-664","groundnut",35.62,-5.94
"7525d0c24f31-665","groundnut",35.61,-5.93
"7525d0c24f31-666","groundnut",35.61,-5.94
"7525d0c24f31-667","groundnut",35.61,-5.94
"7525d0c24f31-668","groundnut",35.62,-5.94
"7525d0c24f31-669","groundnut",35.01,-5.79
"7525d0c24f31-670","groundnut",35.03,-5.8
"7525d0c24f31-671","groundnut",35.63,-5.93
"7525d0c24f31-672","groundnut",35.61,-5.93
"7525d0c24f31-673","groundnut",35.6,-5.95
"7525d0c24f31-675","groundnut",35.61,-5.93
"7525d0c24f31-676","groundnut",35.61,-5.95
"7525d0c24f31-677","groundnut",35.61,-5.93
"7525d0c24f31-678","groundnut",35.6,-5.95
"7525d0c24f31-679","groundnut",35.54,-5.96
"7525d0c24f31-680","groundnut",35.53,-5.95
"7525d0c24f31-681","groundnut",35.55,-5.97
"7525d0c24f31-682","groundnut",35.55,-5.93
"7525d0c24f31-684","groundnut",35.53,-5.9
"7525d0c24f31-685","groundnut",35.53,-5.9
"7525d0c24f31-686","groundnut",35.53,-5.87
"7525d0c24f31-687","groundnut",35.53,-5.88
"7525d0c24f31-688","groundnut",35.52,-5.89
"7525d0c24f31-689","groundnut",35.62,-6.16
"7525d0c24f31-690","groundnut",35.58,-6.2
"7525d0c24f31-691","groundnut",35.61,-6.22
"7525d0c24f31-692","groundnut",35.61,-6.17
"7525d0c24f31-693","groundnut",35.6,-6.2
"7525d0c24f31-694","groundnut",35.63,-6.18
"7525d0c24f31-695","groundnut",35.6,-6.22
"7525d0c24f31-696","groundnut",35.61,-6.16
"7525d0c24f31-697","groundnut",35.59,-6.21
"7525d0c24f31-699","groundnut",35.75,-6.31
"7525d0c24f31-700","groundnut",35.74,-6.34
"7525d0c24f31-701","groundnut",35.52,-5.89
"7525d0c24f31-702","groundnut",35.53,-5.9
"7525d0c24f31-703","groundnut",35.52,-5.89
"7525d0c24f31-704","groundnut",35.52,-5.88
"7525d0c24f31-705","groundnut",35.54,-5.96
"7525d0c24f31-706","groundnut",35.54,-5.89
"7525d0c24f31-707","groundnut",35.52,-5.91
"7525d0c24f31-708","groundnut",35.55,-5.95
"7525d0c24f31-709","groundnut",35.53,-5.92
"7525d0c24f31-710","groundnut",35.52,-5.89
"7525d0c24f31-711","groundnut",35.54,-5.96
"7525d0c24f31-712","groundnut",35.55,-5.96
"7525d0c24f31-713","groundnut",35.55,-5.96
"7525d0c24f31-714","groundnut",35.54,-5.94
"7525d0c24f31-715","groundnut",35.55,-5.94
"7525d0c24f31-716","groundnut",35.55,-5.95
"7525d0c24f31-717","groundnut",35.54,-5.95
"7525d0c24f31-718","groundnut",35.55,-5.94
"7525d0c24f31-719","groundnut",35.54,-5.93
"7525d0c24f31-720","groundnut",35.55,-5.94
"7525d0c24f31-721","groundnut",35.55,-5.94
"7525d0c24f31-722","groundnut",35.54,-5.95
"7525d0c24f31-723","groundnut",35.54,-5.95
"7525d0c24f31-724","groundnut",35.54,-5.95
"7525d0c24f31-725","groundnut",35.56,-5.94
"7525d0c24f31-726","groundnut",35.54,-5.94
"7525d0c24f31-727","groundnut",35.55,-5.95
"7525d0c24f31-728","groundnut",35.55,-5.94
"7525d0c24f31-729","groundnut",35.55,-5.93
"7525d0c24f31-730","groundnut",35.55,-5.96
"7525d0c24f31-731","groundnut",35.55,-5.92
"7525d0c24f31-732","groundnut",35.53,-5.95
"7525d0c24f31-733","groundnut",35.55,-5.93
"7525d0c24f31-734","groundnut",35.54,-5.94
"7525d0c24f31-735","groundnut",35.55,-5.94
"7525d0c24f31-736","groundnut",35.54,-5.94
"7525d0c24f31-737","groundnut",35.54,-5.93
"7525d0c24f31-738","groundnut",35.54,-5.93
"7525d0c24f31-739","groundnut",35.54,-5.95
"7525d0c24f31-740","groundnut",35.54,-5.93
"7525d0c24f31-741","groundnut",35.55,-5.94
"7525d0c24f31-742","groundnut",35.53,-5.94
"7525d0c24f31-743","groundnut",35.54,-5.94
"7525d0c24f31-744","groundnut",35.52,-5.95
"7525d0c24f31-745","groundnut",35.55,-5.94
"7525d0c24f31-746","groundnut",35.54,-5.96
"7525d0c24f31-747","groundnut",35.53,-5.95
"7525d0c24f31-748","groundnut",35.53,-5.95
"7525d0c24f31-749","groundnut",35.53,-5.96
"7525d0c24f31-750","groundnut",35.55,-5.95
"7525d0c24f31-751","groundnut",35.75,-6.33
"7525d0c24f31-752","groundnut",35.75,-6.34
"7525d0c24f31-753","groundnut",35.76,-6.33
"7525d0c24f31-754","groundnut",35.76,-6.33
"7525d0c24f31-755","groundnut",35.75,-6.32
"7525d0c24f31-756","groundnut",35.76,-6.32
"7525d0c24f31-757","groundnut",35.75,-6.32
"7525d0c24f31-758","groundnut",35.76,-6.31
"7525d0c24f31-760","groundnut",35.95,-5.89
"7525d0c24f31-761","groundnut",35.96,-5.89
"7525d0c24f31-762","groundnut",35.95,-5.89
"7525d0c24f31-763","groundnut",35.96,-5.89
"7525d0c24f31-764","groundnut",35.95,-5.9
"7525d0c24f31-765","groundnut",35.96,-5.9
"7525d0c24f31-766","groundnut",35.96,-5.88
"7525d0c24f31-767","groundnut",35.96,-5.9
"7525d0c24f31-768","groundnut",35.95,-5.9
"7525d0c24f31-769","groundnut",36.36,-6.21
"7525d0c24f31-770","groundnut",36.34,-6.23
"7525d0c24f31-771","groundnut",36.35,-6.22
"7525d0c24f31-772","groundnut",36.36,-6.23
"7525d0c24f31-773","groundnut",36.35,-6.23
"7525d0c24f31-774","groundnut",36.35,-6.23
"7525d0c24f31-775","groundnut",36.36,-6.23
"7525d0c24f31-776","groundnut",36.35,-6.22
"7525d0c24f31-777","groundnut",36.36,-6.22
"7525d0c24f31-778","groundnut",36.37,-6.22
"7525d0c24f31-779","groundnut",36.42,-6.22
"7525d0c24f31-780","groundnut",36.39,-6.22
"7525d0c24f31-781","groundnut",36.41,-6.21
"7525d0c24f31-783","groundnut",36.4,-6.21
"7525d0c24f31-787","groundnut",36.41,-6.24
"7525d0c24f31-788","groundnut",36.41,-6.22
"7525d0c24f31-789","groundnut",36.42,-6.22
"7525d0c24f31-793","groundnut",36.48,-6.22
"7525d0c24f31-794","groundnut",36.47,-6.21
"7525d0c24f31-795","groundnut",36.48,-6.22
"7525d0c24f31-796","groundnut",36.45,-6.21
"7525d0c24f31-797","groundnut",36.49,-6.21
"7525d0c24f31-798","groundnut",36.5,-6.22
"7525d0c24f31-802","groundnut",36.48,-6.22
"7525d0c24f31-803","groundnut",36.48,-6.21
"7525d0c24f31-804","groundnut",36.46,-6.21
"7525d0c24f31-805","groundnut",36.46,-6.22
"7525d0c24f31-806","groundnut",36.46,-6.22
"7525d0c24f31-807","groundnut",36.48,-6.22
"7525d0c24f31-808","groundnut",36.47,-6.23
"7525d0c24f31-809","groundnut",36.47,-6.23
"7525d0c24f31-810","groundnut",36.83,-6.33
"7525d0c24f31-812","groundnut",36.83,-6.3
"7525d0c24f31-813","groundnut",36.83,-6.32
"7525d0c24f31-814","groundnut",36.83,-6.32
"7525d0c24f31-815","groundnut",36.83,-6.3
"7525d0c24f31-818","groundnut",36.82,-6.33
"7525d0c24f31-819","groundnut",36.83,-6.31
"7525d0c24f31-820","groundnut",36.88,-6.3
"7525d0c24f31-821","groundnut",36.86,-6.31
"7525d0c24f31-822","groundnut",36.87,-6.3
"7525d0c24f31-823","groundnut",36.87,-6.3
"7525d0c24f31-824","groundnut",36.88,-6.16
"7525d0c24f31-825","groundnut",36.87,-6.32
"7525d0c24f31-826","groundnut",36.86,-6.14
"7525d0c24f31-827","groundnut",36.86,-6.15
"7525d0c24f31-828","groundnut",36.87,-6.31
"7525d0c24f31-829","groundnut",36.87,-6.14
"7525d0c24f31-830","groundnut",36.88,-6.15
"7525d0c24f31-831","groundnut",36.87,-6.16
"7525d0c24f31-832","groundnut",36.87,-6.15
"7525d0c24f31-833","groundnut",36.86,-6.3
"7525d0c24f31-834","groundnut",36.87,-6.31
"7525d0c24f31-835","groundnut",39.08,-6.67
"7525d0c24f31-836","groundnut",39.09,-6.69
"7525d0c24f31-837","groundnut",39.08,-6.68
"7525d0c24f31-839","groundnut",39.09,-6.69
"7525d0c24f31-841","groundnut",39.08,-6.68
"7525d0c24f31-843","groundnut",39.09,-6.67
"7525d0c24f31-847","groundnut",39.08,-6.67
"7525d0c24f31-848","groundnut",39.1,-6.69
"7525d0c24f31-849","groundnut",39.09,-6.68
"7525d0c24f31-851","groundnut",40.16,-10.36
"7525d0c24f31-852","groundnut",40.16,-10.39
"7525d0c24f31-853","groundnut",40.17,-10.37
"7525d0c24f31-855","groundnut",40.15,-10.37
"7525d0c24f31-856","groundnut",40.17,-10.32
"7525d0c24f31-857","groundnut",40.16,-10.33
"7525d0c24f31-858","groundnut",40.15,-10.37
"7525d0c24f31-859","groundnut",39.91,-10.26
"7525d0c24f31-860","groundnut",39.92,-10.26
"7525d0c24f31-861","groundnut",40.19,-10.28
"7525d0c24f31-862","groundnut",39.92,-10.27
"7525d0c24f31-863","groundnut",39.92,-10.26
"7525d0c24f31-864","groundnut",39.93,-10.26
"7525d0c24f31-865","groundnut",40.18,-10.28
"7525d0c24f31-866","groundnut",39.92,-10.26
"7525d0c24f31-867","groundnut",39.93,-10.24
"7525d0c24f31-868","groundnut",39.93,-10.26
"7525d0c24f31-869","groundnut",40.14,-10.3
"7525d0c24f31-870","groundnut",40.15,-10.32
"7525d0c24f31-871","groundnut",40.16,-10.3
"7525d0c24f31-872","groundnut",40.16,-10.3
"7525d0c24f31-873","groundnut",40.15,-10.31
"7525d0c24f31-874","groundnut",40.15,-10.32
"7525d0c24f31-875","groundnut",40.15,-10.32
"7525d0c24f31-876","groundnut",40.14,-10.31
"7525d0c24f31-877","groundnut",40.17,-10.28
"7525d0c24f31-878","groundnut",40.13,-10.33
"7525d0c24f31-879","groundnut",40.16,-10.3
"7525d0c24f31-880","groundnut",40.13,-10.33
"7525d0c24f31-881","groundnut",40.19,-10.3
"7525d0c24f31-882","groundnut",40.2,-10.31
"7525d0c24f31-883","groundnut",40.2,-10.29
"7525d0c24f31-884","groundnut",40.19,-10.3
"7525d0c24f31-885","groundnut",40.25,-10.34
"7525d0c24f31-886","groundnut",40.19,-10.3
"7525d0c24f31-888","groundnut",40.24,-10.35
"7525d0c24f31-889","groundnut",40.19,-10.3
"7525d0c24f31-890","groundnut",40.2,-10.3
"7525d0c24f31-891","groundnut",40.23,-10.34
"7525d0c24f31-892","groundnut",40.25,-10.34
"7525d0c24f31-893","groundnut",40.2,-10.3
"7525d0c24f31-894","groundnut",40.23,-10.34
"7525d0c24f31-895","groundnut",40.21,-10.33
"7525d0c24f31-896","groundnut",40.19,-10.29
"7525d0c24f31-897","groundnut",40.19,-10.3
"7525d0c24f31-898","groundnut",40.25,-10.35
"7525d0c24f31-899","groundnut",40.38,-10.32
"7525d0c24f31-900","groundnut",40.24,-10.35
"b22faa486952-1","groundnut",32.79,-9.14
"b22faa486952-2","groundnut",32.81,-9.14
"b22faa486952-3","groundnut",32.79,-9.12
"b22faa486952-4","groundnut",32.8,-9.13
"b22faa486952-5","groundnut",32.81,-9.13
"b22faa486952-6","groundnut",32.78,-9.12
"b22faa486952-7","groundnut",32.77,-9.1
"b22faa486952-8","groundnut",32.77,-9.11
"b22faa486952-9","groundnut",32.76,-9.12
"b22faa486952-10","groundnut",32.76,-9.1
"b22faa486952-11","groundnut",36.26,-6.48
"b22faa486952-12","groundnut",32.77,-9.12
"b22faa486952-13","groundnut",32.77,-9.1
"b22faa486952-14","groundnut",32.77,-9.11
"b22faa486952-15","groundnut",32.77,-9.11
"b22faa486952-16","groundnut",37.14,-11.04
"b22faa486952-17","groundnut",32.99,-9.04
"b22faa486952-18","groundnut",32.97,-9.04
"b22faa486952-19","groundnut",32.97,-9.05
"b22faa486952-20","groundnut",32.96,-9.04
"b22faa486952-21","groundnut",32.97,-9.04
"b22faa486952-22","groundnut",36.26,-6.47
"b22faa486952-23","groundnut",32.97,-9.05
"b22faa486952-24","groundnut",32.97,-9.05
"b22faa486952-25","groundnut",32.97,-9.05
"b22faa486952-26","groundnut",32.98,-9.05
"b22faa486952-27","groundnut",32.98,-9.04
"b22faa486952-28","groundnut",32.97,-9.06
"b22faa486952-29","groundnut",32.97,-9.07
"b22faa486952-30","groundnut",32.96,-9.05
"b22faa486952-31","groundnut",32.97,-9.07
"b22faa486952-32","groundnut",32.96,-9.06
"b22faa486952-33","groundnut",36.24,-6.48
"b22faa486952-34","groundnut",32.95,-9.04
"b22faa486952-35","groundnut",32.95,-9.06
"b22faa486952-36","groundnut",32.96,-9.05
"b22faa486952-37","groundnut",32.95,-9.06
"b22faa486952-39","groundnut",37.14,-11.05
"b22faa486952-40","groundnut",37.15,-11.05
"b22faa486952-41","groundnut",37.13,-11.05
"b22faa486952-42","groundnut",38.68,-10.89
"b22faa486952-43","groundnut",37.15,-11.05
"b22faa486952-44","groundnut",36.26,-6.48
"b22faa486952-45","groundnut",38.61,-10.82
"b22faa486952-46","groundnut",38.61,-10.82
"b22faa486952-47","groundnut",38.61,-10.83
"b22faa486952-48","groundnut",38.6,-10.83
"b22faa486952-49","groundnut",38.69,-10.89
"b22faa486952-50","groundnut",38.7,-10.9
"b22faa486952-51","groundnut",38.69,-10.88
"b22faa486952-52","groundnut",38.69,-10.87
"b22faa486952-53","groundnut",38.61,-10.81
"b22faa486952-54","groundnut",38.6,-10.81
"b22faa486952-55","groundnut",36.25,-6.48
"b22faa486952-56","groundnut",38.68,-10.89
"b22faa486952-57","groundnut",38.67,-10.88
"b22faa486952-58","groundnut",38.7,-10.88
"b22faa486952-59","groundnut",38.68,-10.88
"b22faa486952-60","groundnut",36.27,-6.48
"b22faa486952-61","groundnut",35.59,-6.08
"b22faa486952-62","groundnut",35.6,-6.08
"b22faa486952-63","groundnut",35.6,-6.07
"b22faa486952-64","groundnut",35.59,-6.08
"b22faa486952-65","groundnut",32.75,-9.09
"b22faa486952-66","groundnut",36.26,-6.48
"b22faa486952-67","groundnut",35.61,-6.07
"b22faa486952-68","groundnut",35.6,-6.07
"b22faa486952-69","groundnut",35.6,-6.07
"b22faa486952-70","groundnut",35.59,-6.07
"b22faa486952-71","groundnut",35.6,-6.06
"b22faa486952-72","groundnut",35.59,-6.07
"b22faa486952-73","groundnut",35.58,-6.07
"b22faa486952-74","groundnut",35.6,-6.07
"b22faa486952-75","groundnut",35.63,-5.83
"b22faa486952-76","groundnut",35.64,-6.1
"b22faa486952-77","groundnut",36.26,-6.47
"b22faa486952-78","groundnut",35.56,-6.06
"b22faa486952-79","groundnut",35.57,-5.83
"b22faa486952-85","groundnut",32.26,-5.09
"b22faa486952-86","groundnut",32.27,-5.09
"b22faa486952-87","groundnut",32.26,-5.08
"b22faa486952-88","groundnut",36.25,-6.47
"b22faa486952-90","groundnut",32.26,-5.1
"b22faa486952-91","groundnut",32.28,-5.09
"b22faa486952-92","groundnut",32.28,-5.09
"b22faa486952-93","groundnut",32.28,-5.08
"b22faa486952-94","groundnut",32.26,-5.1
"b22faa486952-95","groundnut",32.26,-5.09
"b22faa486952-96","groundnut",32.27,-5.1
"b22faa486952-97","groundnut",32.27,-5.08
"b22faa486952-98","groundnut",32.26,-5.08
"b22faa486952-99","groundnut",36.26,-6.49
"b22faa486952-100","groundnut",32.1,-5.07
"b22faa486952-101","groundnut",32.09,-5.09
"b22faa486952-102","groundnut",32.22,-5.09
"b22faa486952-103","groundnut",32.14,-5.09
"b22faa486952-104","groundnut",32.21,-5.08
"b22faa486952-105","groundnut",33.14,-4.36
"b22faa486952-106","groundnut",33.13,-4.38
"b22faa486952-107","groundnut",33.14,-4.38
"b22faa486952-108","groundnut",33.15,-4.37
"b22faa486952-109","groundnut",33.14,-4.37
"b22faa486952-111","groundnut",33.15,-4.38
"b22faa486952-112","groundnut",33.15,-4.39
"b22faa486952-113","groundnut",33.14,-4.37
"b22faa486952-114","groundnut",33.14,-4.38
"b22faa486952-115","groundnut",33.14,-4.36
"b22faa486952-121","groundnut",36.12,-6.42
"b22faa486952-132","groundnut",36.26,-6.48
"b22faa486952-137","groundnut",32.79,-9.11
"b22faa486952-138","groundnut",33.45,-2.62
"b22faa486952-139","groundnut",33.46,-2.64
"b22faa486952-140","groundnut",33.47,-2.65
"b22faa486952-141","groundnut",33.47,-2.65
"b22faa486952-142","groundnut",29.77,-4.8
"b22faa486952-143","groundnut",36.27,-6.48
"b22faa486952-144","groundnut",29.76,-4.77
"b22faa486952-145","groundnut",29.73,-4.79
"b22faa486952-146","groundnut",29.77,-4.79
"b22faa486952-147","groundnut",29.75,-4.81
"b22faa486952-148","groundnut",29.66,-4.83
"b22faa486952-149","groundnut",29.67,-4.81
"b22faa486952-150","groundnut",29.66,-4.8
"b22faa486952-151","groundnut",29.66,-4.84
"b22faa486952-152","groundnut",32.79,-9.12
"b22faa486952-153","groundnut",32.8,-9.13
"b22faa486952-154","groundnut",36.26,-6.49
"6cb1e0412309-1","groundnut",33.46,-2.64
"6cb1e0412309-2","groundnut",33.46,-2.65
"6cb1e0412309-3","groundnut",33.47,-2.64
"6cb1e0412309-4","groundnut",33.46,-2.64
"6cb1e0412309-6","groundnut",33.47,-2.64
"6cb1e0412309-7","groundnut",33.47,-2.63
"6cb1e0412309-8","groundnut",33.46,-2.64
"6cb1e0412309-9","groundnut",33.46,-2.63
"6cb1e0412309-10","groundnut",33.45,-2.64
"6cb1e0412309-11","groundnut",33.04,-5.02
"6cb1e0412309-12","groundnut",33.04,-5.04
"6cb1e0412309-13","groundnut",33.03,-5.04
"6cb1e0412309-14","groundnut",33.03,-5.01
"6cb1e0412309-15","groundnut",33.04,-5.02
"6cb1e0412309-18","groundnut",32.17,-5.09
"6cb1e0412309-20","groundnut",32.14,-5.09
"6cb1e0412309-21","groundnut",32.17,-5.08
"6cb1e0412309-22","groundnut",32.15,-5.07
"6cb1e0412309-23","groundnut",32.15,-5.08
"6cb1e0412309-25","groundnut",31.96,-5.06
"6cb1e0412309-26","groundnut",31.97,-5.08
"6cb1e0412309-27","groundnut",31.97,-5.06
"6cb1e0412309-28","groundnut",31.97,-5.07
"6cb1e0412309-29","groundnut",31.97,-5.08
"6cb1e0412309-30","groundnut",31.96,-5.07
"6cb1e0412309-31","groundnut",31.92,-5
"6cb1e0412309-32","groundnut",31.94,-5.02
"6cb1e0412309-33","groundnut",31.91,-5
"6cb1e0412309-34","groundnut",31.93,-5
"6cb1e0412309-35","groundnut",31.93,-5.01
"6cb1e0412309-40","groundnut",32.05,-6.73
"6cb1e0412309-41","groundnut",31.15,-6.31
"6cb1e0412309-42","groundnut",31.17,-6.34
"6cb1e0412309-43","groundnut",31.17,-6.37
"6cb1e0412309-44","groundnut",31.09,-6.44
"6cb1e0412309-45","groundnut",31.08,-6.37
"6cb1e0412309-46","groundnut",29.73,-4.82
"6cb1e0412309-47","groundnut",29.71,-4.82
"6cb1e0412309-48","groundnut",29.69,-4.83
"6cb1e0412309-49","groundnut",29.7,-4.82
"6cb1e0412309-50","groundnut",29.67,-4.85
"6cb1e0412309-51","groundnut",29.68,-4.84
"6cb1e0412309-52","groundnut",29.68,-4.82
"6cb1e0412309-53","groundnut",29.69,-4.83
"6cb1e0412309-54","groundnut",29.66,-4.84
"6cb1e0412309-55","groundnut",29.67,-4.82
"6cb1e0412309-56","groundnut",31.98,-3.49
"6cb1e0412309-57","groundnut",31.96,-3.48
"6cb1e0412309-58","groundnut",31.98,-3.49
"6cb1e0412309-65","groundnut",32.4,-3.9
"6cb1e0412309-67","groundnut",32.4,-3.77
"6cb1e0412309-68","groundnut",32.41,-3.91
"6cb1e0412309-69","groundnut",32.4,-3.9
"6cb1e0412309-70","groundnut",32.58,-3.93
"6cb1e0412309-71","groundnut",32.58,-3.94
"6cb1e0412309-72","groundnut",32.57,-3.94
"6cb1e0412309-73","groundnut",32.57,-3.94
"6cb1e0412309-74","groundnut",32.56,-3.93
"6cb1e0412309-75","groundnut",33.15,-4.36
"6cb1e0412309-76","groundnut",33.15,-4.37
"6cb1e0412309-77","groundnut",33.16,-4.38
"6cb1e0412309-78","groundnut",33.14,-4.38
"6cb1e0412309-79","groundnut",33.14,-4.39
"6cb1e0412309-80","groundnut",33.14,-4.37
"6cb1e0412309-81","groundnut",38.77,-10.35
"6cb1e0412309-82","groundnut",38.76,-10.34
"6cb1e0412309-83","groundnut",38.75,-10.35
"6cb1e0412309-84","groundnut",38.76,-10.35
"6cb1e0412309-85","groundnut",38.76,-10.35
"6cb1e0412309-86","groundnut",38.75,-10.36
"6cb1e0412309-87","groundnut",38.77,-10.34
"6cb1e0412309-88","groundnut",38.75,-10.34
"6cb1e0412309-89","groundnut",38.78,-10.34
"6cb1e0412309-90","groundnut",38.77,-10.34
"6cb1e0412309-91","groundnut",38.98,-10.91
"6cb1e0412309-92","groundnut",39,-10.92
"6cb1e0412309-93","groundnut",39.01,-10.9
"6cb1e0412309-94","groundnut",39.01,-10.9
"6cb1e0412309-95","groundnut",38.99,-10.9
"6cb1e0412309-96","groundnut",38.97,-10.88
"6cb1e0412309-97","groundnut",39,-10.91
"6cb1e0412309-98","groundnut",38.7,-10.88
"6cb1e0412309-99","groundnut",38.67,-10.89
"6cb1e0412309-100","groundnut",38.69,-10.9
"6cb1e0412309-101","groundnut",38.68,-10.89
"6cb1e0412309-102","groundnut",38.68,-10.88
"6cb1e0412309-103","groundnut",38.69,-10.88
"6cb1e0412309-104","groundnut",38.7,-10.89
"6cb1e0412309-105","groundnut",38.69,-10.9
"6cb1e0412309-106","groundnut",38.59,-10.82
"6cb1e0412309-107","groundnut",38.61,-10.81
"6cb1e0412309-108","groundnut",38.6,-10.81
"6cb1e0412309-109","groundnut",38.59,-10.82
"6cb1e0412309-110","groundnut",38.61,-10.82
"6cb1e0412309-111","groundnut",37.21,-11.04
"6cb1e0412309-112","groundnut",37.18,-11.04
"6cb1e0412309-113","groundnut",37.17,-11.05
"6cb1e0412309-114","groundnut",37.18,-11.04
"6cb1e0412309-115","groundnut",37.17,-11.04
"6cb1e0412309-116","groundnut",32.98,-9.05
"6cb1e0412309-117","groundnut",32.96,-9.04
"6cb1e0412309-118","groundnut",32.96,-9.03
"6cb1e0412309-119","groundnut",32.96,-9.05
"6cb1e0412309-120","groundnut",32.97,-9.06
"6cb1e0412309-121","groundnut",32.97,-9.07
"6cb1e0412309-122","groundnut",32.97,-9.03
"6cb1e0412309-123","groundnut",32.97,-9.05
"6cb1e0412309-124","groundnut",32.96,-9.03
"6cb1e0412309-125","groundnut",32.97,-9.05
"6cb1e0412309-126","groundnut",32.96,-9.04
"6cb1e0412309-127","groundnut",32.96,-9.05
"6cb1e0412309-128","groundnut",32.95,-9.05
"6cb1e0412309-129","groundnut",32.97,-9.07
"6cb1e0412309-130","groundnut",32.94,-9.06
"6cb1e0412309-131","groundnut",32.95,-9.07
"6cb1e0412309-133","groundnut",32.97,-9.05
"6cb1e0412309-134","groundnut",32.96,-9.05
"6cb1e0412309-135","groundnut",32.96,-9.04
"6cb1e0412309-136","groundnut",32.78,-9.12
"6cb1e0412309-137","groundnut",32.77,-9.11
"6cb1e0412309-138","groundnut",32.77,-9.11
"6cb1e0412309-139","groundnut",32.77,-9.11
"6cb1e0412309-140","groundnut",32.77,-9.11
"6cb1e0412309-141","groundnut",32.75,-9.12
"6cb1e0412309-142","groundnut",32.77,-9.1
"6cb1e0412309-143","groundnut",32.76,-9.1
"6cb1e0412309-144","groundnut",32.79,-9.13
"6cb1e0412309-145","groundnut",32.78,-9.12
"6cb1e0412309-146","groundnut",32.79,-9.13
"6cb1e0412309-147","groundnut",32.78,-9.12
"6cb1e0412309-148","groundnut",32.8,-9.13
"6cb1e0412309-149","groundnut",32.8,-9.12
"6cb1e0412309-150","groundnut",32.78,-9.14
"6cb1e0412309-151","groundnut",35.62,-5.83
"6cb1e0412309-152","groundnut",35.62,-5.94
"6cb1e0412309-153","groundnut",35.63,-5.94
"6cb1e0412309-154","groundnut",35.61,-5.92
"6cb1e0412309-155","groundnut",35.61,-5.92
"6cb1e0412309-156","groundnut",35.55,-5.94
"6cb1e0412309-157","groundnut",35.52,-5.89
"6cb1e0412309-158","groundnut",35.53,-5.89
"6cb1e0412309-159","groundnut",35.53,-5.9
"6cb1e0412309-160","groundnut",35.52,-5.9
"6cb1e0412309-161","groundnut",35.53,-5.9
"6cb1e0412309-164","groundnut",35.54,-5.94
"6cb1e0412309-165","groundnut",35.53,-5.95
"6cb1e0412309-167","groundnut",36.36,-6.23
"6cb1e0412309-168","groundnut",36.26,-6.13
"6cb1e0412309-169","groundnut",36.42,-6.19
"6cb1e0412309-170","groundnut",36.27,-6.13
"6cb1e0412309-171","groundnut",36.27,-6.11
"6cb1e0412309-172","groundnut",36.37,-6.54
"6cb1e0412309-173","groundnut",36.37,-6.55
"6cb1e0412309-174","groundnut",36.37,-6.55
"6cb1e0412309-175","groundnut",36.37,-6.54
"6cb1e0412309-176","groundnut",36.39,-6.98
"6cb1e0412309-177","groundnut",36.35,-7.03
"6cb1e0412309-178","groundnut",36.36,-7.01
"6cb1e0412309-179","groundnut",36.37,-6.99
"6cb1e0412309-180","groundnut",36.36,-7.05
"88f82a3f073e-1","potato",8.75,9.87
"88f82a3f073e-2","potato",8.73,9.89
"88f82a3f073e-3","potato",8.76,9.89
"88f82a3f073e-4","potato",8.75,9.88
"88f82a3f073e-5","potato",8.77,9.88
"88f82a3f073e-6","potato",8.75,9.86
"88f82a3f073e-7","potato",8.71,9.87
"88f82a3f073e-8","potato",8.72,9.89
"88f82a3f073e-9","potato",8.73,9.88
"88f82a3f073e-10","potato",8.73,9.88
"88f82a3f073e-11","potato",8.73,9.89
"88f82a3f073e-12","potato",8.73,9.88
"88f82a3f073e-13","potato",8.71,9.88
"88f82a3f073e-14","potato",8.73,9.89
"88f82a3f073e-15","potato",8.7,9.79
"88f82a3f073e-16","potato",8.66,9.82
"88f82a3f073e-17","potato",8.72,9.87
"88f82a3f073e-18","potato",8.77,9.89
"88f82a3f073e-19","potato",8.76,9.89
"88f82a3f073e-20","potato",8.71,9.88
"88f82a3f073e-21","potato",8.78,9.69
"88f82a3f073e-22","potato",8.76,9.69
"88f82a3f073e-23","potato",8.77,9.67
"88f82a3f073e-24","potato",8.78,9.69
"88f82a3f073e-25","potato",8.79,9.67
"88f82a3f073e-26","potato",8.78,9.66
"88f82a3f073e-27","potato",8.78,9.69
"88f82a3f073e-28","potato",8.79,9.69
"88f82a3f073e-29","potato",8.8,9.7
"88f82a3f073e-30","potato",8.78,9.7
"88f82a3f073e-31","potato",8.88,9.77
"88f82a3f073e-32","potato",8.89,9.77
"88f82a3f073e-33","potato",8.9,9.74
"88f82a3f073e-34","potato",8.9,9.77
"88f82a3f073e-35","potato",8.88,9.72
"88f82a3f073e-36","potato",8.91,9.73
"88f82a3f073e-37","potato",8.9,9.77
"88f82a3f073e-38","potato",8.9,9.77
"88f82a3f073e-39","potato",8.88,9.77
"88f82a3f073e-40","potato",8.87,9.77
"88f82a3f073e-41","potato",8.86,9.77
"88f82a3f073e-42","potato",8.86,9.78
"88f82a3f073e-43","potato",8.87,9.78
"88f82a3f073e-44","potato",8.87,9.77
"88f82a3f073e-45","potato",8.87,9.79
"88f82a3f073e-46","potato",8.86,9.77
"88f82a3f073e-47","potato",8.86,9.76
"88f82a3f073e-48","potato",8.99,9.9
"88f82a3f073e-49","potato",8.87,9.77
"88f82a3f073e-50","potato",8.83,9.72
"88f82a3f073e-51","potato",8.83,9.73
"88f82a3f073e-52","potato",8.85,9.71
"88f82a3f073e-53","potato",8.83,9.73
"88f82a3f073e-54","potato",8.85,9.73
"88f82a3f073e-55","potato",8.84,9.72
"88f82a3f073e-56","potato",8.84,9.74
"88f82a3f073e-57","potato",8.85,9.7
"88f82a3f073e-58","potato",8.84,9.7
"88f82a3f073e-59","potato",8.84,9.75
"88f82a3f073e-60","potato",8.85,9.72
"88f82a3f073e-61","potato",8.92,9.64
"88f82a3f073e-62","potato",8.92,9.59
"88f82a3f073e-63","potato",8.94,9.63
"88f82a3f073e-64","potato",8.98,9.52
"88f82a3f073e-65","potato",8.89,9.6
"88f82a3f073e-66","potato",8.97,9.51
"88f82a3f073e-67","potato",8.91,9.69
"88f82a3f073e-68","potato",8.94,9.58
"88f82a3f073e-69","potato",8.93,9.63
"88f82a3f073e-70","potato",9.01,9.51
"88f82a3f073e-71","potato",8.89,9.68
"88f82a3f073e-72","potato",8.9,9.53
"88f82a3f073e-73","potato",8.94,9.58
"88f82a3f073e-74","potato",8.99,9.53
"88f82a3f073e-75","potato",8.91,9.57
"88f82a3f073e-76","potato",8.89,9.58
"88f82a3f073e-77","potato",8.95,9.58
"88f82a3f073e-78","potato",8.91,9.57
"88f82a3f073e-79","potato",8.9,9.69
"88f82a3f073e-80","potato",8.9,9.68
"88f82a3f073e-81","potato",8.99,9.51
"88f82a3f073e-82","potato",8.96,9.6
"88f82a3f073e-83","potato",8.93,9.6
"88f82a3f073e-84","potato",8.89,9.57
"88f82a3f073e-85","potato",8.91,9.68
"88f82a3f073e-86","potato",8.94,9.61
"88f82a3f073e-87","potato",8.92,9.7
"88f82a3f073e-88","potato",8.9,9.58
"88f82a3f073e-89","potato",8.99,9.48
"88f82a3f073e-90","potato",8.91,9.7
"88f82a3f073e-91","potato",8.94,9.63
"88f82a3f073e-92","potato",8.93,9.63
"88f82a3f073e-93","potato",8.9,9.73
"88f82a3f073e-94","potato",9,9.48
"88f82a3f073e-95","potato",8.97,9.47
"88f82a3f073e-96","potato",9,9.48
"88f82a3f073e-97","potato",8.94,9.63
"88f82a3f073e-98","potato",8.91,9.73
"88f82a3f073e-99","potato",8.91,9.55
"88f82a3f073e-100","potato",8.89,9.58
"88f82a3f073e-101","potato",8.95,9.64
"88f82a3f073e-102","potato",8.99,9.47
"88f82a3f073e-103","potato",8.9,9.54
"88f82a3f073e-104","potato",8.91,9.59
"88f82a3f073e-105","potato",8.91,9.58
"88f82a3f073e-106","potato",8.89,9.56
"88f82a3f073e-107","potato",8.91,9.59
"88f82a3f073e-108","potato",8.89,9.61
"88f82a3f073e-109","potato",8.92,9.56
"88f82a3f073e-110","potato",8.89,9.61
"88f82a3f073e-111","potato",9.11,9.5
"88f82a3f073e-112","potato",9.17,9.48
"88f82a3f073e-113","potato",9.16,9.49
"88f82a3f073e-114","potato",9.15,9.48
"88f82a3f073e-115","potato",9.19,9.32
"88f82a3f073e-116","potato",9.16,9.26
"88f82a3f073e-117","potato",9.15,9.52
"88f82a3f073e-118","potato",9.23,9.32
"88f82a3f073e-119","potato",9.19,9.41
"88f82a3f073e-120","potato",9.21,9.33
"88f82a3f073e-122","potato",9.14,9.5
"88f82a3f073e-123","potato",9.15,9.49
"88f82a3f073e-124","potato",9.13,9.48
"88f82a3f073e-125","potato",9.19,9.29
"88f82a3f073e-126","potato",9.15,9.49
"88f82a3f073e-127","potato",9.2,9.38
"88f82a3f073e-128","potato",9.15,9.49
"88f82a3f073e-129","potato",9.14,9.48
"88f82a3f073e-130","potato",9.18,9.26
"88f82a3f073e-131","potato",9.12,9.45
"88f82a3f073e-132","potato",9.23,9.34
"88f82a3f073e-133","potato",9.24,9.36
"88f82a3f073e-134","potato",9.15,9.49
"88f82a3f073e-135","potato",9.32,9.41
"88f82a3f073e-136","potato",9.18,9.27
"88f82a3f073e-137","potato",9.18,9.28
"88f82a3f073e-138","potato",9.18,9.32
"88f82a3f073e-139","potato",9.2,9.32
"88f82a3f073e-140","potato",9.18,9.24
"88f82a3f073e-141","potato",9.16,9.28
"88f82a3f073e-142","potato",9.17,9.33
"88f82a3f073e-143","potato",9.2,9.35
"88f82a3f073e-144","potato",9.17,9.35
"88f82a3f073e-145","potato",9.2,9.34
"88f82a3f073e-146","potato",9.2,9.34
"88f82a3f073e-147","potato",9.19,9.31
"88f82a3f073e-148","potato",9.17,9.33
"88f82a3f073e-149","potato",9.23,9.35
"88f82a3f073e-150","potato",9.2,9.35
"88f82a3f073e-151","potato",9.14,9.48
"88f82a3f073e-152","potato",9.16,9.33
"88f82a3f073e-153","potato",9.17,9.28
"88f82a3f073e-154","potato",9.18,9.32
"88f82a3f073e-155","potato",9.19,9.32
"88f82a3f073e-156","potato",9.21,9.4
"88f82a3f073e-157","potato",9.28,9.4
"88f82a3f073e-158","potato",9.31,9.42
"88f82a3f073e-159","potato",9.27,9.41
"88f82a3f073e-160","potato",9.29,9.4
"88f82a3f073e-161","potato",9.15,9.49
"88f82a3f073e-162","potato",9.27,9.41
"88f82a3f073e-164","potato",9.28,9.41
"88f82a3f073e-165","potato",9.23,9.41
"88f82a3f073e-166","potato",9.18,9.4
"88f82a3f073e-167","potato",9.23,9.42
"88f82a3f073e-168","potato",9.22,9.42
"88f82a3f073e-169","potato",9.15,9.49
"88f82a3f073e-170","potato",9.2,9.44
"88f82a3f073e-171","potato",9.22,9.4
"88f82a3f073e-172","potato",9.2,9.42
"88f82a3f073e-173","potato",9.19,9.31
"88f82a3f073e-174","potato",9.12,9.45
"88f82a3f073e-175","potato",9.14,9.43
"88f82a3f073e-176","potato",9.15,9.44
"88f82a3f073e-177","potato",9.23,9.6
"88f82a3f073e-178","potato",9.23,9.59
"88f82a3f073e-179","potato",9.23,9.57
"88f82a3f073e-180","potato",9.15,9.45
"88f82a3f073e-181","potato",8.97,9.32
"88f82a3f073e-182","potato",8.97,9.32
"88f82a3f073e-183","potato",8.98,9.33
"88f82a3f073e-184","potato",8.97,9.36
"88f82a3f073e-185","potato",8.97,9.34
"88f82a3f073e-186","potato",8.97,9.32
"88f82a3f073e-187","potato",8.97,9.37
"88f82a3f073e-188","potato",8.95,9.36
"88f82a3f073e-189","potato",8.97,9.33
"88f82a3f073e-190","potato",8.97,9.34
"88f82a3f073e-191","potato",8.95,9.35
"88f82a3f073e-192","potato",8.97,9.33
"88f82a3f073e-193","potato",8.97,9.35
"88f82a3f073e-194","potato",8.96,9.35
"88f82a3f073e-195","potato",8.94,9.32
"88f82a3f073e-196","potato",8.97,9.36
"88f82a3f073e-197","potato",8.96,9.36
"88f82a3f073e-198","potato",8.96,9.39
"88f82a3f073e-199","potato",8.94,9.33
"88f82a3f073e-200","potato",8.97,9.37
"88f82a3f073e-201","potato",8.96,9.33
"88f82a3f073e-202","potato",8.95,9.41
"88f82a3f073e-203","potato",8.97,9.33
"88f82a3f073e-204","potato",8.97,9.32
"88f82a3f073e-205","potato",8.95,9.34
"88f82a3f073e-206","potato",8.97,9.34
"88f82a3f073e-207","potato",8.96,9.33
"88f82a3f073e-208","potato",8.97,9.4
"88f82a3f073e-209","potato",8.96,9.34
"88f82a3f073e-210","potato",8.95,9.35
"88f82a3f073e-211","potato",9,9.3
"88f82a3f073e-212","potato",9.02,9.38
"88f82a3f073e-213","potato",8.97,9.39
"88f82a3f073e-214","potato",8.93,9.32
"88f82a3f073e-215","potato",8.94,9.33
"88f82a3f073e-216","potato",8.88,9.36
"88f82a3f073e-217","potato",8.89,9.35
"88f82a3f073e-218","potato",8.91,9.26
"88f82a3f073e-219","potato",8.91,9.26
"88f82a3f073e-220","potato",8.9,9.26
"88f82a3f073e-221","potato",8.9,9.25
"88f82a3f073e-222","potato",9.09,9.35
"88f82a3f073e-223","potato",9.06,9.33
"88f82a3f073e-224","potato",9.04,9.32
"88f82a3f073e-225","potato",9.03,9.22
"88f82a3f073e-226","potato",9.07,9.2
"88f82a3f073e-227","potato",8.88,9.35
"88f82a3f073e-228","potato",8.97,9.35
"88f82a3f073e-229","potato",8.9,9.24
"88f82a3f073e-230","potato",8.92,9.24
"88f82a3f073e-231","potato",8.92,9.33
"88f82a3f073e-232","potato",9.01,9.31
"88f82a3f073e-233","potato",8.96,9.35
"88f82a3f073e-234","potato",9,9.31
"88f82a3f073e-235","potato",9.02,9.31
"88f82a3f073e-236","potato",8.9,9.27
"88f82a3f073e-237","potato",9.02,9.3
"88f82a3f073e-238","potato",8.98,9.32
"88f82a3f073e-239","potato",8.96,9.34
"88f82a3f073e-240","potato",8.97,9.35
"88f82a3f073e-241","potato",8.93,9.33
"88f82a3f073e-242","potato",8.95,9.34
"88f82a3f073e-243","potato",8.87,9.24
"88f82a3f073e-244","potato",8.96,9.35
"88f82a3f073e-245","potato",8.96,9.35
"88f82a3f073e-246","potato",8.84,9.2
"88f82a3f073e-247","potato",8.95,9.34
"88f82a3f073e-248","potato",8.95,9.34
"88f82a3f073e-249","potato",8.96,9.33
"88f82a3f073e-250","potato",9.02,9.37
"88f82a3f073e-251","potato",8.96,9.34
"88f82a3f073e-252","potato",8.96,9.35
"88f82a3f073e-253","potato",8.88,9.35
"88f82a3f073e-254","potato",9.03,9.24
"88f82a3f073e-255","potato",8.98,9.35
"88f82a3f073e-256","potato",8.97,9.38
"88f82a3f073e-257","potato",8.96,9.32
"88f82a3f073e-258","potato",8.98,9.33
"88f82a3f073e-259","potato",9.03,9.32
"88f82a3f073e-260","potato",8.95,9.29
"88f82a3f073e-261","potato",9.33,9.39
"88f82a3f073e-262","potato",9.36,9.41
"88f82a3f073e-263","potato",9.37,9.42
"88f82a3f073e-264","potato",9.34,9.4
"88f82a3f073e-265","potato",9.33,9.4
"88f82a3f073e-266","potato",9.38,9.4
"88f82a3f073e-267","potato",9.39,9.41
"88f82a3f073e-268","potato",9.4,9.41
"88f82a3f073e-269","potato",9.39,9.43
"88f82a3f073e-270","potato",9.38,9.39
"88f82a3f073e-271","potato",9.34,9.39
"88f82a3f073e-272","potato",9.34,9.41
"88f82a3f073e-273","potato",9.33,9.39
"88f82a3f073e-274","potato",9.36,9.37
"88f82a3f073e-275","potato",9.38,9.33
"88f82a3f073e-276","potato",9.33,9.37
"88f82a3f073e-277","potato",9.37,9.33
"88f82a3f073e-278","potato",9.34,9.4
"88f82a3f073e-279","potato",9.43,9.33
"88f82a3f073e-280","potato",9.48,9.3
"88f82a3f073e-281","potato",9.37,9.38
"88f82a3f073e-282","potato",9.33,9.37
"88f82a3f073e-283","potato",9.36,9.39
"88f82a3f073e-284","potato",9.36,9.37
"88f82a3f073e-285","potato",9.4,9.36
"88f82a3f073e-286","potato",9.37,9.37
"88f82a3f073e-287","potato",9.35,9.38
"88f82a3f073e-288","potato",9.34,9.38
"88f82a3f073e-289","potato",9.35,9.37
"88f82a3f073e-290","potato",9.39,9.36
"88f82a3f073e-291","potato",9.36,9.38
"88f82a3f073e-292","potato",9.39,9.34
"88f82a3f073e-293","potato",9.38,9.36
"88f82a3f073e-294","potato",9.39,9.34
"88f82a3f073e-295","potato",9.41,9.32
"88f82a3f073e-296","potato",9.44,9.32
"88f82a3f073e-297","potato",9.37,9.36
"88f82a3f073e-298","potato",9.42,9.34
"88f82a3f073e-299","potato",9.37,9.33
"88f82a3f073e-300","potato",9.43,9.33
"e50f1e31d485-1","cowpea",7.55,12.48
"e50f1e31d485-2","cowpea",7.56,12.49
"e50f1e31d485-3","cowpea",7.56,12.49
"e50f1e31d485-4","cowpea",7.54,12.48
"e50f1e31d485-5","cowpea",7.55,12.48
"e50f1e31d485-6","cowpea",7.56,12.48
"e50f1e31d485-7","cowpea",7.57,12.49
"e50f1e31d485-8","cowpea",7.56,12.49
"e50f1e31d485-9","cowpea",7.55,12.48
"e50f1e31d485-10","cowpea",7.51,12.41
"e50f1e31d485-11","cowpea",7.51,12.43
"e50f1e31d485-12","cowpea",7.51,12.42
"e50f1e31d485-13","cowpea",7.51,12.42
"e50f1e31d485-14","cowpea",7.5,12.43
"e50f1e31d485-15","cowpea",7.45,12.39
"e50f1e31d485-16","cowpea",7.5,12.45
"e50f1e31d485-17","cowpea",7.45,12.43
"e50f1e31d485-18","cowpea",7.44,12.43
"e50f1e31d485-19","cowpea",7.47,12.45
"e50f1e31d485-20","cowpea",7.46,12.45
"e50f1e31d485-21","cowpea",8.81,11.64
"e50f1e31d485-22","cowpea",8.81,11.65
"e50f1e31d485-23","cowpea",8.83,11.64
"e50f1e31d485-24","cowpea",8.83,11.64
"e50f1e31d485-25","cowpea",8.83,11.66
"e50f1e31d485-26","cowpea",8.82,11.65
"e50f1e31d485-27","cowpea",8.83,11.64
"e50f1e31d485-28","cowpea",8.81,11.65
"e50f1e31d485-29","cowpea",8.81,11.64
"e50f1e31d485-30","cowpea",8.82,11.64
"e50f1e31d485-31","cowpea",8.83,11.65
"e50f1e31d485-32","cowpea",8.83,11.63
"e50f1e31d485-33","cowpea",8.82,11.66
"e50f1e31d485-34","cowpea",8.82,11.64
"e50f1e31d485-35","cowpea",8.81,11.63
"e50f1e31d485-36","cowpea",8.82,11.65
"e50f1e31d485-37","cowpea",8.82,11.65
"e50f1e31d485-38","cowpea",8.81,11.64
"e50f1e31d485-39","cowpea",8.81,11.64
"e50f1e31d485-40","cowpea",8.83,11.64
"e50f1e31d485-41","cowpea",7.73,12.48
"e50f1e31d485-42","cowpea",7.74,12.48
"e50f1e31d485-43","cowpea",7.72,12.5
"e50f1e31d485-44","cowpea",7.74,12.48
"e50f1e31d485-45","cowpea",7.74,12.49
"e50f1e31d485-46","cowpea",7.74,12.49
"e50f1e31d485-47","cowpea",7.75,12.49
"e50f1e31d485-48","cowpea",7.75,12.49
"e50f1e31d485-49","cowpea",7.76,12.5
"e50f1e31d485-50","cowpea",7.74,12.51
"e50f1e31d485-51","cowpea",7.75,12.5
"e50f1e31d485-52","cowpea",7.73,12.49
"e50f1e31d485-53","cowpea",7.73,12.5
"e50f1e31d485-54","cowpea",7.75,12.52
"e50f1e31d485-55","cowpea",7.74,12.52
"e50f1e31d485-56","cowpea",7.7,12.47
"e50f1e31d485-57","cowpea",7.7,12.48
"e50f1e31d485-58","cowpea",7.77,12.5
"e50f1e31d485-59","cowpea",7.74,12.46
"e50f1e31d485-60","cowpea",7.73,12.49
"e50f1e31d485-61","cowpea",9.19,12.01
"e50f1e31d485-62","cowpea",9.19,12.01
"e50f1e31d485-63","cowpea",9.18,11.99
"e50f1e31d485-64","cowpea",9.19,12
"e50f1e31d485-65","cowpea",9.2,12
"e50f1e31d485-66","cowpea",9.21,11.99
"e50f1e31d485-67","cowpea",9.19,11.99
"e50f1e31d485-68","cowpea",9.19,11.99
"e50f1e31d485-69","cowpea",9.18,11.99
"e50f1e31d485-70","cowpea",9.03,11.97
"e50f1e31d485-71","cowpea",9.18,11.99
"e50f1e31d485-72","cowpea",9.05,11.97
"e50f1e31d485-73","cowpea",9.2,11.99
"e50f1e31d485-74","cowpea",9.19,11.99
"e50f1e31d485-75","cowpea",9.18,11.98
"e50f1e31d485-76","cowpea",9.19,11.99
"e50f1e31d485-77","cowpea",9.18,11.99
"e50f1e31d485-78","cowpea",9.2,11.98
"e50f1e31d485-79","cowpea",9.18,11.99
"e50f1e31d485-80","cowpea",9.2,11.99
"e50f1e31d485-81","cowpea",9.6,12.22
"e50f1e31d485-82","cowpea",9.61,12.23
"e50f1e31d485-83","cowpea",9.71,12.2
"e50f1e31d485-84","cowpea",9.61,12.03
"e50f1e31d485-85","cowpea",9.61,12.21
"e50f1e31d485-86","cowpea",9.63,12.02
"e50f1e31d485-87","cowpea",9.65,12.2
"e50f1e31d485-88","cowpea",9.66,12.22
"e50f1e31d485-89","cowpea",9.66,12.22
"e50f1e31d485-90","cowpea",9.62,12.03
"e50f1e31d485-91","cowpea",9.72,12.2
"e50f1e31d485-92","cowpea",9.61,12.02
"e50f1e31d485-93","cowpea",9.65,12.21
"e50f1e31d485-94","cowpea",9.6,12.03
"e50f1e31d485-95","cowpea",9.67,12.22
"e50f1e31d485-96","cowpea",9.62,12.04
"e50f1e31d485-97","cowpea",9.71,12.21
"e50f1e31d485-98","cowpea",9.68,12.22
"e50f1e31d485-99","cowpea",9.6,12.01
"e50f1e31d485-100","cowpea",9.72,12.19
"e50f1e31d485-101","cowpea",8.52,12.43
"e50f1e31d485-102","cowpea",8.5,12.45
"e50f1e31d485-103","cowpea",8.51,12.45
"e50f1e31d485-104","cowpea",8.52,12.45
"e50f1e31d485-105","cowpea",8.55,12.44
"e50f1e31d485-106","cowpea",8.56,12.45
"e50f1e31d485-107","cowpea",8.56,12.44
"e50f1e31d485-108","cowpea",8.53,12.34
"e50f1e31d485-109","cowpea",8.54,12.44
"e50f1e31d485-110","cowpea",8.52,12.45
"e50f1e31d485-111","cowpea",8.51,12.43
"e50f1e31d485-112","cowpea",8.56,12.44
"e50f1e31d485-113","cowpea",8.52,12.43
"e50f1e31d485-114","cowpea",8.51,12.45
"e50f1e31d485-115","cowpea",8.51,12.44
"e50f1e31d485-116","cowpea",8.52,12.43
"e50f1e31d485-117","cowpea",8.54,12.45
"e50f1e31d485-118","cowpea",8.52,12.45
"e50f1e31d485-119","cowpea",8.55,12.45
"e50f1e31d485-120","cowpea",8.51,12.43
"e50f1e31d485-121","cowpea",9.86,12.59
"e50f1e31d485-122","cowpea",9.85,12.58
"e50f1e31d485-123","cowpea",9.92,12.52
"e50f1e31d485-124","cowpea",9.93,12.53
"e50f1e31d485-125","cowpea",9.91,12.54
"e50f1e31d485-126","cowpea",9.87,12.56
"e50f1e31d485-127","cowpea",9.89,12.62
"e50f1e31d485-128","cowpea",9.9,12.62
"e50f1e31d485-129","cowpea",9.88,12.61
"e50f1e31d485-130","cowpea",9.85,12.59
"e50f1e31d485-131","cowpea",9.89,12.61
"e50f1e31d485-132","cowpea",9.86,12.57
"e50f1e31d485-133","cowpea",9.86,12.59
"e50f1e31d485-134","cowpea",9.99,12.57
"e50f1e31d485-135","cowpea",9.99,12.57
"e50f1e31d485-136","cowpea",9.95,12.55
"e50f1e31d485-137","cowpea",9.88,12.53
"e50f1e31d485-138","cowpea",9.89,12.53
"e50f1e31d485-139","cowpea",9.89,12.55
"e50f1e31d485-140","cowpea",9.86,12.59
"e50f1e31d485-141","cowpea",7.98,12.47
"e50f1e31d485-142","cowpea",7.96,12.46
"e50f1e31d485-143","cowpea",7.96,12.46
"e50f1e31d485-144","cowpea",7.97,12.46
"e50f1e31d485-145","cowpea",7.84,12.57
"e50f1e31d485-146","cowpea",7.79,12.6
"e50f1e31d485-147","cowpea",7.74,12.66
"e50f1e31d485-148","cowpea",7.73,12.7
"e50f1e31d485-149","cowpea",7.7,12.75
"e50f1e31d485-150","cowpea",7.7,12.78
"e50f1e31d485-151","cowpea",7.68,12.84
"e50f1e31d485-152","cowpea",7.67,12.87
"e50f1e31d485-153","cowpea",7.65,12.9
"e50f1e31d485-154","cowpea",7.65,12.9
"e50f1e31d485-155","cowpea",7.64,12.95
"e50f1e31d485-156","cowpea",7.63,12.96
"e50f1e31d485-157","cowpea",7.61,12.98
"e50f1e31d485-158","cowpea",7.61,12.95
"e50f1e31d485-159","cowpea",7.73,12.66
"e50f1e31d485-160","cowpea",7.74,12.63
"e50f1e31d485-161","cowpea",7.98,12.06
"e50f1e31d485-162","cowpea",7.98,12.04
"e50f1e31d485-163","cowpea",7.99,12.06
"e50f1e31d485-164","cowpea",8.01,12.03
"e50f1e31d485-165","cowpea",8.01,12.03
"e50f1e31d485-166","cowpea",8.02,12.04
"e50f1e31d485-167","cowpea",8.01,12.03
"e50f1e31d485-168","cowpea",8.02,12.03
"e50f1e31d485-169","cowpea",8.02,12.04
"e50f1e31d485-170","cowpea",8,12.03
"e50f1e31d485-171","cowpea",8.01,12.05
"e50f1e31d485-172","cowpea",8,12.03
"e50f1e31d485-173","cowpea",7.99,12.04
"e50f1e31d485-174","cowpea",7.98,12.06
"e50f1e31d485-175","cowpea",8.01,12.03
"e50f1e31d485-176","cowpea",8,12.03
"e50f1e31d485-177","cowpea",8,12.04
"e50f1e31d485-178","cowpea",8,12.04
"e50f1e31d485-179","cowpea",8.01,12.05
"e50f1e31d485-180","cowpea",8.01,12.03
"e50f1e31d485-181","cowpea",9.66,12.65
"e50f1e31d485-182","cowpea",9.67,12.64
"e50f1e31d485-183","cowpea",9.65,12.64
"e50f1e31d485-184","cowpea",9.66,12.63
"e50f1e31d485-185","cowpea",9.66,12.64
"e50f1e31d485-186","cowpea",9.65,12.63
"e50f1e31d485-187","cowpea",9.67,12.63
"e50f1e31d485-188","cowpea",9.69,12.61
"e50f1e31d485-189","cowpea",9.65,12.63
"e50f1e31d485-190","cowpea",9.7,12.62
"e50f1e31d485-191","cowpea",9.69,12.6
"e50f1e31d485-192","cowpea",9.68,12.6
"e50f1e31d485-193","cowpea",9.7,12.61
"e50f1e31d485-194","cowpea",9.68,12.6
"e50f1e31d485-195","cowpea",9.67,12.62
"e50f1e31d485-196","cowpea",9.68,12.61
"e50f1e31d485-197","cowpea",9.68,12.63
"e50f1e31d485-198","cowpea",9.68,12.62
"e50f1e31d485-199","cowpea",9.68,12.61
"e50f1e31d485-200","cowpea",9.69,12.61
"e50f1e31d485-201","cowpea",8.3,12
"e50f1e31d485-202","cowpea",8.33,12
"e50f1e31d485-203","cowpea",8.33,12.01
"e50f1e31d485-204","cowpea",8.32,11.99
"e50f1e31d485-205","cowpea",8.33,12
"e50f1e31d485-206","cowpea",8.33,12
"e50f1e31d485-207","cowpea",8.32,11.99
"e50f1e31d485-208","cowpea",8.32,12.02
"e50f1e31d485-209","cowpea",8.32,12.02
"e50f1e31d485-210","cowpea",8.33,12
"e50f1e31d485-211","cowpea",8.33,12.01
"e50f1e31d485-212","cowpea",8.33,12
"e50f1e31d485-213","cowpea",8.34,11.97
"e50f1e31d485-214","cowpea",8.33,12
"e50f1e31d485-215","cowpea",8.33,12
"e50f1e31d485-216","cowpea",8.34,12
"e50f1e31d485-217","cowpea",8.31,11.99
"e50f1e31d485-218","cowpea",8.31,12.01
"e50f1e31d485-219","cowpea",8.34,12
"e50f1e31d485-220","cowpea",8.32,12
"e50f1e31d485-221","cowpea",9.28,12.24
"e50f1e31d485-222","cowpea",9.27,12.26
"e50f1e31d485-223","cowpea",9.28,12.27
"e50f1e31d485-224","cowpea",9.28,12.29
"e50f1e31d485-225","cowpea",9.26,12.28
"e50f1e31d485-226","cowpea",9.26,12.26
"e50f1e31d485-227","cowpea",9.27,12.27
"e50f1e31d485-228","cowpea",9.26,12.27
"e50f1e31d485-229","cowpea",9.26,12.28
"e50f1e31d485-230","cowpea",9.24,12.29
"e50f1e31d485-231","cowpea",9.25,12.29
"e50f1e31d485-232","cowpea",9.26,12.29
"e50f1e31d485-233","cowpea",9.26,12.3
"e50f1e31d485-234","cowpea",9.25,12.29
"e50f1e31d485-235","cowpea",9.27,12.28
"e50f1e31d485-236","cowpea",9.26,12.29
"e50f1e31d485-237","cowpea",9.25,12.28
"e50f1e31d485-238","cowpea",9.25,12.27
"e50f1e31d485-239","cowpea",9.27,12.28
"e50f1e31d485-240","cowpea",9.26,12.28
"e50f1e31d485-241","cowpea",8.34,12.1
"e50f1e31d485-242","cowpea",8.34,12.09
"e50f1e31d485-243","cowpea",8.32,12.09
"e50f1e31d485-244","cowpea",8.34,12.11
"e50f1e31d485-245","cowpea",8.33,12.11
"e50f1e31d485-246","cowpea",8.34,12.11
"e50f1e31d485-247","cowpea",8.33,12.1
"e50f1e31d485-248","cowpea",8.35,12.1
"e50f1e31d485-249","cowpea",8.34,12.11
"e50f1e31d485-250","cowpea",8.33,12.09
"e50f1e31d485-251","cowpea",8.33,12.11
"e50f1e31d485-252","cowpea",8.33,12.09
"e50f1e31d485-253","cowpea",8.34,12.09
"e50f1e31d485-254","cowpea",8.33,12.1
"e50f1e31d485-255","cowpea",8.33,12.11
"e50f1e31d485-256","cowpea",8.33,12.1
"e50f1e31d485-257","cowpea",8.34,12.11
"e50f1e31d485-258","cowpea",8.33,12.1
"e50f1e31d485-259","cowpea",8.33,12.09
"e50f1e31d485-260","cowpea",8.34,12.09
"e50f1e31d485-261","cowpea",8.81,11.74
"e50f1e31d485-262","cowpea",8.81,11.75
"e50f1e31d485-263","cowpea",8.81,11.74
"e50f1e31d485-264","cowpea",8.82,11.75
"e50f1e31d485-265","cowpea",8.81,11.74
"e50f1e31d485-266","cowpea",8.8,11.75
"e50f1e31d485-267","cowpea",8.81,11.76
"e50f1e31d485-268","cowpea",8.81,11.74
"e50f1e31d485-269","cowpea",8.82,11.74
"e50f1e31d485-270","cowpea",8.83,11.76
"e50f1e31d485-271","cowpea",8.82,11.76
"e50f1e31d485-272","cowpea",8.83,11.75
"e50f1e31d485-273","cowpea",8.84,11.77
"e50f1e31d485-274","cowpea",8.83,11.76
"e50f1e31d485-275","cowpea",8.82,11.77
"e50f1e31d485-276","cowpea",8.83,11.76
"e50f1e31d485-277","cowpea",8.8,11.76
"e50f1e31d485-278","cowpea",8.81,11.76
"e50f1e31d485-279","cowpea",8.82,11.75
"e50f1e31d485-280","cowpea",8.81,11.76
"e50f1e31d485-281","cowpea",8.2,12.17
"e50f1e31d485-282","cowpea",8.19,12.16
"e50f1e31d485-283","cowpea",8.21,12.15
"e50f1e31d485-284","cowpea",8.21,12.16
"e50f1e31d485-285","cowpea",8.19,12.16
"e50f1e31d485-286","cowpea",8.2,12.17
"e50f1e31d485-287","cowpea",8.22,12.18
"e50f1e31d485-288","cowpea",8.22,12.18
"e50f1e31d485-289","cowpea",8.23,12.19
"e50f1e31d485-290","cowpea",8.24,12.21
"e50f1e31d485-291","cowpea",8.23,12.22
"e50f1e31d485-292","cowpea",8.19,12.16
"e50f1e31d485-293","cowpea",8.2,12.15
"e50f1e31d485-294","cowpea",8.19,12.16
"e50f1e31d485-295","cowpea",8.21,12.16
"e50f1e31d485-296","cowpea",8.24,12.22
"e50f1e31d485-297","cowpea",8.23,12.16
"e50f1e31d485-298","cowpea",8.22,12.16
"e50f1e31d485-299","cowpea",8.24,12.22
"e50f1e31d485-300","cowpea",8.23,12.19
"e50f1e31d485-301","cowpea",7.9,11.89
"e50f1e31d485-302","cowpea",8.01,11.91
"e50f1e31d485-303","cowpea",7.99,11.92
"e50f1e31d485-304","cowpea",7.97,11.93
"e50f1e31d485-305","cowpea",7.89,11.88
"e50f1e31d485-306","cowpea",7.98,11.93
"e50f1e31d485-307","cowpea",8.01,11.92
"e50f1e31d485-308","cowpea",7.9,11.89
"e50f1e31d485-309","cowpea",8,11.93
"e50f1e31d485-310","cowpea",7.98,11.93
"e50f1e31d485-311","cowpea",8.01,11.93
"e50f1e31d485-312","cowpea",7.99,11.94
"e50f1e31d485-313","cowpea",7.99,11.92
"e50f1e31d485-314","cowpea",8.01,11.91
"e50f1e31d485-315","cowpea",7.9,11.89
"e50f1e31d485-316","cowpea",8,11.93
"e50f1e31d485-317","cowpea",7.98,11.92
"e50f1e31d485-318","cowpea",8,11.92
"e50f1e31d485-319","cowpea",8,11.92
"e50f1e31d485-320","cowpea",8.01,11.94
"e50f1e31d485-321","cowpea",7.98,11.94
"e50f1e31d485-322","cowpea",8,11.92
"e50f1e31d485-323","cowpea",8,11.93
"e50f1e31d485-324","cowpea",8,11.93
"55a12afa27be-1","cowpea",7.43,12.4
"55a12afa27be-2","cowpea",7.46,12.36
"55a12afa27be-3","cowpea",7.44,12.41
"55a12afa27be-4","cowpea",7.47,12.38
"55a12afa27be-5","cowpea",7.5,12.44
"55a12afa27be-6","cowpea",7.46,12.39
"55a12afa27be-7","cowpea",7.46,12.37
"55a12afa27be-8","cowpea",7.45,12.39
"55a12afa27be-9","cowpea",7.45,12.4
"55a12afa27be-10","cowpea",7.44,12.36
"55a12afa27be-11","cowpea",7.44,12.39
"55a12afa27be-12","cowpea",7.48,12.5
"55a12afa27be-13","cowpea",7.48,12.54
"55a12afa27be-14","cowpea",7.49,12.48
"55a12afa27be-15","cowpea",7.47,12.54
"55a12afa27be-16","cowpea",7.47,12.45
"55a12afa27be-17","cowpea",7.48,12.53
"55a12afa27be-18","cowpea",7.44,12.41
"55a12afa27be-19","cowpea",7.45,12.37
"55a12afa27be-20","cowpea",7.47,12.49
"55a12afa27be-21","cowpea",8.8,11.66
"55a12afa27be-22","cowpea",8.82,11.64
"55a12afa27be-23","cowpea",8.81,11.64
"55a12afa27be-24","cowpea",8.8,11.65
"55a12afa27be-25","cowpea",8.8,11.65
"55a12afa27be-26","cowpea",8.79,11.64
"55a12afa27be-27","cowpea",8.81,11.64
"55a12afa27be-28","cowpea",8.82,11.64
"55a12afa27be-29","cowpea",8.82,11.65
"55a12afa27be-30","cowpea",8.81,11.68
"55a12afa27be-31","cowpea",8.8,11.68
"55a12afa27be-32","cowpea",8.82,11.69
"55a12afa27be-33","cowpea",8.81,11.69
"55a12afa27be-34","cowpea",8.79,11.65
"55a12afa27be-35","cowpea",8.82,11.63
"55a12afa27be-36","cowpea",8.83,11.64
"55a12afa27be-37","cowpea",8.83,11.64
"55a12afa27be-38","cowpea",8.81,11.64
"55a12afa27be-39","cowpea",8.82,11.63
"55a12afa27be-40","cowpea",8.82,11.64
"55a12afa27be-41","cowpea",7.97,12.45
"55a12afa27be-42","cowpea",7.97,12.44
"55a12afa27be-43","cowpea",7.98,12.47
"55a12afa27be-44","cowpea",7.97,12.47
"55a12afa27be-45","cowpea",7.96,12.47
"55a12afa27be-46","cowpea",7.97,12.46
"55a12afa27be-47","cowpea",7.97,12.46
"55a12afa27be-48","cowpea",7.95,12.46
"55a12afa27be-49","cowpea",7.99,12.46
"55a12afa27be-50","cowpea",7.97,12.45
"55a12afa27be-51","cowpea",7.98,12.46
"55a12afa27be-52","cowpea",7.96,12.43
"55a12afa27be-53","cowpea",7.96,12.45
"55a12afa27be-54","cowpea",7.96,12.45
"55a12afa27be-55","cowpea",7.99,12.46
"55a12afa27be-56","cowpea",7.99,12.46
"55a12afa27be-57","cowpea",7.97,12.45
"55a12afa27be-58","cowpea",7.98,12.45
"55a12afa27be-59","cowpea",7.98,12.44
"55a12afa27be-60","cowpea",7.97,12.44
"55a12afa27be-61","cowpea",7.71,12.42
"55a12afa27be-62","cowpea",7.73,12.5
"55a12afa27be-63","cowpea",7.71,12.42
"55a12afa27be-64","cowpea",7.7,12.41
"55a12afa27be-65","cowpea",7.71,12.41
"55a12afa27be-66","cowpea",7.75,12.51
"55a12afa27be-67","cowpea",7.73,12.49
"55a12afa27be-68","cowpea",7.73,12.5
"55a12afa27be-69","cowpea",7.75,12.48
"55a12afa27be-70","cowpea",7.73,12.49
"55a12afa27be-71","cowpea",7.73,12.5
"55a12afa27be-72","cowpea",7.73,12.5
"55a12afa27be-73","cowpea",7.73,12.49
"55a12afa27be-74","cowpea",7.74,12.47
"55a12afa27be-75","cowpea",7.75,12.49
"55a12afa27be-76","cowpea",7.73,12.5
"55a12afa27be-77","cowpea",7.74,12.48
"55a12afa27be-78","cowpea",7.74,12.49
"55a12afa27be-79","cowpea",7.72,12.48
"55a12afa27be-80","cowpea",7.74,12.51
"55a12afa27be-81","cowpea",9,12
"55a12afa27be-82","cowpea",9.06,12.01
"55a12afa27be-83","cowpea",9.03,11.96
"55a12afa27be-84","cowpea",9.05,11.97
"55a12afa27be-85","cowpea",9.05,11.97
"55a12afa27be-86","cowpea",9.04,11.98
"55a12afa27be-87","cowpea",9.03,11.98
"55a12afa27be-88","cowpea",9.03,11.98
"55a12afa27be-89","cowpea",9.04,12
"55a12afa27be-90","cowpea",9.04,11.98
"55a12afa27be-91","cowpea",9.02,11.99
"55a12afa27be-92","cowpea",9.03,11.98
"55a12afa27be-93","cowpea",9.03,12
"55a12afa27be-94","cowpea",9.05,11.97
"55a12afa27be-95","cowpea",9.01,11.99
"55a12afa27be-96","cowpea",9.03,12
"55a12afa27be-97","cowpea",9.02,11.99
"55a12afa27be-98","cowpea",9.04,12
"55a12afa27be-99","cowpea",9.16,11.99
"55a12afa27be-100","cowpea",9.17,11.99
"55a12afa27be-101","cowpea",8.75,12.05
"55a12afa27be-102","cowpea",8.75,12.04
"55a12afa27be-103","cowpea",8.74,12.04
"55a12afa27be-104","cowpea",8.74,12.05
"55a12afa27be-105","cowpea",8.72,12.05
"55a12afa27be-106","cowpea",8.73,12.05
"55a12afa27be-107","cowpea",8.74,12.06
"55a12afa27be-108","cowpea",8.74,12.04
"55a12afa27be-109","cowpea",8.76,12.05
"55a12afa27be-110","cowpea",8.73,12.05
"55a12afa27be-111","cowpea",8.72,12.05
"55a12afa27be-112","cowpea",8.73,12.05
"55a12afa27be-113","cowpea",8.57,11.99
"55a12afa27be-114","cowpea",8.75,12.05
"55a12afa27be-115","cowpea",8.72,12.06
"55a12afa27be-116","cowpea",8.77,12.04
"55a12afa27be-117","cowpea",8.76,12.05
"55a12afa27be-118","cowpea",8.73,12.06
"55a12afa27be-119","cowpea",8.56,11.97
"55a12afa27be-120","cowpea",8.7,12.06
"55a12afa27be-121","cowpea",9.62,12.19
"55a12afa27be-122","cowpea",9.61,12.07
"55a12afa27be-123","cowpea",9.64,12.2
"55a12afa27be-124","cowpea",9.63,12.22
"55a12afa27be-125","cowpea",9.65,12.22
"55a12afa27be-126","cowpea",9.62,12.2
"55a12afa27be-127","cowpea",9.64,12.22
"55a12afa27be-128","cowpea",9.64,12.21
"55a12afa27be-129","cowpea",9.63,12.22
"55a12afa27be-130","cowpea",9.62,12.19
"55a12afa27be-131","cowpea",9.62,12.19
"55a12afa27be-132","cowpea",9.63,12.19
"55a12afa27be-133","cowpea",9.61,12.09
"55a12afa27be-134","cowpea",9.62,12.2
"55a12afa27be-135","cowpea",9.63,12.19
"55a12afa27be-136","cowpea",9.62,12.2
"55a12afa27be-137","cowpea",9.63,12.21
"55a12afa27be-138","cowpea",9.62,12.21
"55a12afa27be-139","cowpea",9.63,12.2
"55a12afa27be-140","cowpea",9.63,12.21
"55a12afa27be-141","cowpea",9.39,12.58
"55a12afa27be-142","cowpea",9.41,12.63
"55a12afa27be-143","cowpea",9.25,12.57
"55a12afa27be-144","cowpea",9.41,12.64
"55a12afa27be-145","cowpea",9.5,12.61
"55a12afa27be-146","cowpea",9.27,12.58
"55a12afa27be-147","cowpea",9.5,12.61
"55a12afa27be-148","cowpea",9.42,12.64
"55a12afa27be-149","cowpea",9.42,12.64
"55a12afa27be-150","cowpea",9.41,12.65
"55a12afa27be-151","cowpea",9.41,12.63
"55a12afa27be-152","cowpea",9.41,12.62
"55a12afa27be-153","cowpea",9.42,12.64
"55a12afa27be-154","cowpea",9.49,12.6
"55a12afa27be-155","cowpea",9.37,12.58
"55a12afa27be-156","cowpea",9.41,12.64
"55a12afa27be-157","cowpea",9.37,12.58
"55a12afa27be-158","cowpea",9.36,12.61
"55a12afa27be-159","cowpea",9.41,12.63
"55a12afa27be-160","cowpea",9.41,12.63
"55a12afa27be-161","cowpea",8,12.06
"55a12afa27be-162","cowpea",8.01,12.06
"55a12afa27be-163","cowpea",7.87,12.07
"55a12afa27be-164","cowpea",8.01,12.06
"55a12afa27be-165","cowpea",8,12.06
"55a12afa27be-166","cowpea",7.86,12.06
"55a12afa27be-167","cowpea",7.87,12.06
"55a12afa27be-168","cowpea",7.85,12.06
"55a12afa27be-169","cowpea",7.87,12.08
"55a12afa27be-170","cowpea",7.86,12.06
"55a12afa27be-171","cowpea",7.87,12.07
"55a12afa27be-172","cowpea",7.85,12.06
"55a12afa27be-173","cowpea",8.05,12.02
"55a12afa27be-174","cowpea",8.06,12.04
"55a12afa27be-175","cowpea",8,12.05
"55a12afa27be-176","cowpea",8.06,12.02
"55a12afa27be-177","cowpea",7.99,12.06
"55a12afa27be-178","cowpea",7.9,12.11
"55a12afa27be-179","cowpea",8,12.06
"55a12afa27be-180","cowpea",7.9,12.12
"55a12afa27be-181","cowpea",9.71,12.58
"55a12afa27be-182","cowpea",9.7,12.6
"55a12afa27be-183","cowpea",9.69,12.61
"55a12afa27be-184","cowpea",9.71,12.59
"55a12afa27be-185","cowpea",9.69,12.61
"55a12afa27be-186","cowpea",9.69,12.59
"55a12afa27be-187","cowpea",9.7,12.59
"55a12afa27be-188","cowpea",9.7,12.6
"55a12afa27be-189","cowpea",9.69,12.61
"55a12afa27be-190","cowpea",9.69,12.61
"55a12afa27be-191","cowpea",9.71,12.6
"55a12afa27be-192","cowpea",9.69,12.58
"55a12afa27be-193","cowpea",9.69,12.59
"55a12afa27be-194","cowpea",9.68,12.59
"55a12afa27be-195","cowpea",9.7,12.59
"55a12afa27be-196","cowpea",9.65,12.62
"55a12afa27be-197","cowpea",9.67,12.64
"55a12afa27be-198","cowpea",9.66,12.63
"55a12afa27be-199","cowpea",9.66,12.62
"55a12afa27be-200","cowpea",9.66,12.62
"55a12afa27be-201","cowpea",8.36,12.02
"55a12afa27be-202","cowpea",8.36,12.03
"55a12afa27be-203","cowpea",8.34,12.01
"55a12afa27be-204","cowpea",8.36,12.02
"55a12afa27be-205","cowpea",8.36,12
"55a12afa27be-206","cowpea",8.33,12.01
"55a12afa27be-207","cowpea",8.33,12.03
"55a12afa27be-208","cowpea",8.28,12.05
"55a12afa27be-209","cowpea",8.33,12.02
"55a12afa27be-210","cowpea",8.34,12.02
"55a12afa27be-211","cowpea",8.33,11.96
"55a12afa27be-212","cowpea",8.32,12.02
"55a12afa27be-213","cowpea",8.39,12.01
"55a12afa27be-214","cowpea",8.28,12.05
"55a12afa27be-215","cowpea",8.38,12.01
"55a12afa27be-216","cowpea",8.32,12.01
"55a12afa27be-217","cowpea",8.33,12.01
"55a12afa27be-218","cowpea",8.33,12.01
"55a12afa27be-219","cowpea",8.33,12.02
"55a12afa27be-220","cowpea",8.38,11.95
"55a12afa27be-221","cowpea",8.36,12.09
"55a12afa27be-222","cowpea",8.35,12.09
"55a12afa27be-223","cowpea",8.34,12.1
"55a12afa27be-224","cowpea",8.32,12.1
"55a12afa27be-225","cowpea",8.32,12.09
"55a12afa27be-226","cowpea",8.32,12.12
"55a12afa27be-227","cowpea",8.32,12.1
"55a12afa27be-228","cowpea",8.34,12.12
"55a12afa27be-229","cowpea",8.34,12.14
"55a12afa27be-230","cowpea",8.34,12.14
"55a12afa27be-231","cowpea",8.35,12.14
"55a12afa27be-232","cowpea",8.35,12.14
"55a12afa27be-233","cowpea",8.35,12.12
"55a12afa27be-234","cowpea",8.36,12.08
"55a12afa27be-235","cowpea",8.35,12.13
"55a12afa27be-236","cowpea",8.35,12.11
"55a12afa27be-237","cowpea",8.34,12.14
"55a12afa27be-238","cowpea",8.34,12.1
"55a12afa27be-239","cowpea",8.34,12.12
"55a12afa27be-240","cowpea",8.34,12.11
"55a12afa27be-241","cowpea",8.56,12.44
"55a12afa27be-242","cowpea",8.51,12.46
"55a12afa27be-243","cowpea",8.54,12.45
"55a12afa27be-244","cowpea",8.53,12.44
"55a12afa27be-245","cowpea",8.52,12.44
"55a12afa27be-246","cowpea",8.55,12.45
"55a12afa27be-247","cowpea",8.54,12.44
"55a12afa27be-248","cowpea",8.56,12.48
"55a12afa27be-249","cowpea",8.54,12.46
"55a12afa27be-250","cowpea",8.54,12.46
"55a12afa27be-251","cowpea",8.63,12.48
"55a12afa27be-252","cowpea",8.5,12.45
"55a12afa27be-253","cowpea",8.53,12.43
"55a12afa27be-254","cowpea",8.56,12.46
"55a12afa27be-255","cowpea",8.51,12.44
"55a12afa27be-256","cowpea",8.55,12.44
"55a12afa27be-257","cowpea",8.54,12.44
"55a12afa27be-258","cowpea",8.54,12.44
"55a12afa27be-259","cowpea",8.49,12.45
"55a12afa27be-260","cowpea",8.56,12.46
"55a12afa27be-261","cowpea",8.8,11.74
"55a12afa27be-262","cowpea",8.8,11.76
"55a12afa27be-263","cowpea",8.81,11.76
"55a12afa27be-264","cowpea",8.8,11.76
"55a12afa27be-265","cowpea",8.82,11.74
"55a12afa27be-266","cowpea",8.81,11.75
"55a12afa27be-267","cowpea",8.82,11.75
"55a12afa27be-268","cowpea",8.82,11.74
"55a12afa27be-269","cowpea",8.81,11.76
"55a12afa27be-270","cowpea",8.81,11.75
"55a12afa27be-271","cowpea",8.8,11.75
"55a12afa27be-272","cowpea",8.82,11.75
"55a12afa27be-273","cowpea",8.82,11.76
"55a12afa27be-274","cowpea",8.82,11.75
"55a12afa27be-275","cowpea",8.81,11.76
"55a12afa27be-276","cowpea",8.81,11.74
"55a12afa27be-277","cowpea",8.81,11.74
"55a12afa27be-278","cowpea",8.81,11.74
"55a12afa27be-279","cowpea",8.82,11.75
"55a12afa27be-280","cowpea",8.82,11.76
"55a12afa27be-281","cowpea",8.17,12.28
"55a12afa27be-282","cowpea",8.25,12.22
"55a12afa27be-283","cowpea",8.19,12.14
"55a12afa27be-284","cowpea",8.24,12.22
"55a12afa27be-285","cowpea",8.24,12.22
"55a12afa27be-286","cowpea",8.2,12.16
"55a12afa27be-287","cowpea",8.22,12.2
"55a12afa27be-288","cowpea",8.24,12.22
"55a12afa27be-289","cowpea",8.21,12.16
"55a12afa27be-290","cowpea",8.21,12.17
"55a12afa27be-291","cowpea",8.22,12.18
"55a12afa27be-292","cowpea",8.2,12.16
"55a12afa27be-293","cowpea",8.22,12.2
"55a12afa27be-294","cowpea",8.18,12.3
"55a12afa27be-295","cowpea",8.2,12.14
"55a12afa27be-296","cowpea",8.22,12.2
"55a12afa27be-297","cowpea",8.2,12.16
"55a12afa27be-298","cowpea",8.23,12.19
"55a12afa27be-299","cowpea",8.2,12.15
"55a12afa27be-300","cowpea",8.25,12.21
"55a12afa27be-301","cowpea",7.88,11.88
"55a12afa27be-302","cowpea",7.89,11.88
"55a12afa27be-303","cowpea",7.89,11.87
"55a12afa27be-304","cowpea",7.89,11.87
"55a12afa27be-305","cowpea",7.9,11.87
"55a12afa27be-306","cowpea",7.89,11.88
"55a12afa27be-307","cowpea",7.99,11.93
"55a12afa27be-308","cowpea",7.9,11.87
"55a12afa27be-309","cowpea",8,11.95
"55a12afa27be-310","cowpea",7.93,11.9
"55a12afa27be-311","cowpea",7.89,11.87
"55a12afa27be-312","cowpea",7.92,11.91
"55a12afa27be-313","cowpea",7.88,11.87
"55a12afa27be-314","cowpea",7.89,11.89
"55a12afa27be-315","cowpea",7.88,11.87
"55a12afa27be-316","cowpea",7.88,11.87
"55a12afa27be-317","cowpea",7.99,11.95
"55a12afa27be-318","cowpea",7.9,11.88
"55a12afa27be-319","cowpea",7.9,11.87
"55a12afa27be-320","cowpea",7.89,11.89
"b473fcd6d3d2-13","cowpea",8.55,11.98
"b473fcd6d3d2-14","cowpea",8.56,11.98
"b473fcd6d3d2-15","cowpea",8.55,11.99
"b473fcd6d3d2-16","cowpea",8.55,11.98
"b473fcd6d3d2-17","cowpea",8.55,11.98
"b473fcd6d3d2-18","cowpea",8.57,11.98
"b473fcd6d3d2-19","cowpea",8.55,11.98
"b473fcd6d3d2-20","cowpea",8.55,11.99
"b473fcd6d3d2-21","cowpea",8.56,11.98
"b473fcd6d3d2-22","cowpea",8.56,11.97
"b473fcd6d3d2-24","cowpea",8.55,11.98
"b473fcd6d3d2-28","cowpea",8.56,11.99
"b473fcd6d3d2-29","cowpea",8.56,11.98
"b473fcd6d3d2-34","cowpea",8.56,11.98
"b473fcd6d3d2-43","cowpea",8.57,11.98
"b473fcd6d3d2-44","cowpea",8.56,11.98
"b473fcd6d3d2-45","cowpea",8.56,11.98
"b473fcd6d3d2-55","cowpea",8.56,11.97
"b473fcd6d3d2-56","cowpea",8.56,11.97
"b473fcd6d3d2-57","cowpea",8.55,11.97
"b473fcd6d3d2-58","cowpea",8.56,11.98
"b473fcd6d3d2-59","cowpea",8.57,11.99
"b473fcd6d3d2-60","cowpea",8.55,11.97
"b473fcd6d3d2-70","cowpea",8.56,11.99
"b473fcd6d3d2-71","cowpea",8.57,11.98
"b473fcd6d3d2-72","cowpea",8.55,11.97
"b473fcd6d3d2-74","cowpea",8.55,11.97
"b473fcd6d3d2-76","cowpea",8.54,11.98
"b473fcd6d3d2-85","cowpea",8.57,11.98
"b473fcd6d3d2-87","cowpea",8.56,11.99
"b473fcd6d3d2-88","cowpea",8.54,11.98
"b473fcd6d3d2-89","cowpea",8.57,11.99
"b473fcd6d3d2-97","cowpea",8.57,11.97
"b473fcd6d3d2-98","cowpea",8.56,11.97
"b473fcd6d3d2-99","cowpea",8.56,11.98
"b473fcd6d3d2-100","cowpea",8.56,11.97
"b473fcd6d3d2-101","cowpea",8.55,11.99
"b473fcd6d3d2-106","cowpea",8.57,11.98
"b473fcd6d3d2-107","cowpea",8.56,11.98
"b473fcd6d3d2-108","cowpea",8.55,11.97
"46c9305acadb-1","cowpea",10.36,11.6
"46c9305acadb-2","cowpea",10.38,11.61
"46c9305acadb-3","cowpea",10.34,11.6
"46c9305acadb-4","cowpea",10.34,11.58
"46c9305acadb-5","cowpea",10.36,11.59
"46c9305acadb-6","cowpea",10.35,11.6
"46c9305acadb-7","cowpea",10.37,11.58
"46c9305acadb-8","cowpea",10.36,11.61
"46c9305acadb-9","cowpea",10.35,11.59
"46c9305acadb-10","cowpea",10.37,11.6
"46c9305acadb-11","cowpea",10.36,11.59
"46c9305acadb-12","cowpea",10.34,11.62
"46c9305acadb-13","cowpea",10.35,11.6
"46c9305acadb-14","cowpea",10.39,11.58
"46c9305acadb-15","cowpea",10.36,11.58
"46c9305acadb-16","cowpea",10.36,11.59
"46c9305acadb-17","cowpea",10.38,11.57
"46c9305acadb-18","cowpea",10.25,11.67
"46c9305acadb-19","cowpea",10.12,11.63
"46c9305acadb-20","cowpea",10.1,11.64
"46c9305acadb-21","cowpea",10.23,11.65
"46c9305acadb-22","cowpea",10.23,11.68
"46c9305acadb-23","cowpea",9.76,10.71
"46c9305acadb-24","cowpea",9.8,10.71
"46c9305acadb-25","cowpea",9.78,10.69
"46c9305acadb-26","cowpea",9.79,10.71
"46c9305acadb-27","cowpea",9.79,10.7
"46c9305acadb-28","cowpea",9.77,10.69
"46c9305acadb-29","cowpea",9.79,10.71
"46c9305acadb-30","cowpea",9.77,10.71
"46c9305acadb-31","cowpea",9.81,10.86
"46c9305acadb-32","cowpea",9.81,10.87
"46c9305acadb-33","cowpea",9.76,10.7
"46c9305acadb-34","cowpea",9.78,10.69
"46c9305acadb-35","cowpea",9.75,10.72
"46c9305acadb-36","cowpea",9.75,10.7
"46c9305acadb-37","cowpea",9.75,10.7
"46c9305acadb-38","cowpea",9.74,10.71
"46c9305acadb-39","cowpea",9.75,10.7
"46c9305acadb-40","cowpea",9.77,10.7
"46c9305acadb-41","cowpea",9.75,10.72
"46c9305acadb-42","cowpea",9.76,10.69
"46c9305acadb-43","cowpea",9.77,10.71
"46c9305acadb-44","cowpea",9.77,10.69
"46c9305acadb-45","cowpea",8.91,7.49
"46c9305acadb-46","cowpea",8.92,7.5
"46c9305acadb-47","cowpea",8.9,7.52
"46c9305acadb-48","cowpea",8.91,7.49
"46c9305acadb-49","cowpea",8.91,7.51
"46c9305acadb-50","cowpea",8.92,7.51
"46c9305acadb-51","cowpea",8.92,7.51
"46c9305acadb-52","cowpea",8.92,7.5
"46c9305acadb-53","cowpea",8.92,7.51
"46c9305acadb-54","cowpea",8.9,7.5
"46c9305acadb-55","cowpea",8.93,7.5
"46c9305acadb-56","cowpea",8.91,7.49
"46c9305acadb-57","cowpea",8.93,7.51
"46c9305acadb-58","cowpea",8.91,7.5
"46c9305acadb-59","cowpea",8.93,7.51
"46c9305acadb-60","cowpea",8.92,7.5
"46c9305acadb-61","cowpea",8.91,7.5
"46c9305acadb-62","cowpea",8.94,7.5
"46c9305acadb-63","cowpea",8.91,7.48
"46c9305acadb-64","cowpea",8.91,7.49
"46c9305acadb-65","cowpea",8.92,7.51
"46c9305acadb-66","cowpea",8.91,7.51
"46c9305acadb-67","cowpea",11.21,10.05
"46c9305acadb-68","cowpea",11.24,9.92
"46c9305acadb-69","cowpea",11.28,9.94
"46c9305acadb-70","cowpea",11.44,10
"46c9305acadb-71","cowpea",11.43,9.99
"46c9305acadb-72","cowpea",11.29,9.95
"46c9305acadb-73","cowpea",11.29,9.94
"46c9305acadb-74","cowpea",11.28,9.93
"46c9305acadb-75","cowpea",11.32,9.96
"46c9305acadb-76","cowpea",11.19,10.04
"46c9305acadb-77","cowpea",11.3,9.94
"46c9305acadb-78","cowpea",11.21,10.04
"46c9305acadb-79","cowpea",11.18,9.83
"46c9305acadb-80","cowpea",11.3,9.95
"46c9305acadb-81","cowpea",11.29,9.95
"46c9305acadb-82","cowpea",11.28,9.93
"46c9305acadb-83","cowpea",11.3,9.93
"46c9305acadb-84","cowpea",11.24,9.91
"46c9305acadb-85","cowpea",11.33,9.97
"46c9305acadb-86","cowpea",11.3,9.94
"46c9305acadb-87","cowpea",11.44,9.99
"46c9305acadb-88","cowpea",11.28,9.94
"46c9305acadb-89","cowpea",9.19,7.49
"46c9305acadb-90","cowpea",9.18,7.46
"46c9305acadb-91","cowpea",9.19,7.48
"46c9305acadb-92","cowpea",9.18,7.46
"46c9305acadb-93","cowpea",9.18,7.45
"46c9305acadb-94","cowpea",9.19,7.47
"46c9305acadb-95","cowpea",9.18,7.46
"46c9305acadb-96","cowpea",9.18,7.46
"46c9305acadb-97","cowpea",9.18,7.46
"46c9305acadb-98","cowpea",9.18,7.47
"46c9305acadb-99","cowpea",9.2,7.47
"46c9305acadb-100","cowpea",9.19,7.48
"46c9305acadb-101","cowpea",9.17,7.47
"46c9305acadb-102","cowpea",9.17,7.45
"46c9305acadb-103","cowpea",9.17,7.47
"46c9305acadb-104","cowpea",9.16,7.45
"46c9305acadb-105","cowpea",9.19,7.47
"46c9305acadb-106","cowpea",9.19,7.44
"46c9305acadb-107","cowpea",9.18,7.47
"46c9305acadb-108","cowpea",9.18,7.48
"46c9305acadb-109","cowpea",9.18,7.47
"46c9305acadb-110","cowpea",9.2,7.48
"46c9305acadb-130","cowpea",6.56,9.06
"46c9305acadb-133","cowpea",6.58,9.31
"46c9305acadb-134","cowpea",6.58,9.32
"46c9305acadb-135","cowpea",6.59,9.31
"46c9305acadb-136","cowpea",6.58,9.31
"46c9305acadb-137","cowpea",6.6,9.31
"46c9305acadb-138","cowpea",6.59,9.31
"46c9305acadb-139","cowpea",6.58,9.32
"46c9305acadb-140","cowpea",6.61,9.31
"46c9305acadb-141","cowpea",6.57,9.31
"46c9305acadb-142","cowpea",6.58,9.32
"46c9305acadb-143","cowpea",6.58,9.31
"46c9305acadb-144","cowpea",6.78,9.39
"46c9305acadb-145","cowpea",6.79,9.39
"46c9305acadb-146","cowpea",6.79,9.4
"46c9305acadb-147","cowpea",6.78,9.39
"46c9305acadb-148","cowpea",6.73,9.4
"46c9305acadb-149","cowpea",6.79,9.39
"46c9305acadb-150","cowpea",6.63,9.45
"46c9305acadb-151","cowpea",6.79,9.4
"46c9305acadb-152","cowpea",6.6,9.29
"46c9305acadb-153","cowpea",6.59,9.28
"46c9305acadb-154","cowpea",6.59,9.3
"46c9305acadb-155","cowpea",7.22,9.3
"46c9305acadb-156","cowpea",7.21,9.19
"46c9305acadb-157","cowpea",7.2,9.26
"46c9305acadb-158","cowpea",7.23,9.26
"46c9305acadb-159","cowpea",7.2,9.28
"46c9305acadb-160","cowpea",7.22,9.27
"46c9305acadb-161","cowpea",7.19,9.27
"46c9305acadb-162","cowpea",7.21,9.28
"46c9305acadb-163","cowpea",7.2,9.27
"46c9305acadb-164","cowpea",7.21,9.28
"46c9305acadb-165","cowpea",7.21,9.28
"46c9305acadb-166","cowpea",7.2,9.27
"46c9305acadb-167","cowpea",7.21,9.26
"46c9305acadb-168","cowpea",7.19,9.27
"46c9305acadb-169","cowpea",7.21,9.28
"46c9305acadb-170","cowpea",7.2,9.26
"46c9305acadb-171","cowpea",7.21,9.28
"46c9305acadb-172","cowpea",7.22,9.27
"46c9305acadb-173","cowpea",7.21,9.28
"46c9305acadb-174","cowpea",7.2,9.28
"46c9305acadb-175","cowpea",7.21,9.28
"46c9305acadb-177","cowpea",9.93,10.38
"46c9305acadb-178","cowpea",9.83,10.41
"46c9305acadb-179","cowpea",9.78,10.25
"46c9305acadb-180","cowpea",9.8,10.23
"46c9305acadb-181","cowpea",9.79,10.23
"46c9305acadb-182","cowpea",9.84,10.23
"46c9305acadb-183","cowpea",9.84,10.26
"46c9305acadb-184","cowpea",9.84,10.25
"46c9305acadb-185","cowpea",9.83,10.25
"46c9305acadb-186","cowpea",9.77,10.23
"46c9305acadb-187","cowpea",9.74,10.21
"46c9305acadb-188","cowpea",9.97,10.27
"46c9305acadb-189","cowpea",9.97,10.26
"46c9305acadb-190","cowpea",9.97,10.25
"46c9305acadb-191","cowpea",10.06,10.25
"46c9305acadb-192","cowpea",10.07,10.26
"46c9305acadb-193","cowpea",9.99,10.27
"46c9305acadb-194","cowpea",9.99,10.27
"46c9305acadb-195","cowpea",9.84,10.25
"46c9305acadb-196","cowpea",9.76,10.23
"46c9305acadb-197","cowpea",9.87,10.33
"46c9305acadb-198","cowpea",9.84,10.24
"46c9305acadb-201","cowpea",7.57,11.19
"46c9305acadb-202","cowpea",7.55,11.2
"46c9305acadb-203","cowpea",7.57,11.21
"46c9305acadb-204","cowpea",7.54,11.17
"46c9305acadb-205","cowpea",7.56,11.18
"46c9305acadb-206","cowpea",7.54,11.2
"46c9305acadb-208","cowpea",7.43,11.36
"46c9305acadb-209","cowpea",7.39,11.34
"46c9305acadb-210","cowpea",7.4,11.33
"46c9305acadb-211","cowpea",7.43,11.35
"46c9305acadb-213","cowpea",7.39,11.34
"46c9305acadb-214","cowpea",7.38,11.34
"46c9305acadb-215","cowpea",7.4,11.34
"46c9305acadb-216","cowpea",7.39,11.34
"46c9305acadb-217","cowpea",7.4,11.35
"46c9305acadb-218","cowpea",7.55,11.18
"46c9305acadb-219","cowpea",7.55,11.17
"46c9305acadb-220","cowpea",7.57,11.18
"46c9305acadb-221","cowpea",8.6,7.78
"46c9305acadb-222","cowpea",8.6,7.79
"46c9305acadb-223","cowpea",8.58,7.79
"46c9305acadb-224","cowpea",8.59,7.78
"46c9305acadb-225","cowpea",8.6,7.79
"46c9305acadb-226","cowpea",8.59,7.79
"46c9305acadb-227","cowpea",8.61,7.77
"46c9305acadb-228","cowpea",8.59,7.78
"46c9305acadb-229","cowpea",8.6,7.78
"46c9305acadb-230","cowpea",8.6,7.78
"46c9305acadb-231","cowpea",8.61,7.78
"46c9305acadb-232","cowpea",8.59,7.77
"46c9305acadb-233","cowpea",8.61,7.76
"46c9305acadb-234","cowpea",8.61,7.77
"46c9305acadb-235","cowpea",8.62,7.77
"46c9305acadb-236","cowpea",8.59,7.77
"46c9305acadb-237","cowpea",8.6,7.78
"46c9305acadb-238","cowpea",8.59,7.77
"46c9305acadb-239","cowpea",8.59,7.77
"46c9305acadb-240","cowpea",8.61,7.78
"46c9305acadb-241","cowpea",8.59,7.76
"46c9305acadb-242","cowpea",8.58,7.77
"46c9305acadb-243","cowpea",7.48,10.45
"46c9305acadb-244","cowpea",7.46,10.46
"46c9305acadb-245","cowpea",7.59,10.46
"46c9305acadb-246","cowpea",7.6,10.45
"46c9305acadb-247","cowpea",7.63,10.47
"46c9305acadb-248","cowpea",7.63,10.45
"46c9305acadb-249","cowpea",7.63,10.44
"46c9305acadb-250","cowpea",7.65,10.48
"46c9305acadb-251","cowpea",7.62,10.46
"46c9305acadb-252","cowpea",7.63,10.45
"46c9305acadb-253","cowpea",7.64,10.47
"46c9305acadb-254","cowpea",7.43,10.45
"46c9305acadb-255","cowpea",7.63,10.46
"46c9305acadb-256","cowpea",7.64,10.48
"46c9305acadb-257","cowpea",7.65,10.49
"46c9305acadb-258","cowpea",7.68,10.33
"46c9305acadb-259","cowpea",7.57,10.44
"46c9305acadb-260","cowpea",7.62,10.48
"46c9305acadb-261","cowpea",7.62,10.46
"46c9305acadb-262","cowpea",7.58,10.44
"46c9305acadb-263","cowpea",7.56,10.44
"46c9305acadb-264","cowpea",7.56,10.43
"46c9305acadb-265","cowpea",9.56,8.88
"46c9305acadb-266","cowpea",9.54,8.9
"46c9305acadb-267","cowpea",9.55,8.86
"46c9305acadb-268","cowpea",9.55,8.87
"46c9305acadb-269","cowpea",9.55,8.9
"46c9305acadb-270","cowpea",9.61,8.85
"46c9305acadb-271","cowpea",9.56,8.88
"46c9305acadb-272","cowpea",9.55,8.88
"46c9305acadb-273","cowpea",9.55,8.89
"46c9305acadb-274","cowpea",9.56,8.86
"46c9305acadb-275","cowpea",9.56,8.87
"46c9305acadb-276","cowpea",9.56,8.88
"46c9305acadb-277","cowpea",9.55,8.9
"46c9305acadb-278","cowpea",9.55,8.87
"46c9305acadb-279","cowpea",9.56,8.88
"46c9305acadb-280","cowpea",9.57,8.87
"46c9305acadb-281","cowpea",9.56,8.86
"46c9305acadb-282","cowpea",9.55,8.86
"46c9305acadb-283","cowpea",9.56,8.91
"46c9305acadb-284","cowpea",9.56,8.87
"46c9305acadb-285","cowpea",9.57,8.86
"46c9305acadb-286","cowpea",9.55,8.87
"46c9305acadb-287","cowpea",11.21,9.96
"46c9305acadb-288","cowpea",11.23,9.88
"46c9305acadb-289","cowpea",11.23,9.87
"46c9305acadb-290","cowpea",11.26,9.86
"46c9305acadb-291","cowpea",11.21,9.95
"46c9305acadb-292","cowpea",11.21,9.96
"46c9305acadb-293","cowpea",11.21,9.96
"46c9305acadb-294","cowpea",11.19,9.85
"46c9305acadb-295","cowpea",11.19,9.83
"46c9305acadb-296","cowpea",11.24,9.86
"46c9305acadb-297","cowpea",11.24,9.87
"46c9305acadb-298","cowpea",11.15,9.8
"46c9305acadb-299","cowpea",11.23,9.88
"46c9305acadb-300","cowpea",11.2,9.95
"46c9305acadb-301","cowpea",11.13,9.79
"46c9305acadb-302","cowpea",11.15,9.79
"46c9305acadb-303","cowpea",11.15,9.8
"46c9305acadb-304","cowpea",11.18,9.97
"46c9305acadb-305","cowpea",11.19,9.97
"46c9305acadb-306","cowpea",11.22,9.99
"46c9305acadb-307","cowpea",11.18,9.98
"46c9305acadb-308","cowpea",11.22,9.96
"46c9305acadb-309","cowpea",8.43,8.47
"46c9305acadb-310","cowpea",8.45,8.47
"46c9305acadb-311","cowpea",8.43,8.48
"46c9305acadb-312","cowpea",8.45,8.47
"46c9305acadb-313","cowpea",8.45,8.46
"46c9305acadb-314","cowpea",8.54,8.5
"46c9305acadb-315","cowpea",8.54,8.55
"46c9305acadb-316","cowpea",8.54,8.56
"46c9305acadb-317","cowpea",8.52,8.56
"46c9305acadb-318","cowpea",8.47,8.48
"46c9305acadb-319","cowpea",8.49,8.51
"46c9305acadb-320","cowpea",8.57,8.51
"46c9305acadb-321","cowpea",8.56,8.52
"46c9305acadb-322","cowpea",8.57,8.51
"46c9305acadb-323","cowpea",8.46,8.48
"46c9305acadb-324","cowpea",8.46,8.46
"46c9305acadb-325","cowpea",8.51,8.57
"46c9305acadb-326","cowpea",8.53,8.48
"46c9305acadb-327","cowpea",8.54,8.48
"46c9305acadb-328","cowpea",8.56,8.5
"46c9305acadb-329","cowpea",8.56,8.6
"46c9305acadb-330","cowpea",8.56,8.55
"46c9305acadb-331","cowpea",9.49,9.02
"46c9305acadb-332","cowpea",9.48,9
"46c9305acadb-333","cowpea",9.53,9
"46c9305acadb-334","cowpea",9.5,9.03
"46c9305acadb-335","cowpea",9.5,8.99
"46c9305acadb-336","cowpea",9.51,8.99
"46c9305acadb-337","cowpea",9.49,9
"46c9305acadb-338","cowpea",9.48,9.03
"46c9305acadb-339","cowpea",9.51,9.06
"46c9305acadb-340","cowpea",9.49,9.01
"46c9305acadb-341","cowpea",9.5,9.06
"46c9305acadb-342","cowpea",9.49,9.01
"46c9305acadb-343","cowpea",9.51,9
"46c9305acadb-344","cowpea",9.49,9.03
"46c9305acadb-345","cowpea",9.5,9.03
"46c9305acadb-346","cowpea",9.49,9.01
"46c9305acadb-347","cowpea",9.48,9.04
"46c9305acadb-348","cowpea",9.48,9.02
"46c9305acadb-349","cowpea",9.5,8.99
"46c9305acadb-350","cowpea",9.49,9.01
"46c9305acadb-351","cowpea",9.49,9
"46c9305acadb-352","cowpea",9.49,9.01
"46c9305acadb-353","cowpea",7.86,8.87
"46c9305acadb-354","cowpea",7.85,8.86
"46c9305acadb-355","cowpea",7.86,8.83
"46c9305acadb-356","cowpea",7.85,8.84
"46c9305acadb-357","cowpea",7.9,8.84
"46c9305acadb-358","cowpea",7.88,8.81
"46c9305acadb-359","cowpea",7.87,8.83
"46c9305acadb-360","cowpea",7.88,8.89
"46c9305acadb-361","cowpea",7.86,8.88
"46c9305acadb-362","cowpea",7.86,8.88
"46c9305acadb-363","cowpea",7.88,8.9
"46c9305acadb-364","cowpea",7.81,8.86
"46c9305acadb-365","cowpea",7.87,8.86
"46c9305acadb-366","cowpea",7.87,8.86
"46c9305acadb-367","cowpea",7.84,8.86
"46c9305acadb-368","cowpea",7.89,8.83
"46c9305acadb-369","cowpea",7.85,8.85
"46c9305acadb-370","cowpea",7.87,8.82
"46c9305acadb-371","cowpea",7.87,8.87
"46c9305acadb-372","cowpea",7.85,8.86
"46c9305acadb-373","cowpea",7.86,8.84
"46c9305acadb-374","cowpea",7.89,8.82
"46c9305acadb-375","cowpea",8.39,9.75
"46c9305acadb-376","cowpea",8.38,9.77
"46c9305acadb-377","cowpea",8.38,9.76
"46c9305acadb-378","cowpea",8.4,9.77
"46c9305acadb-379","cowpea",8.36,9.76
"46c9305acadb-380","cowpea",8.38,9.75
"46c9305acadb-381","cowpea",8.39,9.75
"46c9305acadb-382","cowpea",8.39,9.76
"46c9305acadb-383","cowpea",8.38,9.75
"46c9305acadb-384","cowpea",8.39,9.75
"46c9305acadb-385","cowpea",8.37,9.77
"46c9305acadb-386","cowpea",8.38,9.75
"46c9305acadb-387","cowpea",8.38,9.76
"46c9305acadb-388","cowpea",8.36,9.77
"46c9305acadb-389","cowpea",8.38,9.77
"46c9305acadb-390","cowpea",8.37,9.77
"46c9305acadb-391","cowpea",8.37,9.76
"46c9305acadb-392","cowpea",8.37,9.75
"46c9305acadb-393","cowpea",8.39,9.77
"46c9305acadb-394","cowpea",8.38,9.76
"46c9305acadb-395","cowpea",8.38,9.78
"46c9305acadb-396","cowpea",8.37,9.77
"46c9305acadb-397","cowpea",9.85,8.72
"46c9305acadb-398","cowpea",9.81,8.76
"46c9305acadb-399","cowpea",9.77,8.73
"46c9305acadb-400","cowpea",9.83,8.73
"46c9305acadb-401","cowpea",9.81,8.78
"46c9305acadb-402","cowpea",9.8,8.8
"46c9305acadb-403","cowpea",9.82,8.78
"46c9305acadb-404","cowpea",9.8,8.79
"46c9305acadb-405","cowpea",9.82,8.78
"46c9305acadb-406","cowpea",9.8,8.76
"46c9305acadb-407","cowpea",9.79,8.71
"46c9305acadb-408","cowpea",9.78,8.71
"46c9305acadb-409","cowpea",9.84,8.72
"46c9305acadb-410","cowpea",9.82,8.78
"46c9305acadb-411","cowpea",9.8,8.76
"46c9305acadb-412","cowpea",9.82,8.74
"46c9305acadb-413","cowpea",9.81,8.7
"46c9305acadb-414","cowpea",9.85,8.73
"46c9305acadb-415","cowpea",9.83,8.74
"46c9305acadb-416","cowpea",9.84,8.73
"46c9305acadb-417","cowpea",9.81,8.75
"46c9305acadb-418","cowpea",9.77,8.74
"46c9305acadb-419","cowpea",6.56,9.05
"46c9305acadb-420","cowpea",6.57,9.04
"46c9305acadb-421","cowpea",6.58,9.05
"46c9305acadb-422","cowpea",6.58,9.05
"46c9305acadb-423","cowpea",6.56,9.05
"46c9305acadb-424","cowpea",6.57,9.06
"46c9305acadb-425","cowpea",6.56,9.06
"46c9305acadb-426","cowpea",6.57,9.04
"46c9305acadb-427","cowpea",6.57,9.05
"46c9305acadb-428","cowpea",6.57,9.05
"46c9305acadb-429","cowpea",6.57,9.05
"46c9305acadb-431","cowpea",6.57,9.05
"46c9305acadb-432","cowpea",6.57,9.05
"46c9305acadb-433","cowpea",6.56,9.06
"46c9305acadb-434","cowpea",6.56,9.04
"46c9305acadb-435","cowpea",6.57,9.04
"46c9305acadb-436","cowpea",6.58,9.04
"46c9305acadb-437","cowpea",6.56,9.05
"46c9305acadb-438","cowpea",6.57,9.04
"46c9305acadb-439","cowpea",6.57,9.04
"46c9305acadb-440","cowpea",6.58,9.07
"46c9305acadb-441","cowpea",11.1,10.18
"46c9305acadb-442","cowpea",11.12,10.18
"46c9305acadb-443","cowpea",11.11,10.19
"46c9305acadb-444","cowpea",11.11,10.19
"46c9305acadb-445","cowpea",11.11,10.17
"46c9305acadb-446","cowpea",11.12,10.17
"46c9305acadb-447","cowpea",11.11,10.19
"46c9305acadb-448","cowpea",11.12,10.19
"46c9305acadb-449","cowpea",11.11,10.19
"46c9305acadb-450","cowpea",11.11,10.19
"46c9305acadb-451","cowpea",11.12,10.18
"46c9305acadb-452","cowpea",11.12,10.19
"46c9305acadb-453","cowpea",11.1,10.18
"46c9305acadb-454","cowpea",11.11,10.18
"46c9305acadb-455","cowpea",11.11,10.18
"46c9305acadb-456","cowpea",11.11,10.18
"46c9305acadb-457","cowpea",11.12,10.18
"46c9305acadb-458","cowpea",11.11,10.19
"46c9305acadb-459","cowpea",11.11,10.17
"46c9305acadb-460","cowpea",11.11,10.18
"46c9305acadb-461","cowpea",11.11,10.18
"46c9305acadb-462","cowpea",11.11,10.17
"46c9305acadb-463","cowpea",7.88,11.35
"46c9305acadb-464","cowpea",7.88,11.37
"46c9305acadb-465","cowpea",7.92,11.35
"46c9305acadb-466","cowpea",7.93,11.35
"46c9305acadb-467","cowpea",7.92,11.35
"46c9305acadb-468","cowpea",7.87,11.35
"46c9305acadb-469","cowpea",7.86,11.36
"46c9305acadb-470","cowpea",7.89,11.37
"46c9305acadb-471","cowpea",7.99,11.3
"46c9305acadb-472","cowpea",8,11.29
"46c9305acadb-473","cowpea",8.01,11.3
"46c9305acadb-474","cowpea",7.97,11.3
"46c9305acadb-475","cowpea",8.01,11.29
"46c9305acadb-476","cowpea",8.01,11.3
"46c9305acadb-477","cowpea",7.91,11.38
"46c9305acadb-478","cowpea",8.01,11.3
"46c9305acadb-479","cowpea",7.99,11.29
"46c9305acadb-480","cowpea",7.99,11.29
"46c9305acadb-485","cowpea",7.66,11
"46c9305acadb-486","cowpea",7.66,10.98
"46c9305acadb-489","cowpea",7.64,10.95
"46c9305acadb-490","cowpea",7.65,10.97
"19bc398aa3c3-1","cowpea",8.33,12.1
"19bc398aa3c3-2","cowpea",8.33,12.1
"19bc398aa3c3-3","cowpea",8.33,12.11
"19bc398aa3c3-4","cowpea",8.34,12.1
"19bc398aa3c3-5","cowpea",8.34,12.1
"19bc398aa3c3-6","cowpea",8.34,12.08
"19bc398aa3c3-7","cowpea",8.33,12.09
"19bc398aa3c3-8","cowpea",8.33,12.11
"19bc398aa3c3-9","cowpea",8.33,12.1
"19bc398aa3c3-10","cowpea",8.33,12.11
"19bc398aa3c3-11","cowpea",8.32,12.13
"19bc398aa3c3-12","cowpea",8.32,12.13
"19bc398aa3c3-13","cowpea",8.32,12.12
"19bc398aa3c3-14","cowpea",8.33,12.09
"19bc398aa3c3-15","cowpea",8.33,12.11
"19bc398aa3c3-16","cowpea",8.32,12.11
"19bc398aa3c3-17","cowpea",8.33,12.1
"19bc398aa3c3-18","cowpea",8.34,12.11
"19bc398aa3c3-19","cowpea",8.32,12.11
"19bc398aa3c3-20","cowpea",8.34,12.09
"19bc398aa3c3-21","cowpea",8.33,12.12
"19bc398aa3c3-22","cowpea",8.32,12.11
"19bc398aa3c3-23","cowpea",9.59,11.81
"19bc398aa3c3-24","cowpea",9.62,11.79
"19bc398aa3c3-25","cowpea",9.63,11.8
"19bc398aa3c3-26","cowpea",9.6,11.81
"19bc398aa3c3-27","cowpea",9.61,11.8
"19bc398aa3c3-28","cowpea",9.62,11.81
"19bc398aa3c3-29","cowpea",9.58,11.82
"19bc398aa3c3-30","cowpea",9.58,11.82
"19bc398aa3c3-31","cowpea",9.6,11.8
"19bc398aa3c3-32","cowpea",9.61,11.79
"19bc398aa3c3-33","cowpea",9.61,11.8
"19bc398aa3c3-34","cowpea",9.59,11.82
"19bc398aa3c3-35","cowpea",9.62,11.82
"19bc398aa3c3-36","cowpea",9.58,11.84
"19bc398aa3c3-37","cowpea",9.62,11.79
"19bc398aa3c3-38","cowpea",9.57,11.77
"19bc398aa3c3-39","cowpea",9.57,11.78
"19bc398aa3c3-40","cowpea",9.61,11.79
"19bc398aa3c3-41","cowpea",9.62,11.79
"19bc398aa3c3-42","cowpea",9.57,11.79
"19bc398aa3c3-43","cowpea",7.53,12.46
"19bc398aa3c3-44","cowpea",7.52,12.48
"19bc398aa3c3-45","cowpea",7.5,12.44
"19bc398aa3c3-46","cowpea",7.49,12.43
"19bc398aa3c3-47","cowpea",7.47,12.45
"19bc398aa3c3-48","cowpea",7.47,12.45
"19bc398aa3c3-49","cowpea",7.47,12.45
"19bc398aa3c3-50","cowpea",7.47,12.43
"19bc398aa3c3-51","cowpea",7.53,12.46
"19bc398aa3c3-52","cowpea",7.49,12.46
"19bc398aa3c3-53","cowpea",7.48,12.45
"19bc398aa3c3-54","cowpea",7.5,12.44
"19bc398aa3c3-55","cowpea",7.48,12.45
"19bc398aa3c3-56","cowpea",7.49,12.45
"19bc398aa3c3-57","cowpea",7.49,12.45
"19bc398aa3c3-58","cowpea",7.5,12.45
"19bc398aa3c3-59","cowpea",7.47,12.45
"19bc398aa3c3-60","cowpea",7.47,12.42
"19bc398aa3c3-61","cowpea",7.48,12.44
"19bc398aa3c3-62","cowpea",7.47,12.44
"19bc398aa3c3-63","cowpea",8.85,11.63
"19bc398aa3c3-64","cowpea",8.83,11.65
"19bc398aa3c3-65","cowpea",8.83,11.64
"19bc398aa3c3-66","cowpea",8.85,11.65
"19bc398aa3c3-67","cowpea",8.83,11.64
"19bc398aa3c3-68","cowpea",8.83,11.64
"19bc398aa3c3-69","cowpea",8.85,11.64
"19bc398aa3c3-70","cowpea",8.82,11.64
"19bc398aa3c3-71","cowpea",8.81,11.64
"19bc398aa3c3-72","cowpea",8.84,11.62
"19bc398aa3c3-73","cowpea",8.84,11.64
"19bc398aa3c3-74","cowpea",8.81,11.64
"19bc398aa3c3-75","cowpea",8.81,11.64
"19bc398aa3c3-76","cowpea",8.86,11.67
"19bc398aa3c3-77","cowpea",8.85,11.65
"19bc398aa3c3-78","cowpea",8.84,11.64
"19bc398aa3c3-79","cowpea",8.85,11.66
"19bc398aa3c3-80","cowpea",8.84,11.63
"19bc398aa3c3-81","cowpea",8.82,11.64
"19bc398aa3c3-82","cowpea",8.83,11.65
"19bc398aa3c3-83","cowpea",9.44,11.35
"19bc398aa3c3-84","cowpea",9.45,11.36
"19bc398aa3c3-85","cowpea",9.44,11.38
"19bc398aa3c3-86","cowpea",9.44,11.35
"19bc398aa3c3-87","cowpea",9.42,11.35
"19bc398aa3c3-88","cowpea",9.44,11.35
"19bc398aa3c3-89","cowpea",9.44,11.36
"19bc398aa3c3-90","cowpea",9.49,11.45
"19bc398aa3c3-91","cowpea",9.49,11.47
"19bc398aa3c3-92","cowpea",9.48,11.47
"19bc398aa3c3-93","cowpea",9.49,11.46
"19bc398aa3c3-94","cowpea",9.47,11.49
"19bc398aa3c3-95","cowpea",9.48,11.48
"19bc398aa3c3-96","cowpea",9.49,11.46
"19bc398aa3c3-97","cowpea",9.49,11.47
"19bc398aa3c3-98","cowpea",9.48,11.47
"19bc398aa3c3-99","cowpea",9.49,11.46
"19bc398aa3c3-100","cowpea",9.43,11.36
"19bc398aa3c3-101","cowpea",9.49,11.47
"19bc398aa3c3-102","cowpea",9.43,11.36
"19bc398aa3c3-103","cowpea",7.76,12.49
"19bc398aa3c3-104","cowpea",7.75,12.48
"19bc398aa3c3-105","cowpea",7.77,12.48
"19bc398aa3c3-106","cowpea",7.76,12.47
"19bc398aa3c3-107","cowpea",7.76,12.47
"19bc398aa3c3-108","cowpea",7.76,12.46
"19bc398aa3c3-109","cowpea",7.76,12.48
"19bc398aa3c3-110","cowpea",7.77,12.48
"19bc398aa3c3-111","cowpea",7.77,12.46
"19bc398aa3c3-112","cowpea",7.75,12.47
"19bc398aa3c3-113","cowpea",7.74,12.5
"19bc398aa3c3-114","cowpea",7.73,12.5
"19bc398aa3c3-115","cowpea",7.76,12.5
"19bc398aa3c3-116","cowpea",7.75,12.48
"19bc398aa3c3-117","cowpea",7.73,12.48
"19bc398aa3c3-118","cowpea",7.75,12.5
"19bc398aa3c3-119","cowpea",7.73,12.49
"19bc398aa3c3-120","cowpea",7.73,12.49
"19bc398aa3c3-121","cowpea",7.73,12.49
"19bc398aa3c3-122","cowpea",7.73,12.5
"19bc398aa3c3-123","cowpea",9.59,12.05
"19bc398aa3c3-124","cowpea",9.62,12.1
"19bc398aa3c3-125","cowpea",9.54,11.97
"19bc398aa3c3-126","cowpea",9.64,12.1
"19bc398aa3c3-127","cowpea",9.61,12.07
"19bc398aa3c3-128","cowpea",9.62,12.08
"19bc398aa3c3-129","cowpea",9.63,12.09
"19bc398aa3c3-130","cowpea",9.63,12.08
"19bc398aa3c3-131","cowpea",9.62,12.08
"19bc398aa3c3-132","cowpea",9.61,12.09
"19bc398aa3c3-133","cowpea",9.62,12.1
"19bc398aa3c3-134","cowpea",9.54,12
"19bc398aa3c3-135","cowpea",9.62,12.09
"19bc398aa3c3-136","cowpea",9.63,12.11
"19bc398aa3c3-137","cowpea",9.62,12.11
"19bc398aa3c3-138","cowpea",9.54,11.99
"19bc398aa3c3-139","cowpea",9.63,12.1
"19bc398aa3c3-140","cowpea",9.58,12.04
"19bc398aa3c3-141","cowpea",9.6,12.04
"19bc398aa3c3-142","cowpea",9.63,12.09
"19bc398aa3c3-143","cowpea",8.52,12.43
"19bc398aa3c3-144","cowpea",8.52,12.42
"19bc398aa3c3-145","cowpea",8.52,12.41
"19bc398aa3c3-146","cowpea",8.51,12.42
"19bc398aa3c3-147","cowpea",8.53,12.42
"19bc398aa3c3-148","cowpea",8.5,12.42
"19bc398aa3c3-149","cowpea",8.52,12.42
"19bc398aa3c3-150","cowpea",8.52,12.41
"19bc398aa3c3-151","cowpea",8.53,12.43
"19bc398aa3c3-152","cowpea",8.57,12.4
"19bc398aa3c3-153","cowpea",8.52,12.43
"19bc398aa3c3-154","cowpea",8.53,12.44
"19bc398aa3c3-155","cowpea",8.58,12.41
"19bc398aa3c3-156","cowpea",8.51,12.43
"19bc398aa3c3-157","cowpea",8.56,12.39
"19bc398aa3c3-158","cowpea",8.56,12.4
"19bc398aa3c3-159","cowpea",8.57,12.4
"19bc398aa3c3-160","cowpea",8.51,12.43
"19bc398aa3c3-161","cowpea",8.51,12.41
"19bc398aa3c3-162","cowpea",8.51,12.42
"19bc398aa3c3-163","cowpea",9.88,12.54
"19bc398aa3c3-164","cowpea",9.88,12.54
"19bc398aa3c3-165","cowpea",9.87,12.54
"19bc398aa3c3-166","cowpea",9.89,12.53
"19bc398aa3c3-167","cowpea",9.89,12.52
"19bc398aa3c3-168","cowpea",9.89,12.54
"19bc398aa3c3-169","cowpea",9.89,12.54
"19bc398aa3c3-170","cowpea",9.85,12.58
"19bc398aa3c3-171","cowpea",9.86,12.59
"19bc398aa3c3-172","cowpea",9.86,12.59
"19bc398aa3c3-173","cowpea",9.87,12.56
"19bc398aa3c3-174","cowpea",9.88,12.57
"19bc398aa3c3-175","cowpea",9.86,12.57
"19bc398aa3c3-176","cowpea",9.87,12.58
"19bc398aa3c3-177","cowpea",9.86,12.57
"19bc398aa3c3-178","cowpea",9.87,12.57
"19bc398aa3c3-179","cowpea",9.89,12.57
"19bc398aa3c3-180","cowpea",9.89,12.56
"19bc398aa3c3-181","cowpea",9.87,12.59
"19bc398aa3c3-182","cowpea",9.87,12.57
"19bc398aa3c3-183","cowpea",9.65,12.63
"19bc398aa3c3-184","cowpea",9.65,12.63
"19bc398aa3c3-185","cowpea",9.64,12.63
"19bc398aa3c3-186","cowpea",9.7,12.61
"19bc398aa3c3-187","cowpea",9.68,12.61
"19bc398aa3c3-188","cowpea",9.69,12.59
"19bc398aa3c3-189","cowpea",9.7,12.6
"19bc398aa3c3-190","cowpea",9.69,12.61
"19bc398aa3c3-191","cowpea",9.68,12.62
"19bc398aa3c3-192","cowpea",9.67,12.64
"19bc398aa3c3-193","cowpea",9.68,12.62
"19bc398aa3c3-194","cowpea",9.68,12.61
"19bc398aa3c3-195","cowpea",9.69,12.61
"19bc398aa3c3-196","cowpea",9.7,12.62
"19bc398aa3c3-197","cowpea",9.68,12.62
"19bc398aa3c3-198","cowpea",9.66,12.63
"19bc398aa3c3-199","cowpea",9.68,12.61
"19bc398aa3c3-200","cowpea",9.7,12.59
"19bc398aa3c3-201","cowpea",9.69,12.62
"19bc398aa3c3-202","cowpea",9.7,12.63
"19bc398aa3c3-203","cowpea",7.89,12.12
"19bc398aa3c3-204","cowpea",7.88,12.12
"19bc398aa3c3-205","cowpea",7.89,12.1
"19bc398aa3c3-206","cowpea",7.89,12.11
"19bc398aa3c3-207","cowpea",7.89,12.12
"19bc398aa3c3-208","cowpea",7.89,12.12
"19bc398aa3c3-209","cowpea",7.88,12.11
"19bc398aa3c3-210","cowpea",7.9,12.11
"19bc398aa3c3-211","cowpea",7.89,12.1
"19bc398aa3c3-212","cowpea",7.89,12.12
"19bc398aa3c3-213","cowpea",7.89,12.11
"19bc398aa3c3-214","cowpea",7.89,12.1
"19bc398aa3c3-215","cowpea",7.9,12.11
"19bc398aa3c3-216","cowpea",7.91,12.11
"19bc398aa3c3-217","cowpea",7.88,12.11
"19bc398aa3c3-218","cowpea",7.88,12.11
"19bc398aa3c3-219","cowpea",7.9,12.11
"19bc398aa3c3-220","cowpea",7.89,12.12
"19bc398aa3c3-221","cowpea",7.9,12.1
"19bc398aa3c3-222","cowpea",7.88,12.11
"19bc398aa3c3-223","cowpea",8.34,12.01
"19bc398aa3c3-224","cowpea",8.32,11.99
"19bc398aa3c3-225","cowpea",8.35,12.01
"19bc398aa3c3-226","cowpea",8.37,12.09
"19bc398aa3c3-227","cowpea",8.34,11.99
"19bc398aa3c3-228","cowpea",8.32,12
"19bc398aa3c3-229","cowpea",8.3,12.05
"19bc398aa3c3-230","cowpea",8.36,12.01
"19bc398aa3c3-231","cowpea",8.37,12.01
"19bc398aa3c3-232","cowpea",8.36,12.03
"19bc398aa3c3-233","cowpea",8.34,11.98
"19bc398aa3c3-234","cowpea",8.36,11.99
"19bc398aa3c3-235","cowpea",8.31,11.98
"19bc398aa3c3-236","cowpea",8.31,12.05
"19bc398aa3c3-237","cowpea",8.33,11.97
"19bc398aa3c3-238","cowpea",8.33,12
"19bc398aa3c3-239","cowpea",8.31,11.98
"19bc398aa3c3-240","cowpea",8.32,12.01
"19bc398aa3c3-241","cowpea",8.32,11.99
"19bc398aa3c3-242","cowpea",8.31,12
"19bc398aa3c3-243","cowpea",9.27,12.24
"19bc398aa3c3-244","cowpea",9.26,12.26
"19bc398aa3c3-245","cowpea",9.26,12.25
"19bc398aa3c3-246","cowpea",9.25,12.26
"19bc398aa3c3-247","cowpea",9.27,12.24
"19bc398aa3c3-248","cowpea",9.28,12.21
"19bc398aa3c3-249","cowpea",9.27,12.24
"19bc398aa3c3-250","cowpea",9.26,12.24
"19bc398aa3c3-251","cowpea",9.24,12.23
"19bc398aa3c3-252","cowpea",9.26,12.24
"19bc398aa3c3-253","cowpea",9.26,12.23
"19bc398aa3c3-254","cowpea",9.26,12.23
"19bc398aa3c3-255","cowpea",9.26,12.24
"19bc398aa3c3-256","cowpea",9.26,12.24
"19bc398aa3c3-257","cowpea",9.28,12.22
"19bc398aa3c3-258","cowpea",9.29,12.22
"19bc398aa3c3-259","cowpea",9.27,12.24
"19bc398aa3c3-260","cowpea",9.29,12.21
"19bc398aa3c3-261","cowpea",9.29,12.22
"19bc398aa3c3-262","cowpea",9.28,12.26
"19bc398aa3c3-263","cowpea",7.67,12.24
"19bc398aa3c3-264","cowpea",7.69,12.24
"19bc398aa3c3-265","cowpea",7.72,12.23
"19bc398aa3c3-266","cowpea",7.67,12.23
"19bc398aa3c3-267","cowpea",7.68,12.22
"19bc398aa3c3-268","cowpea",7.68,12.24
"19bc398aa3c3-269","cowpea",7.67,12.22
"19bc398aa3c3-270","cowpea",7.67,12.25
"19bc398aa3c3-271","cowpea",7.68,12.21
"19bc398aa3c3-272","cowpea",7.68,12.21
"19bc398aa3c3-273","cowpea",7.66,12.22
"19bc398aa3c3-274","cowpea",7.67,12.22
"19bc398aa3c3-275","cowpea",7.69,12.24
"19bc398aa3c3-276","cowpea",7.67,12.23
"19bc398aa3c3-277","cowpea",7.69,12.23
"19bc398aa3c3-278","cowpea",7.69,12.22
"19bc398aa3c3-279","cowpea",7.67,12.2
"19bc398aa3c3-280","cowpea",7.7,12.24
"19bc398aa3c3-281","cowpea",7.67,12.24
"19bc398aa3c3-282","cowpea",7.65,12.21
"19bc398aa3c3-283","cowpea",8.23,12.19
"19bc398aa3c3-284","cowpea",8.22,12.2
"19bc398aa3c3-285","cowpea",8.23,12.23
"19bc398aa3c3-286","cowpea",8.22,12.24
"19bc398aa3c3-287","cowpea",8.18,12.28
"19bc398aa3c3-288","cowpea",8.2,12.15
"19bc398aa3c3-289","cowpea",8.24,12.2
"19bc398aa3c3-290","cowpea",8.22,12.19
"19bc398aa3c3-291","cowpea",8.22,12.18
"19bc398aa3c3-292","cowpea",8.23,12.18
"19bc398aa3c3-293","cowpea",8.24,12.23
"19bc398aa3c3-294","cowpea",8.23,12.19
"19bc398aa3c3-295","cowpea",8.18,12.29
"19bc398aa3c3-296","cowpea",8.18,12.28
"19bc398aa3c3-297","cowpea",8.22,12.16
"19bc398aa3c3-298","cowpea",8.23,12.17
"19bc398aa3c3-299","cowpea",8.21,12.2
"19bc398aa3c3-300","cowpea",8.22,12.23
"19bc398aa3c3-301","cowpea",8.19,12.28
"19bc398aa3c3-302","cowpea",8.17,12.28
"19bc398aa3c3-303","cowpea",7.89,11.87
"19bc398aa3c3-304","cowpea",7.88,11.88
"19bc398aa3c3-305","cowpea",7.89,11.88
"19bc398aa3c3-306","cowpea",7.88,11.87
"19bc398aa3c3-307","cowpea",7.9,11.87
"19bc398aa3c3-308","cowpea",7.89,11.88
"19bc398aa3c3-309","cowpea",7.89,11.88
"19bc398aa3c3-310","cowpea",7.88,11.88
"19bc398aa3c3-311","cowpea",7.9,11.88
"19bc398aa3c3-312","cowpea",7.9,11.88
"19bc398aa3c3-313","cowpea",7.91,11.88
"19bc398aa3c3-314","cowpea",7.89,11.88
"19bc398aa3c3-315","cowpea",7.89,11.88
"19bc398aa3c3-316","cowpea",7.9,11.87
"19bc398aa3c3-317","cowpea",7.89,11.92
"19bc398aa3c3-318","cowpea",8,11.94
"19bc398aa3c3-319","cowpea",8,11.95
"19bc398aa3c3-320","cowpea",8,11.95
"19bc398aa3c3-321","cowpea",8.01,11.94
"19bc398aa3c3-322","cowpea",7.98,11.93
"136e5963498a-1","cowpea",8.31,12
"136e5963498a-2","cowpea",8.32,11.99
"136e5963498a-3","cowpea",8.31,11.98
"136e5963498a-4","cowpea",8.36,12.02
"136e5963498a-5","cowpea",8.32,11.99
"136e5963498a-6","cowpea",8.33,12
"136e5963498a-7","cowpea",8.34,11.99
"136e5963498a-8","cowpea",8.33,12.01
"136e5963498a-9","cowpea",8.34,12.01
"136e5963498a-10","cowpea",8.37,12
"136e5963498a-11","cowpea",8.33,12
"136e5963498a-12","cowpea",8.38,11.99
"136e5963498a-13","cowpea",8.32,11.98
"136e5963498a-14","cowpea",8.35,11.98
"136e5963498a-15","cowpea",8.32,11.99
"136e5963498a-16","cowpea",8.32,12.02
"136e5963498a-17","cowpea",8.3,11.97
"136e5963498a-18","cowpea",8.32,11.98
"136e5963498a-19","cowpea",8.31,12
"136e5963498a-20","cowpea",8.37,11.98
"136e5963498a-21","cowpea",8.52,12.43
"136e5963498a-22","cowpea",8.5,12.42
"136e5963498a-23","cowpea",8.51,12.44
"136e5963498a-24","cowpea",8.5,12.42
"136e5963498a-25","cowpea",8.53,12.44
"136e5963498a-26","cowpea",8.52,12.44
"136e5963498a-27","cowpea",8.7,12.58
"136e5963498a-28","cowpea",8.51,12.41
"136e5963498a-29","cowpea",8.7,12.57
"136e5963498a-30","cowpea",8.69,12.54
"136e5963498a-31","cowpea",8.51,12.42
"136e5963498a-32","cowpea",8.72,12.58
"136e5963498a-33","cowpea",8.7,12.57
"136e5963498a-34","cowpea",8.7,12.55
"136e5963498a-35","cowpea",8.51,12.42
"136e5963498a-36","cowpea",8.71,12.56
"136e5963498a-37","cowpea",8.51,12.44
"136e5963498a-38","cowpea",8.5,12.45
"136e5963498a-39","cowpea",8.5,12.43
"136e5963498a-40","cowpea",8.52,12.43
"136e5963498a-41","cowpea",8.33,12.09
"136e5963498a-42","cowpea",8.34,12.11
"136e5963498a-43","cowpea",8.34,12.1
"136e5963498a-44","cowpea",8.32,12.11
"136e5963498a-45","cowpea",8.33,12.1
"136e5963498a-46","cowpea",8.33,12.11
"136e5963498a-47","cowpea",8.34,12.11
"136e5963498a-48","cowpea",8.33,12.11
"136e5963498a-49","cowpea",8.32,12.12
"136e5963498a-50","cowpea",8.34,12.1
"136e5963498a-51","cowpea",8.34,12.09
"136e5963498a-52","cowpea",8.34,12.08
"136e5963498a-53","cowpea",8.32,12.11
"136e5963498a-54","cowpea",8.33,12.09
"136e5963498a-55","cowpea",8.34,12.11
"136e5963498a-56","cowpea",8.34,12.11
"136e5963498a-57","cowpea",8.33,12.12
"136e5963498a-58","cowpea",8.32,12.11
"136e5963498a-59","cowpea",8.32,12.11
"136e5963498a-60","cowpea",8.34,12.09
"136e5963498a-61","cowpea",7.73,12.22
"136e5963498a-62","cowpea",7.72,12.21
"136e5963498a-63","cowpea",7.68,12.24
"136e5963498a-64","cowpea",7.69,12.26
"136e5963498a-65","cowpea",7.71,12.22
"136e5963498a-66","cowpea",7.68,12.24
"136e5963498a-67","cowpea",7.68,12.24
"136e5963498a-68","cowpea",7.67,12.26
"136e5963498a-69","cowpea",7.71,12.22
"136e5963498a-70","cowpea",7.68,12.22
"136e5963498a-71","cowpea",7.72,12.23
"136e5963498a-72","cowpea",7.69,12.19
"136e5963498a-73","cowpea",7.67,12.24
"136e5963498a-74","cowpea",7.67,12.25
"136e5963498a-75","cowpea",7.67,12.24
"136e5963498a-76","cowpea",7.69,12.24
"136e5963498a-77","cowpea",7.7,12.22
"136e5963498a-78","cowpea",7.67,12.24
"136e5963498a-79","cowpea",7.67,12.24
"136e5963498a-80","cowpea",7.67,12.24
"136e5963498a-81","cowpea",8.2,12.16
"136e5963498a-82","cowpea",8.23,12.18
"136e5963498a-83","cowpea",8.21,12.15
"136e5963498a-84","cowpea",8.24,12.19
"136e5963498a-85","cowpea",8.22,12.15
"136e5963498a-86","cowpea",8.21,12.15
"136e5963498a-87","cowpea",8.21,12.14
"136e5963498a-88","cowpea",8.22,12.18
"136e5963498a-89","cowpea",8.22,12.19
"136e5963498a-90","cowpea",8.2,12.15
"136e5963498a-91","cowpea",8.22,12.18
"136e5963498a-92","cowpea",8.23,12.17
"136e5963498a-93","cowpea",8.21,12.18
"136e5963498a-94","cowpea",8.2,12.17
"136e5963498a-95","cowpea",8.2,12.17
"136e5963498a-96","cowpea",8.22,12.18
"136e5963498a-97","cowpea",8.19,12.15
"136e5963498a-98","cowpea",8.22,12.18
"136e5963498a-99","cowpea",8.24,12.18
"136e5963498a-100","cowpea",8.22,12.2
"136e5963498a-101","cowpea",9.87,12.57
"136e5963498a-102","cowpea",9.86,12.58
"136e5963498a-103","cowpea",9.86,12.59
"136e5963498a-104","cowpea",9.88,12.56
"136e5963498a-105","cowpea",9.86,12.59
"136e5963498a-106","cowpea",9.87,12.56
"136e5963498a-107","cowpea",9.87,12.57
"136e5963498a-108","cowpea",9.89,12.56
"136e5963498a-109","cowpea",9.89,12.55
"136e5963498a-110","cowpea",9.9,12.56
"136e5963498a-111","cowpea",9.9,12.55
"136e5963498a-112","cowpea",9.89,12.55
"136e5963498a-113","cowpea",9.88,12.54
"136e5963498a-114","cowpea",9.88,12.56
"136e5963498a-115","cowpea",9.88,12.56
"136e5963498a-116","cowpea",9.9,12.55
"136e5963498a-117","cowpea",9.89,12.54
"136e5963498a-118","cowpea",9.88,12.56
"136e5963498a-119","cowpea",9.9,12.54
"136e5963498a-120","cowpea",9.91,12.56
"136e5963498a-121","cowpea",8.81,11.63
"136e5963498a-122","cowpea",8.82,11.65
"136e5963498a-123","cowpea",8.82,11.64
"136e5963498a-124","cowpea",8.83,11.63
"136e5963498a-125","cowpea",8.82,11.63
"136e5963498a-126","cowpea",8.82,11.64
"136e5963498a-127","cowpea",8.82,11.63
"136e5963498a-128","cowpea",8.82,11.66
"136e5963498a-129","cowpea",8.81,11.65
"136e5963498a-130","cowpea",8.83,11.63
"136e5963498a-131","cowpea",8.82,11.65
"136e5963498a-132","cowpea",8.82,11.64
"136e5963498a-133","cowpea",8.83,11.63
"136e5963498a-134","cowpea",8.81,11.64
"136e5963498a-135","cowpea",8.82,11.64
"136e5963498a-136","cowpea",8.82,11.65
"136e5963498a-137","cowpea",8.82,11.65
"136e5963498a-138","cowpea",8.81,11.65
"136e5963498a-139","cowpea",8.82,11.64
"136e5963498a-140","cowpea",8.81,11.65
"136e5963498a-141","cowpea",7.79,12.5
"136e5963498a-142","cowpea",7.78,12.5
"136e5963498a-143","cowpea",7.74,12.5
"136e5963498a-144","cowpea",7.75,12.49
"136e5963498a-145","cowpea",7.72,12.49
"136e5963498a-146","cowpea",7.73,12.5
"136e5963498a-147","cowpea",7.72,12.48
"136e5963498a-148","cowpea",7.73,12.49
"136e5963498a-149","cowpea",7.73,12.48
"136e5963498a-150","cowpea",7.78,12.5
"136e5963498a-151","cowpea",7.73,12.5
"136e5963498a-152","cowpea",7.73,12.48
"136e5963498a-153","cowpea",7.74,12.49
"136e5963498a-154","cowpea",7.79,12.51
"136e5963498a-155","cowpea",7.76,12.51
"136e5963498a-156","cowpea",7.72,12.49
"136e5963498a-157","cowpea",7.74,12.48
"136e5963498a-158","cowpea",7.72,12.5
"136e5963498a-159","cowpea",7.75,12.49
"136e5963498a-160","cowpea",7.77,12.51
"136e5963498a-161","cowpea",8.01,11.93
"136e5963498a-162","cowpea",7.83,11.92
"136e5963498a-163","cowpea",7.88,11.87
"136e5963498a-164","cowpea",8,11.93
"136e5963498a-165","cowpea",7.87,11.88
"136e5963498a-166","cowpea",7.94,11.91
"136e5963498a-167","cowpea",8.01,11.93
"136e5963498a-168","cowpea",8.01,11.94
"136e5963498a-169","cowpea",8.01,11.94
"136e5963498a-170","cowpea",8,11.93
"136e5963498a-171","cowpea",8.01,11.93
"136e5963498a-172","cowpea",7.99,11.94
"136e5963498a-173","cowpea",7.94,11.9
"136e5963498a-174","cowpea",8.01,11.94
"136e5963498a-175","cowpea",7.87,11.88
"136e5963498a-176","cowpea",7.99,11.94
"136e5963498a-177","cowpea",8,11.94
"136e5963498a-178","cowpea",7.99,11.93
"136e5963498a-179","cowpea",7.88,11.88
"136e5963498a-180","cowpea",7.99,11.93
"136e5963498a-181","cowpea",9.61,11.97
"136e5963498a-182","cowpea",9.61,12.04
"136e5963498a-183","cowpea",9.62,12.03
"136e5963498a-184","cowpea",9.63,12.07
"136e5963498a-185","cowpea",9.65,11.97
"136e5963498a-186","cowpea",9.62,12.08
"136e5963498a-187","cowpea",9.6,12.02
"136e5963498a-188","cowpea",9.61,11.97
"136e5963498a-189","cowpea",9.6,12.03
"136e5963498a-190","cowpea",9.6,12.03
"136e5963498a-191","cowpea",9.6,12.04
"136e5963498a-192","cowpea",9.61,12.04
"136e5963498a-193","cowpea",9.64,11.97
"136e5963498a-194","cowpea",9.58,12.02
"136e5963498a-195","cowpea",9.61,12.03
"136e5963498a-196","cowpea",9.64,12.08
"136e5963498a-197","cowpea",9.61,12.03
"136e5963498a-198","cowpea",9.63,11.98
"136e5963498a-199","cowpea",9.6,12.04
"136e5963498a-200","cowpea",9.58,12.03
"136e5963498a-201","cowpea",9.71,12.63
"136e5963498a-202","cowpea",9.72,12.63
"136e5963498a-203","cowpea",9.71,12.62
"136e5963498a-204","cowpea",9.7,12.61
"136e5963498a-205","cowpea",9.71,12.62
"136e5963498a-206","cowpea",9.73,12.62
"136e5963498a-207","cowpea",9.73,12.62
"136e5963498a-208","cowpea",9.71,12.61
"136e5963498a-209","cowpea",9.73,12.62
"136e5963498a-210","cowpea",9.69,12.64
"136e5963498a-211","cowpea",9.68,12.6
"136e5963498a-212","cowpea",9.68,12.62
"136e5963498a-213","cowpea",9.69,12.61
"136e5963498a-214","cowpea",9.7,12.63
"136e5963498a-215","cowpea",9.7,12.61
"136e5963498a-216","cowpea",9.68,12.62
"136e5963498a-217","cowpea",9.69,12.62
"136e5963498a-218","cowpea",9.7,12.61
"136e5963498a-219","cowpea",9.69,12.62
"136e5963498a-220","cowpea",9.7,12.62
"136e5963498a-221","cowpea",9.28,12.22
"136e5963498a-222","cowpea",9.26,12.26
"136e5963498a-223","cowpea",9.27,12.24
"136e5963498a-224","cowpea",9.26,12.22
"136e5963498a-225","cowpea",9.28,12.27
"136e5963498a-226","cowpea",9.26,12.25
"136e5963498a-227","cowpea",9.24,12.24
"136e5963498a-228","cowpea",9.3,12.24
"136e5963498a-229","cowpea",9.28,12.22
"136e5963498a-230","cowpea",9.27,12.23
"136e5963498a-231","cowpea",9.25,12.25
"136e5963498a-232","cowpea",9.25,12.27
"136e5963498a-233","cowpea",9.25,12.24
"136e5963498a-234","cowpea",9.28,12.26
"136e5963498a-235","cowpea",9.28,12.25
"136e5963498a-236","cowpea",9.3,12.24
"136e5963498a-237","cowpea",9.29,12.24
"136e5963498a-238","cowpea",9.28,12.24
"136e5963498a-239","cowpea",9.27,12.23
"136e5963498a-240","cowpea",9.31,12.23
"136e5963498a-241","cowpea",9.6,11.78
"136e5963498a-242","cowpea",9.58,11.79
"136e5963498a-243","cowpea",9.59,11.79
"136e5963498a-244","cowpea",9.57,11.78
"136e5963498a-245","cowpea",9.61,11.78
"136e5963498a-246","cowpea",9.61,11.8
"136e5963498a-247","cowpea",9.64,11.79
"136e5963498a-248","cowpea",9.58,11.77
"136e5963498a-249","cowpea",9.62,11.79
"136e5963498a-250","cowpea",9.64,11.8
"136e5963498a-251","cowpea",9.63,11.77
"136e5963498a-252","cowpea",9.57,11.78
"136e5963498a-253","cowpea",9.62,11.81
"136e5963498a-254","cowpea",9.63,11.82
"136e5963498a-255","cowpea",9.62,11.79
"136e5963498a-256","cowpea",9.61,11.78
"136e5963498a-257","cowpea",9.57,11.78
"136e5963498a-258","cowpea",9.6,11.78
"136e5963498a-259","cowpea",9.63,11.78
"136e5963498a-260","cowpea",9.62,11.78
"136e5963498a-261","cowpea",7.46,12.42
"136e5963498a-262","cowpea",7.46,12.43
"136e5963498a-263","cowpea",7.47,12.42
"136e5963498a-264","cowpea",7.47,12.44
"136e5963498a-265","cowpea",7.48,12.43
"136e5963498a-266","cowpea",7.48,12.44
"136e5963498a-267","cowpea",7.46,12.44
"136e5963498a-268","cowpea",7.5,12.43
"136e5963498a-269","cowpea",7.51,12.44
"136e5963498a-270","cowpea",7.5,12.44
"136e5963498a-271","cowpea",7.51,12.43
"136e5963498a-272","cowpea",7.5,12.45
"136e5963498a-273","cowpea",7.5,12.43
"136e5963498a-274","cowpea",7.51,12.44
"136e5963498a-275","cowpea",7.5,12.44
"136e5963498a-276","cowpea",7.5,12.44
"136e5963498a-277","cowpea",7.51,12.44
"136e5963498a-278","cowpea",7.49,12.45
"136e5963498a-279","cowpea",7.48,12.44
"136e5963498a-280","cowpea",7.5,12.47
"136e5963498a-281","cowpea",7.98,12.04
"136e5963498a-282","cowpea",7.95,12.03
"136e5963498a-283","cowpea",7.94,12.03
"136e5963498a-284","cowpea",7.94,12.03
"136e5963498a-285","cowpea",7.94,12.02
"136e5963498a-286","cowpea",7.94,12.03
"136e5963498a-287","cowpea",7.93,12.03
"136e5963498a-288","cowpea",7.94,12.02
"136e5963498a-289","cowpea",7.94,12.03
"136e5963498a-290","cowpea",7.93,12.02
"136e5963498a-291","cowpea",7.96,11.99
"136e5963498a-292","cowpea",7.93,12.02
"136e5963498a-293","cowpea",7.94,12.04
"136e5963498a-294","cowpea",7.95,12.01
"136e5963498a-295","cowpea",7.93,12.03
"136e5963498a-296","cowpea",7.95,12.04
"136e5963498a-297","cowpea",7.95,12.02
"136e5963498a-298","cowpea",7.94,12.02
"136e5963498a-299","cowpea",7.95,12.02
"136e5963498a-300","cowpea",7.95,12.02
"136e5963498a-301","cowpea",9.45,11.36
"136e5963498a-302","cowpea",9.44,11.34
"136e5963498a-303","cowpea",9.43,11.36
"136e5963498a-304","cowpea",9.45,11.36
"136e5963498a-305","cowpea",9.44,11.37
"136e5963498a-306","cowpea",9.44,11.36
"136e5963498a-307","cowpea",9.43,11.36
"136e5963498a-308","cowpea",9.44,11.36
"136e5963498a-309","cowpea",9.46,11.35
"136e5963498a-310","cowpea",9.45,11.35
"136e5963498a-311","cowpea",9.45,11.36
"136e5963498a-312","cowpea",9.44,11.37
"136e5963498a-313","cowpea",9.45,11.36
"136e5963498a-314","cowpea",9.44,11.37
"136e5963498a-315","cowpea",9.48,11.45
"136e5963498a-316","cowpea",9.43,11.37
"136e5963498a-317","cowpea",9.45,11.36
"136e5963498a-318","cowpea",9.44,11.37
"136e5963498a-319","cowpea",9.44,11.36
"136e5963498a-320","cowpea",9.45,11.37
"136e5963498a-321","cowpea",9.43,11.35
"136e5963498a-322","cowpea",9.49,11.46
"e5f6c564977b-1","forages",37.86,7.56
"e5f6c564977b-2","forages",37.86,7.56
"e5f6c564977b-3","forages",37.87,7.56
"e5f6c564977b-4","forages",37.87,7.55
"e5f6c564977b-5","forages",37.87,7.56
"e5f6c564977b-6","forages",37.87,7.55
"e5f6c564977b-7","forages",37.88,7.54
"e5f6c564977b-8","forages",37.87,7.54
"e5f6c564977b-9","forages",37.87,7.56
"e5f6c564977b-10","forages",37.87,7.55
"e5f6c564977b-11","forages",37.88,7.55
"e5f6c564977b-12","forages",37.86,7.55
"e5f6c564977b-13","forages",37.87,7.54
"e5f6c564977b-14","forages",37.86,7.54
"e5f6c564977b-15","forages",37.87,7.55
"e5f6c564977b-16","forages",37.87,7.55
"e5f6c564977b-17","forages",37.87,7.55
"e5f6c564977b-18","forages",37.86,7.55
"e5f6c564977b-19","forages",37.88,7.55
"e5f6c564977b-20","forages",37.87,7.56
"e5f6c564977b-21","forages",37.78,7.38
"e5f6c564977b-22","forages",37.8,7.35
"e5f6c564977b-23","forages",37.81,7.39
"e5f6c564977b-24","forages",37.81,7.39
"e5f6c564977b-25","forages",37.82,7.39
"e5f6c564977b-26","forages",37.82,7.4
"e5f6c564977b-27","forages",37.8,7.38
"e5f6c564977b-29","forages",37.8,7.39
"e5f6c564977b-32","forages",37.79,7.36
"e5f6c564977b-33","forages",37.8,7.38
"e5f6c564977b-34","forages",37.79,7.38
"e5f6c564977b-36","forages",37.81,7.38
"e5f6c564977b-37","forages",37.79,7.38
"e5f6c564977b-38","forages",37.81,7.37
"e5f6c564977b-39","forages",37.81,7.37
"e5f6c564977b-40","forages",37.81,7.41
"e5f6c564977b-41","forages",37.81,7.42
"e5f6c564977b-42","forages",37.82,7.41
"e5f6c564977b-43","forages",37.8,7.4
"e5f6c564977b-44","forages",37.83,7.41
"e5f6c564977b-45","forages",37.8,7.4
"e5f6c564977b-46","forages",37.8,7.4
"e5f6c564977b-47","forages",37.83,7.41
"e5f6c564977b-48","forages",37.82,7.41
"e5f6c564977b-49","forages",37.82,7.41
"e5f6c564977b-50","forages",37.81,7.42
"e5f6c564977b-51","forages",37.82,7.41
"e5f6c564977b-52","forages",37.8,7.41
"e5f6c564977b-53","forages",37.82,7.41
"e5f6c564977b-54","forages",37.82,7.41
"e5f6c564977b-57","forages",37.82,7.4
"e5f6c564977b-58","forages",37.82,7.41
"e5f6c564977b-59","forages",37.8,7.4
"e5f6c564977b-60","forages",37.82,7.41
"e5f6c564977b-61","forages",38.28,6.96
"e5f6c564977b-62","forages",38.28,6.95
"e5f6c564977b-63","forages",38.28,6.97
"e5f6c564977b-64","forages",38.27,6.95
"e5f6c564977b-65","forages",38.28,6.96
"e5f6c564977b-66","forages",38.27,6.96
"e5f6c564977b-67","forages",38.27,6.96
"e5f6c564977b-68","forages",38.47,7.04
"e5f6c564977b-69","forages",38.27,6.95
"e5f6c564977b-70","forages",38.27,6.95
"e5f6c564977b-71","forages",38.27,6.96
"e5f6c564977b-72","forages",38.29,6.96
"e5f6c564977b-73","forages",38.28,6.96
"e5f6c564977b-74","forages",38.28,6.97
"e5f6c564977b-76","forages",38.29,6.97
"e5f6c564977b-77","forages",38.28,6.94
"e5f6c564977b-80","forages",38.28,6.95
"e5f6c564977b-81","forages",37.88,7.6
"e5f6c564977b-82","forages",37.88,7.6
"e5f6c564977b-83","forages",37.88,7.59
"e5f6c564977b-84","forages",37.85,7.56
"e5f6c564977b-85","forages",37.89,7.6
"e5f6c564977b-86","forages",37.87,7.57
"e5f6c564977b-87","forages",37.88,7.61
"e5f6c564977b-88","forages",37.89,7.56
"e5f6c564977b-89","forages",37.88,7.55
"e5f6c564977b-90","forages",37.89,7.59
"e5f6c564977b-91","forages",37.87,7.55
"e5f6c564977b-92","forages",37.86,7.57
"e5f6c564977b-93","forages",37.85,7.57
"e5f6c564977b-94","forages",37.86,7.56
"e5f6c564977b-95","forages",37.86,7.55
"e5f6c564977b-96","forages",37.87,7.57
"e5f6c564977b-97","forages",37.85,7.56
"e5f6c564977b-98","forages",37.89,7.6
"e5f6c564977b-99","forages",37.86,7.55
"e5f6c564977b-100","forages",37.9,7.59
"e5f6c564977b-101","forages",37.85,7.56
"e5f6c564977b-102","forages",37.84,7.57
"e5f6c564977b-103","forages",37.84,7.58
"e5f6c564977b-104","forages",37.85,7.55
"e5f6c564977b-105","forages",37.85,7.56
"e5f6c564977b-106","forages",37.86,7.56
"e5f6c564977b-107","forages",37.85,7.57
"e5f6c564977b-108","forages",37.85,7.58
"e5f6c564977b-109","forages",37.85,7.56
"e5f6c564977b-110","forages",37.84,7.57
"e5f6c564977b-111","forages",37.84,7.55
"e5f6c564977b-112","forages",37.85,7.54
"e5f6c564977b-113","forages",37.85,7.57
"e5f6c564977b-114","forages",37.85,7.58
"e5f6c564977b-115","forages",37.85,7.56
"e5f6c564977b-116","forages",37.85,7.55
"e5f6c564977b-117","forages",37.85,7.54
"e5f6c564977b-118","forages",37.86,7.55
"e5f6c564977b-120","forages",37.84,7.56
"e5f6c564977b-121","forages",37.78,7.38
"e5f6c564977b-122","forages",37.8,7.38
"e5f6c564977b-123","forages",37.81,7.41
"e5f6c564977b-124","forages",37.79,7.39
"e5f6c564977b-125","forages",37.79,7.38
"e5f6c564977b-127","forages",37.78,7.38
"e5f6c564977b-128","forages",37.79,7.39
"e5f6c564977b-129","forages",37.79,7.4
"e5f6c564977b-130","forages",37.77,7.39
"e5f6c564977b-131","forages",37.8,7.39
"e5f6c564977b-132","forages",37.79,7.38
"e5f6c564977b-133","forages",37.79,7.4
"e5f6c564977b-135","forages",37.78,7.4
"e5f6c564977b-136","forages",37.78,7.4
"e5f6c564977b-137","forages",37.79,7.4
"e5f6c564977b-138","forages",37.79,7.39
"e5f6c564977b-139","forages",37.77,7.39
"e5f6c564977b-140","forages",37.8,7.39
"e5f6c564977b-141","forages",38.29,6.94
"e5f6c564977b-142","forages",38.31,6.93
"e5f6c564977b-143","forages",38.29,6.93
"e5f6c564977b-144","forages",38.29,6.93
"e5f6c564977b-146","forages",38.3,6.94
"e5f6c564977b-147","forages",38.28,6.94
"e5f6c564977b-148","forages",38.28,6.93
"e5f6c564977b-149","forages",38.28,6.93
"e5f6c564977b-150","forages",38.29,6.94
"e5f6c564977b-151","forages",38.3,6.92
"e5f6c564977b-152","forages",38.3,6.94
"e5f6c564977b-153","forages",38.3,6.92
"e5f6c564977b-154","forages",38.3,6.94
"e5f6c564977b-155","forages",38.29,6.92
"e5f6c564977b-156","forages",38.3,6.93
"e5f6c564977b-157","forages",38.29,6.92
"e5f6c564977b-158","forages",38.29,6.94
"e5f6c564977b-159","forages",38.3,6.94
"e5f6c564977b-160","forages",38.3,6.92
"e5f6c564977b-161","forages",38.26,7
"e5f6c564977b-162","forages",38.25,7.01
"e5f6c564977b-163","forages",38.26,6.99
"e5f6c564977b-164","forages",38.26,7.01
"e5f6c564977b-165","forages",38.25,7
"e5f6c564977b-169","forages",38.27,6.98
"e5f6c564977b-170","forages",38.25,7.01
"e5f6c564977b-172","forages",38.24,7.01
"e5f6c564977b-173","forages",38.25,7.02
"e5f6c564977b-174","forages",38.26,7.01
"e5f6c564977b-175","forages",38.24,7.02
"e5f6c564977b-176","forages",38.24,7
"e5f6c564977b-177","forages",38.26,6.98
"e5f6c564977b-178","forages",38.25,7
"e5f6c564977b-179","forages",38.27,6.99
"e5f6c564977b-180","forages",38.24,7
"e5f6c564977b-181","forages",37.47,11.67
"e5f6c564977b-182","forages",37.46,11.67
"e5f6c564977b-183","forages",37.45,11.67
"e5f6c564977b-184","forages",37.46,11.69
"e5f6c564977b-185","forages",37.46,11.69
"e5f6c564977b-186","forages",37.45,11.69
"e5f6c564977b-187","forages",37.45,11.68
"e5f6c564977b-188","forages",37.46,11.69
"e5f6c564977b-189","forages",37.46,11.7
"e5f6c564977b-191","forages",37.44,11.68
"e5f6c564977b-192","forages",37.45,11.68
"e5f6c564977b-193","forages",37.45,11.69
"e5f6c564977b-197","forages",37.46,11.68
"e5f6c564977b-198","forages",37.47,11.69
"e5f6c564977b-199","forages",37.47,11.69
"e5f6c564977b-200","forages",37.48,11.7
"e5f6c564977b-221","forages",37.5,11.65
"e5f6c564977b-223","forages",37.5,11.65
"e5f6c564977b-224","forages",37.5,11.65
"e5f6c564977b-225","forages",37.49,11.65
"e5f6c564977b-226","forages",37.49,11.63
"e5f6c564977b-228","forages",37.5,11.64
"e5f6c564977b-229","forages",37.51,11.64
"e5f6c564977b-230","forages",37.51,11.66
"e5f6c564977b-231","forages",37.5,11.66
"e5f6c564977b-233","forages",37.5,11.66
"e5f6c564977b-234","forages",37.49,11.65
"e5f6c564977b-236","forages",37.5,11.64
"e5f6c564977b-237","forages",37.5,11.64
"e5f6c564977b-238","forages",37.49,11.65
"e5f6c564977b-239","forages",37.51,11.65
"e5f6c564977b-240","forages",37.51,11.65
"e5f6c564977b-241","forages",36.82,11.34
"e5f6c564977b-242","forages",36.82,11.33
"e5f6c564977b-243","forages",36.81,11.34
"e5f6c564977b-244","forages",36.81,11.33
"e5f6c564977b-245","forages",36.81,11.33
"e5f6c564977b-246","forages",36.83,11.32
"e5f6c564977b-247","forages",36.8,11.32
"e5f6c564977b-248","forages",36.81,11.32
"e5f6c564977b-249","forages",36.81,11.33
"e5f6c564977b-250","forages",36.8,11.35
"e5f6c564977b-251","forages",36.81,11.32
"e5f6c564977b-252","forages",36.83,11.33
"e5f6c564977b-254","forages",36.81,11.33
"e5f6c564977b-255","forages",36.82,11.34
"e5f6c564977b-256","forages",36.83,11.34
"e5f6c564977b-257","forages",36.83,11.32
"e5f6c564977b-258","forages",36.82,11.34
"e5f6c564977b-259","forages",36.82,11.36
"e5f6c564977b-260","forages",36.81,11.36
"e5f6c564977b-261","forages",36.87,11.18
"e5f6c564977b-262","forages",36.87,11.17
"e5f6c564977b-263","forages",36.87,11.2
"e5f6c564977b-264","forages",36.88,11.2
"e5f6c564977b-265","forages",36.87,11.19
"e5f6c564977b-266","forages",36.87,11.2
"e5f6c564977b-268","forages",36.87,11.21
"e5f6c564977b-269","forages",36.88,11.18
"e5f6c564977b-270","forages",36.89,11.19
"e5f6c564977b-271","forages",36.85,11.19
"e5f6c564977b-272","forages",36.87,11.18
"e5f6c564977b-273","forages",36.88,11.17
"e5f6c564977b-274","forages",36.87,11.19
"e5f6c564977b-275","forages",36.87,11.18
"e5f6c564977b-277","forages",36.86,11.19
"e5f6c564977b-278","forages",36.88,11.21
"e5f6c564977b-279","forages",36.86,11.17
"e5f6c564977b-280","forages",36.88,11.17
"e5f6c564977b-281","forages",36.81,11.3
"e5f6c564977b-282","forages",36.8,11.31
"e5f6c564977b-283","forages",36.81,11.32
"e5f6c564977b-284","forages",36.8,11.3
"e5f6c564977b-285","forages",36.78,11.31
"e5f6c564977b-286","forages",36.78,11.32
"e5f6c564977b-287","forages",36.78,11.32
"e5f6c564977b-288","forages",36.79,11.32
"e5f6c564977b-289","forages",36.78,11.31
"e5f6c564977b-290","forages",36.79,11.33
"e5f6c564977b-291","forages",36.78,11.34
"e5f6c564977b-292","forages",36.77,11.33
"e5f6c564977b-293","forages",36.77,11.34
"e5f6c564977b-294","forages",36.79,11.32
"e5f6c564977b-295","forages",36.77,11.32
"e5f6c564977b-296","forages",36.81,11.31
"e5f6c564977b-297","forages",36.79,11.32
"e5f6c564977b-298","forages",36.79,11.33
"e5f6c564977b-299","forages",36.78,11.32
"e5f6c564977b-300","forages",36.77,11.32
"e5f6c564977b-301","forages",37.47,11.76
"e5f6c564977b-302","forages",37.49,11.73
"e5f6c564977b-303","forages",37.47,11.75
"e5f6c564977b-304","forages",37.49,11.76
"e5f6c564977b-306","forages",37.51,11.76
"e5f6c564977b-307","forages",37.5,11.76
"e5f6c564977b-308","forages",37.49,11.76
"e5f6c564977b-309","forages",37.51,11.76
"e5f6c564977b-311","forages",37.5,11.78
"e5f6c564977b-312","forages",37.5,11.77
"e5f6c564977b-313","forages",37.51,11.77
"e5f6c564977b-314","forages",37.5,11.78
"e5f6c564977b-315","forages",37.5,11.77
"e5f6c564977b-316","forages",37.51,11.77
"e5f6c564977b-317","forages",37.51,11.78
"e5f6c564977b-318","forages",37.48,11.76
"e5f6c564977b-319","forages",37.51,11.76
"e5f6c564977b-321","forages",37.57,11.81
"e5f6c564977b-323","forages",37.58,11.8
"e5f6c564977b-324","forages",37.55,11.78
"e5f6c564977b-325","forages",37.58,11.81
"e5f6c564977b-326","forages",37.56,11.78
"e5f6c564977b-327","forages",37.57,11.76
"e5f6c564977b-328","forages",37.57,11.8
"e5f6c564977b-329","forages",37.58,11.79
"e5f6c564977b-330","forages",37.56,11.79
"e5f6c564977b-331","forages",37.57,11.79
"e5f6c564977b-332","forages",37.58,11.82
"e5f6c564977b-333","forages",37.59,11.8
"e5f6c564977b-334","forages",37.57,11.8
"e5f6c564977b-335","forages",37.58,11.78
"e5f6c564977b-337","forages",37.56,11.79
"e5f6c564977b-339","forages",37.57,11.79
"e5f6c564977b-340","forages",37.56,11.8
"e5f6c564977b-341","forages",37.55,11.79
"e5f6c564977b-342","forages",37.56,11.8
"e5f6c564977b-343","forages",37.55,11.8
"e5f6c564977b-344","forages",37.55,11.79
"e5f6c564977b-345","forages",37.55,11.79
"e5f6c564977b-346","forages",37.55,11.79
"e5f6c564977b-347","forages",37.56,11.8
"e5f6c564977b-349","forages",37.55,11.8
"e5f6c564977b-350","forages",37.55,11.79
"e5f6c564977b-351","forages",37.54,11.8
"e5f6c564977b-352","forages",37.54,11.8
"e5f6c564977b-353","forages",37.53,11.8
"e5f6c564977b-354","forages",37.54,11.8
"e5f6c564977b-355","forages",37.53,11.8
"e5f6c564977b-357","forages",37.54,11.79
"e5f6c564977b-358","forages",37.55,11.8
"e5f6c564977b-360","forages",37.55,11.79
"38ca52830ebe-1","forages",38.18,7.63
"38ca52830ebe-2","forages",38.18,7.66
"38ca52830ebe-3","forages",38.12,7.77
"38ca52830ebe-4","forages",38.13,7.68
"38ca52830ebe-5","forages",38.14,7.68
"38ca52830ebe-6","forages",38.12,7.9
"38ca52830ebe-7","forages",38.13,7.9
"38ca52830ebe-8","forages",38.13,7.73
"38ca52830ebe-9","forages",38.14,7.91
"38ca52830ebe-10","forages",38.12,7.75
"38ca52830ebe-11","forages",38.12,7.75
"38ca52830ebe-12","forages",38.11,7.74
"38ca52830ebe-13","forages",38.12,7.74
"38ca52830ebe-14","forages",38.14,7.69
"38ca52830ebe-15","forages",38.12,7.75
"38ca52830ebe-16","forages",38.13,7.74
"38ca52830ebe-17","forages",38.13,7.92
"38ca52830ebe-18","forages",38.13,7.74
"38ca52830ebe-19","forages",38.19,7.65
"38ca52830ebe-20","forages",38.13,7.68
"38ca52830ebe-21","forages",38.1,7.7
"38ca52830ebe-22","forages",38.11,7.7
"38ca52830ebe-23","forages",38.1,7.71
"38ca52830ebe-24","forages",38.1,7.7
"38ca52830ebe-25","forages",38.1,7.7
"38ca52830ebe-26","forages",38.09,7.71
"38ca52830ebe-27","forages",38.1,7.7
"38ca52830ebe-28","forages",38.09,7.69
"38ca52830ebe-29","forages",38.09,7.71
"38ca52830ebe-30","forages",38.1,7.71
"38ca52830ebe-31","forages",38.09,7.7
"38ca52830ebe-32","forages",38.1,7.7
"38ca52830ebe-33","forages",38.1,7.71
"38ca52830ebe-34","forages",38.09,7.71
"38ca52830ebe-35","forages",38.09,7.71
"38ca52830ebe-36","forages",38.09,7.69
"38ca52830ebe-37","forages",38.11,7.7
"38ca52830ebe-38","forages",38.1,7.69
"38ca52830ebe-39","forages",38.11,7.7
"38ca52830ebe-40","forages",38.1,7.7
"38ca52830ebe-42","forages",38.06,7.69
"38ca52830ebe-44","forages",38.06,7.66
"38ca52830ebe-45","forages",38.07,7.68
"38ca52830ebe-47","forages",38.07,7.67
"38ca52830ebe-48","forages",38.06,7.68
"38ca52830ebe-49","forages",38.06,7.67
"38ca52830ebe-50","forages",38.06,7.67
"38ca52830ebe-51","forages",38.07,7.67
"38ca52830ebe-52","forages",38.06,7.66
"38ca52830ebe-53","forages",38.07,7.7
"38ca52830ebe-54","forages",38.07,7.66
"38ca52830ebe-56","forages",38.06,7.66
"38ca52830ebe-57","forages",38.07,7.67
"38ca52830ebe-59","forages",38.07,7.68
"38ca52830ebe-60","forages",38.05,7.69
"38ca52830ebe-61","forages",37.71,7.15
"38ca52830ebe-62","forages",37.7,7.1
"38ca52830ebe-63","forages",37.7,7.15
"38ca52830ebe-64","forages",37.68,7.2
"38ca52830ebe-65","forages",37.68,7.2
"38ca52830ebe-66","forages",37.72,7.25
"38ca52830ebe-67","forages",37.71,7.1
"38ca52830ebe-68","forages",37.68,7.2
"38ca52830ebe-69","forages",37.72,7.11
"38ca52830ebe-70","forages",37.68,7.21
"38ca52830ebe-71","forages",37.72,7.23
"38ca52830ebe-72","forages",37.68,7.21
"38ca52830ebe-73","forages",37.74,7.24
"38ca52830ebe-74","forages",37.67,7.2
"38ca52830ebe-75","forages",37.68,7.2
"38ca52830ebe-76","forages",37.66,7.18
"38ca52830ebe-77","forages",37.68,7.19
"38ca52830ebe-78","forages",37.68,7.19
"38ca52830ebe-79","forages",37.67,7.19
"38ca52830ebe-80","forages",37.67,7.2
"38ca52830ebe-81","forages",37.68,7.2
"38ca52830ebe-82","forages",37.66,7.23
"38ca52830ebe-83","forages",37.67,7.18
"38ca52830ebe-84","forages",37.64,7.23
"38ca52830ebe-85","forages",37.65,7.21
"38ca52830ebe-86","forages",37.65,7.22
"38ca52830ebe-87","forages",37.64,7.23
"38ca52830ebe-88","forages",37.64,7.23
"38ca52830ebe-89","forages",37.66,7.24
"38ca52830ebe-90","forages",37.65,7.21
"38ca52830ebe-91","forages",37.66,7.22
"38ca52830ebe-92","forages",37.65,7.22
"38ca52830ebe-93","forages",37.68,7.19
"38ca52830ebe-94","forages",37.66,7.2
"38ca52830ebe-95","forages",37.65,7.22
"38ca52830ebe-96","forages",37.66,7.2
"38ca52830ebe-97","forages",37.68,7.2
"38ca52830ebe-98","forages",37.67,7.19
"38ca52830ebe-99","forages",37.66,7.2
"38ca52830ebe-100","forages",37.64,7.23
"38ca52830ebe-101","forages",37.7,7.21
"38ca52830ebe-102","forages",37.72,7.24
"38ca52830ebe-103","forages",37.67,7.2
"38ca52830ebe-104","forages",37.67,7.19
"38ca52830ebe-105","forages",37.68,7.19
"38ca52830ebe-106","forages",37.72,7.24
"38ca52830ebe-107","forages",37.68,7.21
"38ca52830ebe-108","forages",37.68,7.19
"38ca52830ebe-109","forages",37.67,7.2
"38ca52830ebe-110","forages",37.68,7.19
"38ca52830ebe-111","forages",37.74,7.23
"38ca52830ebe-112","forages",37.67,7.21
"38ca52830ebe-113","forages",37.66,7.19
"38ca52830ebe-114","forages",37.67,7.21
"38ca52830ebe-115","forages",37.72,7.19
"38ca52830ebe-116","forages",37.67,7.19
"38ca52830ebe-117","forages",37.67,7.19
"38ca52830ebe-118","forages",37.68,7.2
"38ca52830ebe-119","forages",37.68,7.18
"38ca52830ebe-120","forages",37.67,7.2
"38ca52830ebe-121","forages",38.8,9.02
"38ca52830ebe-122","forages",38.82,9.01
"38ca52830ebe-123","forages",38.82,9.02
"38ca52830ebe-124","forages",38.81,9.01
"38ca52830ebe-125","forages",38.81,9
"38ca52830ebe-126","forages",38.81,9.01
"38ca52830ebe-127","forages",38.81,9.01
"38ca52830ebe-128","forages",38.82,9.02
"38ca52830ebe-129","forages",38.82,9.02
"38ca52830ebe-130","forages",38.81,9
"38ca52830ebe-131","forages",38.81,9
"38ca52830ebe-132","forages",38.8,9.02
"38ca52830ebe-133","forages",38.82,9.01
"38ca52830ebe-135","forages",38.82,9.01
"38ca52830ebe-136","forages",38.81,9.01
"38ca52830ebe-137","forages",38.82,9.01
"38ca52830ebe-138","forages",38.81,9.01
"38ca52830ebe-140","forages",38.81,9.01
"38ca52830ebe-141","forages",38.85,9.04
"38ca52830ebe-142","forages",38.71,9.01
"38ca52830ebe-143","forages",38.73,9
"38ca52830ebe-144","forages",38.84,9.05
"38ca52830ebe-145","forages",38.73,8.99
"38ca52830ebe-146","forages",38.85,9.05
"38ca52830ebe-147","forages",38.86,9.05
"38ca52830ebe-148","forages",38.85,9.05
"38ca52830ebe-149","forages",38.71,9
"38ca52830ebe-150","forages",38.73,9
"38ca52830ebe-152","forages",38.81,9
"38ca52830ebe-153","forages",38.8,9.01
"38ca52830ebe-154","forages",38.87,9.05
"38ca52830ebe-155","forages",38.81,9.02
"38ca52830ebe-156","forages",38.8,9.02
"38ca52830ebe-157","forages",38.86,9.04
"38ca52830ebe-158","forages",38.86,9.04
"38ca52830ebe-159","forages",38.86,9.05
"38ca52830ebe-160","forages",38.82,9.02
"38ca52830ebe-162","forages",38.81,9
"38ca52830ebe-163","forages",38.85,9.04
"38ca52830ebe-164","forages",38.86,9.06
"38ca52830ebe-165","forages",38.81,9.01
"38ca52830ebe-166","forages",38.8,9.02
"38ca52830ebe-167","forages",38.85,9.04
"38ca52830ebe-168","forages",38.81,9.02
"38ca52830ebe-169","forages",38.84,9.05
"38ca52830ebe-170","forages",38.85,9.04
"38ca52830ebe-171","forages",38.86,9.04
"38ca52830ebe-172","forages",38.8,9.01
"38ca52830ebe-173","forages",38.85,9.05
"38ca52830ebe-174","forages",38.8,9.02
"38ca52830ebe-175","forages",38.82,9.02
"38ca52830ebe-176","forages",38.81,9.02
"38ca52830ebe-177","forages",38.84,9.04
"38ca52830ebe-178","forages",38.84,9.04
"38ca52830ebe-179","forages",38.85,9.05
"38ca52830ebe-180","forages",38.84,9.04
"38ca52830ebe-181","forages",38.87,9.05
"38ca52830ebe-182","forages",38.86,9.05
"38ca52830ebe-183","forages",38.85,9.05
"38ca52830ebe-184","forages",38.86,9.03
"38ca52830ebe-185","forages",38.86,9.05
"38ca52830ebe-186","forages",38.86,9.05
"38ca52830ebe-187","forages",38.71,9.01
"38ca52830ebe-188","forages",38.84,9.05
"38ca52830ebe-189","forages",38.81,9
"38ca52830ebe-190","forages",38.81,9.02
"38ca52830ebe-191","forages",38.3,6.96
"38ca52830ebe-192","forages",38.3,6.97
"38ca52830ebe-193","forages",38.29,6.96
"38ca52830ebe-194","forages",38.29,6.96
"38ca52830ebe-195","forages",38.29,6.95
"38ca52830ebe-196","forages",38.29,6.96
"38ca52830ebe-197","forages",38.28,6.97
"38ca52830ebe-198","forages",38.3,6.95
"38ca52830ebe-199","forages",38.29,6.96
"38ca52830ebe-200","forages",38.3,6.96
"38ca52830ebe-201","forages",38.29,6.97
"38ca52830ebe-202","forages",38.28,6.97
"38ca52830ebe-203","forages",38.29,6.96
"38ca52830ebe-204","forages",38.29,6.96
"38ca52830ebe-205","forages",38.28,6.95
"38ca52830ebe-206","forages",38.3,6.96
"38ca52830ebe-207","forages",38.28,6.97
"38ca52830ebe-208","forages",38.29,6.97
"38ca52830ebe-209","forages",38.28,6.95
"38ca52830ebe-210","forages",38.29,6.97
"38ca52830ebe-211","forages",38.27,6.92
"38ca52830ebe-212","forages",38.28,6.9
"38ca52830ebe-213","forages",38.28,6.91
"38ca52830ebe-215","forages",38.3,6.92
"38ca52830ebe-216","forages",38.28,6.93
"38ca52830ebe-219","forages",38.29,6.92
"38ca52830ebe-221","forages",38.29,6.9
"38ca52830ebe-222","forages",38.28,6.91
"38ca52830ebe-224","forages",38.3,6.91
"38ca52830ebe-227","forages",38.28,6.91
"38ca52830ebe-228","forages",38.26,6.9
"38ca52830ebe-230","forages",38.28,6.9
"38ca52830ebe-231","forages",38.72,8.99
"38ca52830ebe-232","forages",38.7,9
"38ca52830ebe-233","forages",38.82,9.02
"38ca52830ebe-234","forages",38.8,9.01
"38ca52830ebe-235","forages",38.82,9.02
"38ca52830ebe-236","forages",38.72,9.01
"38ca52830ebe-237","forages",38.72,9
"38ca52830ebe-238","forages",38.8,9.01
"38ca52830ebe-239","forages",38.87,9.04
"38ca52830ebe-240","forages",38.81,9
"38ca52830ebe-241","forages",38.86,9.06
"38ca52830ebe-243","forages",38.72,9
"38ca52830ebe-244","forages",38.85,9.03
"38ca52830ebe-245","forages",38.8,9.02
"38ca52830ebe-246","forages",38.86,9.04
"38ca52830ebe-247","forages",38.82,9.03
"38ca52830ebe-248","forages",38.71,9
"38ca52830ebe-249","forages",38.72,9
"38ca52830ebe-250","forages",38.82,9.01
"38ca52830ebe-251","forages",38.84,9.04
"38ca52830ebe-253","forages",38.86,9.05
"38ca52830ebe-255","forages",38.87,9.04
"38ca52830ebe-256","forages",38.86,9.03
"38ca52830ebe-257","forages",38.86,9.05
"38ca52830ebe-260","forages",38.85,9.03
"38ca52830ebe-264","forages",38.86,9.05
"38ca52830ebe-266","forages",38.86,9.06
"38ca52830ebe-267","forages",38.72,9.01
"38ca52830ebe-268","forages",38.86,9.04
"38ca52830ebe-270","forages",38.84,9.04
"38ca52830ebe-271","forages",38.82,9.02
"38ca52830ebe-273","forages",38.73,9.01
"38ca52830ebe-274","forages",38.84,9.04
"38ca52830ebe-275","forages",38.87,9.05
"38ca52830ebe-276","forages",38.71,9
"38ca52830ebe-277","forages",38.85,9.04
"38ca52830ebe-279","forages",38.85,9.05
"38ca52830ebe-280","forages",38.86,9.04
"38ca52830ebe-282","forages",38.69,9
"38ca52830ebe-283","forages",38.86,9.06
"38ca52830ebe-284","forages",38.8,9.01
"38ca52830ebe-285","forages",38.8,9.01
"38ca52830ebe-286","forages",38.72,9
"38ca52830ebe-288","forages",38.85,9.05
"38ca52830ebe-289","forages",38.81,9.02
"38ca52830ebe-290","forages",38.85,9.05
"38ca52830ebe-291","forages",38.85,9.04
"38ca52830ebe-292","forages",38.86,9.04
"38ca52830ebe-293","forages",38.85,9.05
"38ca52830ebe-294","forages",38.85,9.06
"38ca52830ebe-295","forages",38.81,9.02
"38ca52830ebe-296","forages",38.8,9.01
"38ca52830ebe-297","forages",38.8,9.01
"38ca52830ebe-298","forages",38.86,9.03
"38ca52830ebe-299","forages",38.81,9.02
"38ca52830ebe-300","forages",38.86,9.04
"38ca52830ebe-301","forages",38.85,9.06
"38ca52830ebe-302","forages",38.86,9.06
"38ca52830ebe-303","forages",38.85,9.05
"38ca52830ebe-304","forages",38.86,9.05
"38ca52830ebe-305","forages",38.81,9.02
"38ca52830ebe-306","forages",38.87,9.04
"38ca52830ebe-308","forages",38.84,9.04
"38ca52830ebe-309","forages",38.82,9.02
"38ca52830ebe-311","forages",38.81,9.02
"38ca52830ebe-312","forages",38.73,8.99
"38ca52830ebe-313","forages",38.71,9.01
"38ca52830ebe-314","forages",38.71,9
"38ca52830ebe-315","forages",38.72,9.01
"38ca52830ebe-316","forages",38.86,9.05
"38ca52830ebe-317","forages",38.71,9
"38ca52830ebe-318","forages",38.8,9.01
"38ca52830ebe-319","forages",38.72,8.98
"38ca52830ebe-320","forages",38.72,9
"38ca52830ebe-321","forages",38.86,9.03
"38ca52830ebe-322","forages",38.81,9.03
"38ca52830ebe-323","forages",38.81,9.02
"38ca52830ebe-324","forages",38.72,8.99
"38ca52830ebe-325","forages",38.72,9.01
"38ca52830ebe-327","forages",38.72,9.01
"38ca52830ebe-328","forages",38.73,8.98
"38ca52830ebe-329","forages",38.86,9.04
"38ca52830ebe-330","forages",38.86,9.03
"38ca52830ebe-331","forages",38.68,9
"38ca52830ebe-332","forages",38.72,9
"38ca52830ebe-334","forages",38.86,9.05
"38ca52830ebe-335","forages",38.85,9.04
"38ca52830ebe-336","forages",38.7,9
"38ca52830ebe-337","forages",38.72,8.99
"38ca52830ebe-338","forages",38.87,9.04
"38ca52830ebe-339","forages",38.85,9.03
"38ca52830ebe-340","forages",38.84,9.04
"38ca52830ebe-341","forages",38.82,9.01
"38ca52830ebe-342","forages",38.8,9.02
"38ca52830ebe-343","forages",38.81,9.01
"38ca52830ebe-344","forages",38.82,9.01
"38ca52830ebe-345","forages",38.8,9
"38ca52830ebe-346","forages",38.82,9.01
"38ca52830ebe-347","forages",38.81,9.01
"38ca52830ebe-349","forages",38.82,9
"38ca52830ebe-350","forages",38.81,9.02
"38ca52830ebe-352","forages",38.86,9.03
"38ca52830ebe-354","forages",38.85,9.03
"38ca52830ebe-355","forages",38.81,9
"38ca52830ebe-356","forages",38.84,9.04
"38ca52830ebe-357","forages",38.82,9
"38ca52830ebe-358","forages",38.81,9
"38ca52830ebe-359","forages",38.85,9.05
"38ca52830ebe-360","forages",38.85,9.04
"38ca52830ebe-361","forages",38.82,9.02
"38ca52830ebe-362","forages",38.85,9.04
"38ca52830ebe-363","forages",38.81,9.02
"ed642e7497d4-1","maize",29.76,-1.51
"ed642e7497d4-2","maize",29.77,-1.5
"ed642e7497d4-3","maize",29.77,-1.51
"ed642e7497d4-4","maize",29.76,-1.51
"ed642e7497d4-5","maize",29.76,-1.52
"ed642e7497d4-6","maize",29.77,-1.51
"ed642e7497d4-7","maize",29.76,-1.5
"ed642e7497d4-8","maize",29.78,-1.5
"ed642e7497d4-9","maize",29.77,-1.51
"ed642e7497d4-10","maize",29.79,-1.51
"ed642e7497d4-11","maize",29.78,-1.5
"ed642e7497d4-12","maize",29.77,-1.5
"ed642e7497d4-13","maize",29.75,-1.5
"ed642e7497d4-14","maize",29.76,-1.5
"ed642e7497d4-15","maize",29.78,-1.52
"ed642e7497d4-16","maize",29.78,-1.5
"ed642e7497d4-17","maize",29.76,-1.5
"ed642e7497d4-18","maize",29.8,-1.5
"ed642e7497d4-19","maize",29.76,-1.51
"ed642e7497d4-20","maize",29.76,-1.5
"ed642e7497d4-21","maize",29.77,-1.51
"ed642e7497d4-22","maize",29.77,-1.52
"ed642e7497d4-23","maize",29.72,-1.48
"ed642e7497d4-24","maize",29.74,-1.46
"ed642e7497d4-25","maize",29.72,-1.47
"ed642e7497d4-26","maize",29.73,-1.47
"ed642e7497d4-27","maize",29.73,-1.42
"ed642e7497d4-28","maize",29.73,-1.45
"ed642e7497d4-29","maize",29.72,-1.47
"ed642e7497d4-30","maize",29.74,-1.47
"ed642e7497d4-31","maize",29.73,-1.48
"ed642e7497d4-32","maize",29.71,-1.47
"ed642e7497d4-33","maize",29.74,-1.43
"ed642e7497d4-44","maize",29.74,-1.44
"ed642e7497d4-45","maize",29.68,-1.59
"ed642e7497d4-46","maize",29.7,-1.59
"ed642e7497d4-47","maize",29.69,-1.61
"ed642e7497d4-48","maize",29.69,-1.61
"ed642e7497d4-49","maize",29.7,-1.59
"ed642e7497d4-50","maize",29.69,-1.59
"ed642e7497d4-51","maize",29.69,-1.59
"ed642e7497d4-52","maize",29.7,-1.58
"ed642e7497d4-53","maize",29.7,-1.6
"ed642e7497d4-54","maize",29.69,-1.58
"ed642e7497d4-55","maize",29.7,-1.61
"ed642e7497d4-56","maize",29.71,-1.6
"ed642e7497d4-57","maize",29.7,-1.6
"ed642e7497d4-58","maize",29.7,-1.59
"ed642e7497d4-59","maize",29.69,-1.61
"ed642e7497d4-60","maize",29.69,-1.61
"ed642e7497d4-61","maize",29.69,-1.58
"ed642e7497d4-62","maize",29.7,-1.58
"ed642e7497d4-63","maize",29.69,-1.6
"ed642e7497d4-64","maize",29.68,-1.59
"ed642e7497d4-65","maize",29.7,-1.6
"ed642e7497d4-66","maize",29.7,-1.59
"ed642e7497d4-67","maize",29.71,-1.6
"ed642e7497d4-68","maize",29.7,-1.59
"ed642e7497d4-69","maize",29.7,-1.58
"ed642e7497d4-70","maize",29.68,-1.59
"ed642e7497d4-71","maize",29.69,-1.59
"ed642e7497d4-72","maize",29.67,-1.58
"ed642e7497d4-73","maize",29.7,-1.6
"ed642e7497d4-74","maize",29.69,-1.59
"ed642e7497d4-75","maize",29.69,-1.59
"ed642e7497d4-76","maize",29.67,-1.59
"ed642e7497d4-77","maize",29.67,-1.58
"ed642e7497d4-78","maize",29.68,-1.59
"ed642e7497d4-79","maize",29.68,-1.62
"ed642e7497d4-80","maize",29.69,-1.58
"ed642e7497d4-81","maize",29.68,-1.59
"ed642e7497d4-82","maize",29.68,-1.58
"ed642e7497d4-83","maize",29.68,-1.58
"ed642e7497d4-84","maize",29.69,-1.6
"ed642e7497d4-85","maize",29.68,-1.6
"ed642e7497d4-86","maize",29.68,-1.59
"ed642e7497d4-87","maize",29.68,-1.6
"ed642e7497d4-88","maize",29.67,-1.58
"ed642e7497d4-89","maize",29.68,-1.59
"ed642e7497d4-90","maize",29.78,-2.41
"ed642e7497d4-93","maize",29.77,-2.43
"ed642e7497d4-94","maize",29.76,-2.41
"ed642e7497d4-95","maize",29.78,-2.43
"ed642e7497d4-97","maize",29.77,-2.42
"ed642e7497d4-98","maize",29.75,-2.42
"ed642e7497d4-99","maize",29.77,-2.41
"ed642e7497d4-100","maize",29.77,-2.4
"ed642e7497d4-101","maize",29.76,-2.42
"ed642e7497d4-102","maize",29.75,-2.42
"ed642e7497d4-104","maize",29.77,-2.41
"ed642e7497d4-105","maize",29.76,-2.4
"ed642e7497d4-106","maize",29.76,-2.42
"ed642e7497d4-107","maize",29.76,-2.42
"ed642e7497d4-108","maize",29.77,-2.44
"ed642e7497d4-109","maize",29.75,-2.39
"ed642e7497d4-110","maize",29.16,-2.32
"ed642e7497d4-111","maize",29.15,-2.34
"ed642e7497d4-112","maize",29.15,-2.34
"ed642e7497d4-113","maize",29.15,-2.33
"ed642e7497d4-114","maize",29.14,-2.33
"ed642e7497d4-115","maize",29.16,-2.32
"ed642e7497d4-116","maize",29.16,-2.31
"ed642e7497d4-117","maize",29.15,-2.35
"ed642e7497d4-118","maize",29.16,-2.32
"ed642e7497d4-119","maize",29.14,-2.35
"ed642e7497d4-120","maize",29.15,-2.3
"ed642e7497d4-121","maize",29.15,-2.35
"ed642e7497d4-122","maize",29.16,-2.31
"ed642e7497d4-123","maize",29.15,-2.36
"ed642e7497d4-124","maize",29.15,-2.34
"ed642e7497d4-125","maize",29.15,-2.34
"ed642e7497d4-126","maize",29.16,-2.32
"ed642e7497d4-127","maize",29.15,-2.33
"ed642e7497d4-128","maize",29.16,-2.33
"ed642e7497d4-129","maize",29.15,-2.33
"ed642e7497d4-130","maize",29.15,-2.34
"ed642e7497d4-131","maize",29.14,-2.32
"ed642e7497d4-132","maize",28.91,-2.56
"ed642e7497d4-133","maize",28.91,-2.54
"ed642e7497d4-134","maize",28.91,-2.54
"ed642e7497d4-135","maize",28.91,-2.55
"ed642e7497d4-136","maize",28.92,-2.56
"ed642e7497d4-137","maize",28.9,-2.54
"ed642e7497d4-138","maize",28.91,-2.56
"ed642e7497d4-139","maize",28.92,-2.55
"ed642e7497d4-140","maize",28.93,-2.55
"ed642e7497d4-141","maize",28.92,-2.54
"ed642e7497d4-142","maize",28.91,-2.55
"ed642e7497d4-143","maize",28.92,-2.54
"ed642e7497d4-144","maize",28.93,-2.56
"ed642e7497d4-145","maize",28.91,-2.53
"ed642e7497d4-146","maize",28.9,-2.54
"ed642e7497d4-147","maize",28.9,-2.55
"ed642e7497d4-148","maize",28.92,-2.55
"ed642e7497d4-149","maize",28.91,-2.54
"ed642e7497d4-150","maize",28.92,-2.55
"ed642e7497d4-151","maize",28.91,-2.56
"ed642e7497d4-153","maize",29.4,-2.11
"ed642e7497d4-154","maize",29.4,-2.09
"ed642e7497d4-155","maize",29.4,-2.11
"ed642e7497d4-156","maize",29.4,-2.11
"ed642e7497d4-157","maize",29.39,-2.11
"ed642e7497d4-158","maize",29.4,-2.11
"ed642e7497d4-160","maize",29.41,-2.11
"ed642e7497d4-161","maize",29.4,-2.11
"ed642e7497d4-162","maize",29.4,-2.1
"ed642e7497d4-163","maize",29.41,-2.11
"ed642e7497d4-164","maize",29.41,-2.11
"ed642e7497d4-165","maize",29.41,-2.12
"ed642e7497d4-166","maize",29.41,-2.12
"ed642e7497d4-167","maize",29.4,-2.1
"ed642e7497d4-168","maize",29.39,-2.1
"ed642e7497d4-169","maize",29.42,-2.1
"ed642e7497d4-170","maize",29.42,-2.12
"ed642e7497d4-171","maize",29.42,-2.12
"ed642e7497d4-172","maize",29.4,-2.12
"ed642e7497d4-173","maize",29.42,-2.11
"ed642e7497d4-174","maize",29.41,-2.12
"ed642e7497d4-175","maize",29.42,-2.1
"ed642e7497d4-176","maize",29.39,-1.89
"ed642e7497d4-177","maize",29.38,-1.91
"ed642e7497d4-178","maize",29.39,-1.9
"ed642e7497d4-179","maize",29.39,-1.89
"ed642e7497d4-180","maize",29.39,-1.91
"ed642e7497d4-181","maize",29.39,-1.89
"ed642e7497d4-182","maize",29.38,-1.91
"ed642e7497d4-183","maize",29.39,-1.89
"ed642e7497d4-184","maize",29.37,-1.9
"ed642e7497d4-185","maize",29.4,-1.9
"ed642e7497d4-186","maize",29.39,-1.89
"ed642e7497d4-187","maize",29.39,-1.91
"ed642e7497d4-188","maize",29.4,-1.91
"ed642e7497d4-189","maize",29.38,-1.91
"ed642e7497d4-190","maize",29.38,-1.91
"ed642e7497d4-191","maize",29.38,-1.89
"ed642e7497d4-192","maize",29.38,-1.89
"ed642e7497d4-193","maize",29.39,-1.9
"ed642e7497d4-194","maize",29.39,-1.91
"ed642e7497d4-195","maize",29.39,-1.89
"ed642e7497d4-196","maize",29.38,-1.89
"ed642e7497d4-197","maize",29.38,-1.91
"904627e2e84c-1","maize",29.88,-1.49
"904627e2e84c-2","maize",29.86,-1.49
"904627e2e84c-3","maize",29.86,-1.51
"904627e2e84c-4","maize",29.85,-1.49
"904627e2e84c-5","maize",29.87,-1.48
"904627e2e84c-6","maize",29.87,-1.51
"904627e2e84c-7","maize",29.87,-1.49
"904627e2e84c-8","maize",29.86,-1.51
"904627e2e84c-9","maize",29.87,-1.47
"904627e2e84c-10","maize",29.86,-1.53
"904627e2e84c-11","maize",29.86,-1.5
"904627e2e84c-12","maize",29.87,-1.49
"904627e2e84c-13","maize",29.87,-1.52
"904627e2e84c-14","maize",29.86,-1.51
"904627e2e84c-15","maize",29.86,-1.49
"904627e2e84c-16","maize",29.85,-1.5
"904627e2e84c-17","maize",29.86,-1.52
"904627e2e84c-18","maize",29.86,-1.49
"904627e2e84c-19","maize",29.87,-1.52
"904627e2e84c-20","maize",29.85,-1.49
"904627e2e84c-21","maize",29.86,-1.5
"904627e2e84c-22","maize",29.87,-1.49
"904627e2e84c-23","maize",29.87,-1.51
"904627e2e84c-24","maize",29.85,-1.5
"904627e2e84c-25","maize",29.84,-1.49
"904627e2e84c-26","maize",29.85,-1.49
"904627e2e84c-27","maize",29.85,-1.49
"904627e2e84c-28","maize",29.84,-1.49
"904627e2e84c-29","maize",29.84,-1.49
"904627e2e84c-30","maize",29.86,-1.51
"904627e2e84c-31","maize",29.81,-1.5
"904627e2e84c-32","maize",29.81,-1.51
"904627e2e84c-33","maize",29.8,-1.52
"904627e2e84c-34","maize",29.82,-1.5
"904627e2e84c-35","maize",29.81,-1.5
"904627e2e84c-36","maize",29.73,-1.45
"904627e2e84c-37","maize",29.73,-1.44
"904627e2e84c-38","maize",29.74,-1.45
"904627e2e84c-39","maize",29.73,-1.44
"904627e2e84c-40","maize",29.74,-1.47
"904627e2e84c-41","maize",29.73,-1.45
"904627e2e84c-42","maize",29.73,-1.44
"904627e2e84c-43","maize",29.73,-1.45
"904627e2e84c-44","maize",29.74,-1.44
"904627e2e84c-45","maize",29.73,-1.43
"904627e2e84c-46","maize",29.57,-1.49
"904627e2e84c-47","maize",29.57,-1.49
"904627e2e84c-48","maize",29.56,-1.48
"904627e2e84c-49","maize",29.57,-1.48
"904627e2e84c-50","maize",29.56,-1.48
"904627e2e84c-51","maize",29.57,-1.48
"904627e2e84c-52","maize",29.59,-1.49
"904627e2e84c-53","maize",29.62,-1.52
"904627e2e84c-55","maize",29.58,-1.49
"904627e2e84c-56","maize",29.57,-1.48
"904627e2e84c-57","maize",29.58,-1.48
"904627e2e84c-58","maize",29.56,-1.48
"904627e2e84c-59","maize",29.58,-1.48
"904627e2e84c-60","maize",29.56,-1.48
"904627e2e84c-61","maize",29.59,-1.5
"904627e2e84c-62","maize",29.6,-1.5
"904627e2e84c-65","maize",29.6,-1.5
"904627e2e84c-66","maize",29.62,-1.52
"904627e2e84c-67","maize",29.59,-1.48
"904627e2e84c-68","maize",29.6,-1.5
"904627e2e84c-69","maize",29.58,-1.47
"904627e2e84c-70","maize",29.56,-1.48
"904627e2e84c-71","maize",29.57,-1.49
"904627e2e84c-72","maize",29.57,-1.48
"904627e2e84c-73","maize",29.56,-1.47
"904627e2e84c-74","maize",29.56,-1.47
"904627e2e84c-75","maize",29.58,-1.47
"904627e2e84c-76","maize",29.49,-2.48
"904627e2e84c-77","maize",29.5,-2.49
"904627e2e84c-78","maize",29.5,-2.48
"904627e2e84c-79","maize",29.5,-2.5
"904627e2e84c-80","maize",29.48,-2.5
"904627e2e84c-81","maize",29.48,-2.5
"904627e2e84c-82","maize",29.48,-2.5
"904627e2e84c-83","maize",29.5,-2.5
"904627e2e84c-84","maize",29.51,-2.49
"904627e2e84c-85","maize",29.51,-2.49
"904627e2e84c-86","maize",29.49,-2.52
"904627e2e84c-87","maize",29.5,-2.49
"904627e2e84c-88","maize",29.49,-2.5
"904627e2e84c-89","maize",29.49,-2.51
"904627e2e84c-90","maize",29.49,-2.51
"904627e2e84c-91","maize",29.5,-2.5
"904627e2e84c-92","maize",29.49,-2.49
"904627e2e84c-93","maize",29.5,-2.5
"904627e2e84c-94","maize",29.49,-2.5
"904627e2e84c-95","maize",29.51,-2.51
"904627e2e84c-96","maize",29.47,-2.02
"904627e2e84c-97","maize",29.46,-2.04
"904627e2e84c-98","maize",29.47,-2.04
"904627e2e84c-99","maize",29.5,-2.05
"904627e2e84c-100","maize",29.48,-2.03
"904627e2e84c-101","maize",29.48,-2.04
"904627e2e84c-102","maize",29.47,-2.03
"904627e2e84c-103","maize",29.46,-2.04
"904627e2e84c-104","maize",29.46,-2.05
"904627e2e84c-105","maize",29.49,-2.04
"904627e2e84c-106","maize",29.56,-2.08
"904627e2e84c-107","maize",29.55,-2.08
"904627e2e84c-108","maize",29.55,-2.08
"904627e2e84c-109","maize",29.57,-2.07
"904627e2e84c-110","maize",29.56,-2.06
"904627e2e84c-111","maize",29.54,-2.06
"904627e2e84c-112","maize",29.55,-2.08
"904627e2e84c-113","maize",29.56,-2.08
"904627e2e84c-114","maize",29.56,-2.07
"904627e2e84c-115","maize",29.55,-2.07
"904627e2e84c-116","maize",29.42,-1.92
"904627e2e84c-117","maize",29.4,-1.91
"904627e2e84c-118","maize",29.4,-1.92
"904627e2e84c-119","maize",29.4,-1.92
"904627e2e84c-120","maize",29.41,-1.92
"904627e2e84c-121","maize",29.39,-1.92
"904627e2e84c-122","maize",29.41,-1.92
"904627e2e84c-123","maize",29.4,-1.93
"904627e2e84c-124","maize",29.4,-1.93
"904627e2e84c-125","maize",29.41,-1.91
"a4e942501f57-323","maize",30.49,-2.06
"a4e942501f57-324","maize",30.48,-2.08
"a4e942501f57-325","maize",30.51,-2.08
"a4e942501f57-326","maize",30.51,-2.08
"a4e942501f57-327","maize",30.51,-2.06
"a4e942501f57-328","maize",30.49,-2.05
"a4e942501f57-329","maize",30.5,-2.07
"a4e942501f57-330","maize",30.5,-2.06
"a4e942501f57-331","maize",30.52,-2.07
"a4e942501f57-332","maize",30.49,-2.07
"a4e942501f57-333","maize",30.48,-2.05
"a4e942501f57-334","maize",30.48,-2.07
"a4e942501f57-335","maize",30.49,-2.06
"a4e942501f57-336","maize",30.51,-2.09
"a4e942501f57-337","maize",30.52,-2.07
"a4e942501f57-338","maize",30.53,-2.07
"a4e942501f57-339","maize",30.52,-2.07
"a4e942501f57-340","maize",30.56,-2.08
"a4e942501f57-341","maize",30.52,-2.06
"a4e942501f57-342","maize",30.55,-2.06
"a4e942501f57-343","maize",30.57,-2.07
"a4e942501f57-344","maize",30.58,-2.07
"a4e942501f57-345","maize",30.54,-2.07
"a4e942501f57-346","maize",30.54,-2.06
"a4e942501f57-347","maize",30.56,-2.08
"a4e942501f57-348","maize",30.54,-2.07
"a4e942501f57-349","maize",30.56,-2.07
"a4e942501f57-350","maize",30.52,-2.06
"a4e942501f57-351","maize",30.55,-2.08
"a4e942501f57-352","maize",30.55,-2.09
"a4e942501f57-353","maize",30.51,-2.08
"a4e942501f57-354","maize",30.52,-2.09
"a4e942501f57-355","maize",30.53,-2.06
"a4e942501f57-356","maize",30.31,-1.68
"a4e942501f57-357","maize",30.31,-1.68
"a4e942501f57-358","maize",30.32,-1.68
"a4e942501f57-359","maize",30.32,-1.68
"a4e942501f57-360","maize",30.31,-1.67
"a4e942501f57-361","maize",30.33,-1.66
"a4e942501f57-362","maize",30.3,-1.67
"a4e942501f57-363","maize",30.31,-1.67
"a4e942501f57-364","maize",30.32,-1.68
"a4e942501f57-365","maize",30.33,-1.67
"a4e942501f57-366","maize",30.32,-1.69
"a4e942501f57-367","maize",30.32,-1.67
"a4e942501f57-368","maize",30.3,-1.67
"a4e942501f57-369","maize",30.3,-1.69
"a4e942501f57-370","maize",30.31,-1.69
"a4e942501f57-371","maize",30.32,-1.68
"a4e942501f57-372","maize",30.29,-1.67
"a4e942501f57-373","maize",30.3,-1.66
"a4e942501f57-374","maize",30.32,-1.65
"a4e942501f57-375","maize",30.29,-1.66
"a4e942501f57-376","maize",30.31,-1.65
"a4e942501f57-377","maize",30.31,-1.65
"a4e942501f57-378","maize",30.32,-1.63
"a4e942501f57-379","maize",30.31,-1.66
"a4e942501f57-380","maize",30.29,-1.65
"a4e942501f57-381","maize",30.32,-1.65
"a4e942501f57-382","maize",30.31,-1.65
"a4e942501f57-383","maize",30.31,-1.65
"a4e942501f57-384","maize",30.32,-1.64
"a4e942501f57-385","maize",30.32,-1.64
"a4e942501f57-386","maize",30.29,-1.65
"a4e942501f57-387","maize",30.31,-1.64
"a4e942501f57-388","maize",30.33,-1.64
"a4e942501f57-389","maize",30.59,-1.81
"a4e942501f57-390","maize",30.58,-1.8
"a4e942501f57-391","maize",30.58,-1.8
"a4e942501f57-392","maize",30.58,-1.8
"a4e942501f57-393","maize",30.58,-1.79
"a4e942501f57-394","maize",30.58,-1.82
"a4e942501f57-395","maize",30.58,-1.82
"a4e942501f57-396","maize",30.57,-1.79
"a4e942501f57-397","maize",30.57,-1.81
"a4e942501f57-398","maize",30.58,-1.8
"a4e942501f57-399","maize",30.57,-1.81
"a4e942501f57-400","maize",30.58,-1.8
"a4e942501f57-401","maize",30.59,-1.8
"a4e942501f57-402","maize",30.57,-1.81
"a4e942501f57-403","maize",30.59,-1.8
"a4e942501f57-404","maize",30.57,-1.82
"a4e942501f57-405","maize",30.59,-1.81
"a4e942501f57-406","maize",30.6,-1.81
"a4e942501f57-407","maize",30.52,-1.77
"a4e942501f57-408","maize",30.5,-1.78
"a4e942501f57-409","maize",30.52,-1.79
"a4e942501f57-410","maize",30.51,-1.79
"a4e942501f57-411","maize",30.51,-1.79
"a4e942501f57-412","maize",30.51,-1.8
"a4e942501f57-413","maize",30.52,-1.79
"a4e942501f57-414","maize",30.51,-1.78
"a4e942501f57-415","maize",30.52,-1.78
"a4e942501f57-416","maize",30.48,-1.83
"a4e942501f57-417","maize",30.52,-1.77
"a4e942501f57-418","maize",30.52,-1.78
"a4e942501f57-419","maize",30.53,-1.79
"a4e942501f57-420","maize",30.51,-1.77
"a4e942501f57-421","maize",30.53,-1.77
"a4e942501f57-422","maize",30.51,-1.76
"a4e942501f57-423","maize",30.51,-1.77
"a4e942501f57-424","maize",30.52,-1.79
"a4e942501f57-425","maize",30.19,-2.1
"a4e942501f57-426","maize",30.19,-2.12
"a4e942501f57-427","maize",30.19,-2.1
"a4e942501f57-428","maize",30.19,-2.11
"a4e942501f57-429","maize",30.18,-2.11
"a4e942501f57-430","maize",30.19,-2.11
"a4e942501f57-431","maize",30.19,-2.1
"a4e942501f57-432","maize",30.19,-2.12
"a4e942501f57-433","maize",30.18,-2.11
"a4e942501f57-434","maize",30.17,-2.12
"a4e942501f57-435","maize",30.18,-2.11
"a4e942501f57-436","maize",30.17,-2.1
"a4e942501f57-437","maize",30.19,-2.13
"a4e942501f57-438","maize",30.19,-2.11
"a4e942501f57-439","maize",30.18,-2.11
"a4e942501f57-440","maize",30.19,-2.12
"a4e942501f57-441","maize",30.19,-2.12
"a4e942501f57-442","maize",30.21,-2.12
"a4e942501f57-443","maize",30.21,-2.12
"a4e942501f57-444","maize",30.22,-2.11
"a4e942501f57-445","maize",30.2,-2.12
"a4e942501f57-446","maize",30.2,-2.14
"a4e942501f57-447","maize",30.21,-2.13
"a4e942501f57-448","maize",30.2,-2.12
"a4e942501f57-449","maize",30.21,-2.12
"a4e942501f57-450","maize",30.2,-2.13
"a4e942501f57-451","maize",30.19,-2.13
"a4e942501f57-452","maize",30.21,-2.13
"a4e942501f57-455","maize",30.21,-2.12
"a4e942501f57-456","maize",30.2,-2.12
"a4e942501f57-457","maize",30.25,-1.38
"a4e942501f57-458","maize",30.25,-1.39
"a4e942501f57-459","maize",30.27,-1.39
"a4e942501f57-460","maize",30.25,-1.38
"a4e942501f57-461","maize",30.27,-1.39
"a4e942501f57-462","maize",30.27,-1.37
"a4e942501f57-463","maize",30.25,-1.38
"a4e942501f57-464","maize",30.25,-1.37
"a4e942501f57-465","maize",30.27,-1.39
"a4e942501f57-466","maize",30.26,-1.37
"a4e942501f57-467","maize",30.25,-1.38
"a4e942501f57-468","maize",30.25,-1.39
"a4e942501f57-469","maize",30.26,-1.39
"a4e942501f57-470","maize",30.26,-1.38
"a4e942501f57-471","maize",30.25,-1.37
"a4e942501f57-472","maize",30.29,-1.43
"a4e942501f57-473","maize",30.3,-1.43
"a4e942501f57-474","maize",30.29,-1.42
"a4e942501f57-475","maize",30.3,-1.43
"a4e942501f57-476","maize",30.29,-1.43
"a4e942501f57-478","maize",30.3,-1.43
"a4e942501f57-479","maize",30.29,-1.43
"a4e942501f57-480","maize",30.3,-1.43
"a4e942501f57-481","maize",30.29,-1.42
"a4e942501f57-482","maize",30.31,-1.43
"a4e942501f57-483","maize",30.31,-1.43
"a4e942501f57-484","maize",30.31,-1.43
"a4e942501f57-485","maize",30.29,-1.44
"a4e942501f57-486","maize",30.29,-1.44
"a4e942501f57-487","maize",29.91,-2.47
"a4e942501f57-488","maize",29.91,-2.47
"a4e942501f57-489","maize",29.92,-2.47
"a4e942501f57-490","maize",29.9,-2.46
"a4e942501f57-491","maize",29.91,-2.47
"a4e942501f57-492","maize",29.92,-2.48
"a4e942501f57-493","maize",29.91,-2.47
"a4e942501f57-494","maize",29.93,-2.47
"a4e942501f57-495","maize",29.91,-2.46
"a4e942501f57-496","maize",29.92,-2.45
"a4e942501f57-497","maize",29.9,-2.47
"a4e942501f57-498","maize",29.92,-2.48
"a4e942501f57-499","maize",29.92,-2.48
"a4e942501f57-500","maize",29.92,-2.46
"a4e942501f57-501","maize",29.93,-2.49
"a4e942501f57-502","maize",29.93,-2.46
"a4e942501f57-503","maize",29.92,-2.44
"a4e942501f57-504","maize",29.9,-2.5
"a4e942501f57-505","maize",29.89,-2.48
"a4e942501f57-506","maize",29.89,-2.47
"a4e942501f57-507","maize",29.9,-2.48
"a4e942501f57-508","maize",29.9,-2.49
"a4e942501f57-509","maize",29.91,-2.48
"a4e942501f57-510","maize",29.9,-2.48
"a4e942501f57-511","maize",29.9,-2.47
"a4e942501f57-512","maize",29.91,-2.48
"a4e942501f57-513","maize",29.91,-2.5
"a4e942501f57-514","maize",29.9,-2.47
"a4e942501f57-515","maize",29.9,-2.47
"a4e942501f57-516","maize",29.89,-2.48
"a4e942501f57-517","maize",29.9,-2.49
"a4e942501f57-518","maize",29.9,-2.47
"a4e942501f57-519","maize",29.91,-2.49
"a4e942501f57-520","maize",29.75,-2.56
"a4e942501f57-521","maize",29.76,-2.55
"a4e942501f57-522","maize",29.75,-2.58
"a4e942501f57-523","maize",29.76,-2.54
"a4e942501f57-524","maize",29.75,-2.56
"a4e942501f57-525","maize",29.76,-2.57
"a4e942501f57-526","maize",29.75,-2.56
"a4e942501f57-527","maize",29.76,-2.56
"a4e942501f57-528","maize",29.76,-2.55
"a4e942501f57-529","maize",29.77,-2.56
"a4e942501f57-530","maize",29.76,-2.56
"a4e942501f57-531","maize",29.76,-2.55
"a4e942501f57-532","maize",29.74,-2.54
"a4e942501f57-533","maize",29.75,-2.56
"a4e942501f57-534","maize",29.75,-2.57
"a4e942501f57-535","maize",29.76,-2.56
"a4e942501f57-536","maize",29.75,-2.56
"a4e942501f57-537","maize",29.76,-2.56
"a4e942501f57-538","maize",29.76,-2.56
"a4e942501f57-539","maize",29.76,-2.55
"a4e942501f57-540","maize",29.76,-2.57
"a4e942501f57-541","maize",29.75,-2.57
"a4e942501f57-542","maize",29.75,-2.54
"a4e942501f57-543","maize",29.74,-2.55
"a4e942501f57-544","maize",29.75,-2.55
"a4e942501f57-545","maize",29.87,-2.33
"a4e942501f57-546","maize",29.87,-2.32
"a4e942501f57-547","maize",29.86,-2.32
"a4e942501f57-548","maize",29.86,-2.32
"a4e942501f57-549","maize",29.87,-2.33
"a4e942501f57-550","maize",29.88,-2.33
"a4e942501f57-551","maize",29.87,-2.33
"a4e942501f57-552","maize",29.88,-2.33
"a4e942501f57-553","maize",29.88,-2.31
"a4e942501f57-554","maize",29.86,-2.32
"a4e942501f57-555","maize",29.86,-2.32
"a4e942501f57-556","maize",29.86,-2.31
"a4e942501f57-557","maize",29.86,-2.33
"a4e942501f57-558","maize",29.87,-2.32
"a4e942501f57-559","maize",29.85,-2.33
"a4e942501f57-560","maize",29.85,-2.33
"a4e942501f57-561","maize",29.85,-2.33
"a4e942501f57-562","maize",29.87,-2.32
"a4e942501f57-563","maize",29.88,-2.32
"a4e942501f57-564","maize",29.88,-2.31
"a4e942501f57-565","maize",29.86,-2.32
"a4e942501f57-566","maize",29.86,-2.33
"a4e942501f57-567","maize",29.86,-2.32
"a4e942501f57-568","maize",29.85,-2.32
"a4e942501f57-569","maize",29.86,-2.32
"a4e942501f57-570","maize",29.85,-2.31
"a4e942501f57-571","maize",29.83,-2.33
"a4e942501f57-572","maize",29.86,-2.32
"a4e942501f57-573","maize",29.87,-2.32
"a4e942501f57-574","maize",29.86,-2.32
"a4e942501f57-575","maize",29.85,-2.31
"a4e942501f57-576","maize",29.86,-2.32
"a4e942501f57-577","maize",29.85,-2.32
"a4e942501f57-578","maize",29.85,-2.32
"a4e942501f57-579","maize",29.84,-2.33
"a4e942501f57-580","maize",29.85,-2.31
"a4e942501f57-581","maize",29.85,-2.32
"a4e942501f57-582","maize",29.85,-2.33
"a4e942501f57-583","maize",29.84,-2.32
"a4e942501f57-584","maize",29.86,-2.32
"a4e942501f57-585","maize",29.84,-2.3
"a4e942501f57-586","maize",29.86,-2.32
"a4e942501f57-587","maize",29.85,-2.32
"a4e942501f57-588","maize",29.84,-2.33
"a4e942501f57-589","maize",29.86,-2.3
"a4e942501f57-590","maize",29.85,-2.34
"a4e942501f57-591","maize",29.85,-2.31
"a4e942501f57-592","maize",29.09,-2.36
"a4e942501f57-593","maize",29.14,-2.33
"a4e942501f57-594","maize",29.1,-2.35
"a4e942501f57-595","maize",29.09,-2.38
"a4e942501f57-596","maize",29.1,-2.35
"a4e942501f57-597","maize",29.07,-2.36
"a4e942501f57-598","maize",29.1,-2.36
"a4e942501f57-599","maize",29.08,-2.35
"a4e942501f57-600","maize",29.1,-2.36
"a4e942501f57-601","maize",29.09,-2.34
"a4e942501f57-602","maize",29.07,-2.35
"a4e942501f57-603","maize",29.09,-2.36
"a4e942501f57-604","maize",28.97,-2.49
"a4e942501f57-605","maize",29.09,-2.35
"a4e942501f57-606","maize",29.1,-2.36
"a4e942501f57-607","maize",29.19,-2.29
"a4e942501f57-608","maize",29.15,-2.33
"a4e942501f57-609","maize",29.14,-2.27
"a4e942501f57-610","maize",29.15,-2.29
"a4e942501f57-611","maize",29.16,-2.28
"a4e942501f57-612","maize",29.16,-2.28
"a4e942501f57-613","maize",29.17,-2.29
"a4e942501f57-614","maize",29.17,-2.28
"a4e942501f57-615","maize",29.14,-2.27
"a4e942501f57-616","maize",29.16,-2.27
"a4e942501f57-617","maize",29.17,-2.29
"a4e942501f57-618","maize",29.17,-2.28
"a4e942501f57-619","maize",29.17,-2.28
"a4e942501f57-620","maize",29.17,-2.28
"a4e942501f57-621","maize",29.17,-2.28
"a4e942501f57-622","maize",29.17,-2.28
"a4e942501f57-623","maize",29.17,-2.26
"a4e942501f57-624","maize",29.16,-2.27
"a4e942501f57-625","maize",29.17,-2.27
"a4e942501f57-626","maize",29.14,-2.29
"a4e942501f57-627","maize",29.21,-2.23
"a4e942501f57-628","maize",29.22,-2.23
"a4e942501f57-629","maize",29.23,-2.24
"a4e942501f57-630","maize",29.22,-2.22
"a4e942501f57-631","maize",29.14,-2.31
"a4e942501f57-632","maize",29.22,-2.23
"a4e942501f57-633","maize",29.23,-2.22
"a4e942501f57-634","maize",29.16,-2.3
"a4e942501f57-635","maize",29.23,-2.21
"a4e942501f57-636","maize",29.23,-2.22
"a4e942501f57-637","maize",29.21,-2.22
"a4e942501f57-638","maize",29.23,-2.24
"a4e942501f57-639","maize",29.22,-2.22
"a4e942501f57-640","maize",29.22,-2.23
"a4e942501f57-641","maize",29.23,-2.22
"a4e942501f57-642","maize",29.23,-2.23
"a4e942501f57-643","maize",29.22,-2.24
"a4e942501f57-644","maize",29.21,-2.23
"a4e942501f57-645","maize",29.21,-2.23
"a4e942501f57-646","maize",29.21,-2.23
"a4e942501f57-647","maize",29.01,-2.62
"a4e942501f57-648","maize",29,-2.64
"a4e942501f57-649","maize",28.99,-2.63
"a4e942501f57-650","maize",29.01,-2.62
"a4e942501f57-651","maize",29.02,-2.63
"a4e942501f57-652","maize",29,-2.64
"a4e942501f57-653","maize",29.02,-2.64
"a4e942501f57-654","maize",29.02,-2.62
"a4e942501f57-655","maize",29,-2.64
"a4e942501f57-656","maize",29.01,-2.62
"a4e942501f57-657","maize",29.02,-2.62
"a4e942501f57-658","maize",29,-2.62
"a4e942501f57-659","maize",29.01,-2.64
"a4e942501f57-660","maize",29,-2.62
"a4e942501f57-661","maize",29,-2.63
"a4e942501f57-662","maize",29.04,-2.67
"a4e942501f57-663","maize",29.05,-2.67
"a4e942501f57-664","maize",29.04,-2.69
"a4e942501f57-665","maize",29.06,-2.68
"a4e942501f57-666","maize",29.02,-2.63
"a4e942501f57-667","maize",29.05,-2.69
"a4e942501f57-668","maize",29.05,-2.67
"a4e942501f57-669","maize",29.04,-2.69
"a4e942501f57-670","maize",29.05,-2.68
"a4e942501f57-671","maize",29.03,-2.67
"a4e942501f57-672","maize",29.04,-2.65
"a4e942501f57-673","maize",29.05,-2.68
"a4e942501f57-674","maize",29.04,-2.68
"a4e942501f57-675","maize",29.05,-2.66
"a4e942501f57-676","maize",29.04,-2.68
"a4e942501f57-677","maize",29.03,-2.68
"a4e942501f57-678","maize",29.03,-2.38
"a4e942501f57-679","maize",29.01,-2.37
"a4e942501f57-680","maize",29.03,-2.37
"a4e942501f57-681","maize",29.01,-2.38
"a4e942501f57-682","maize",29.02,-2.4
"a4e942501f57-683","maize",29.01,-2.38
"a4e942501f57-684","maize",29.02,-2.38
"a4e942501f57-685","maize",29.01,-2.38
"a4e942501f57-686","maize",29.02,-2.37
"a4e942501f57-687","maize",29.09,-2.42
"a4e942501f57-688","maize",29.04,-2.5
"a4e942501f57-689","maize",29.02,-2.39
"a4e942501f57-690","maize",29.01,-2.38
"a4e942501f57-691","maize",29.02,-2.4
"a4e942501f57-692","maize",29.03,-2.39
"a4e942501f57-693","maize",29.05,-2.48
"a4e942501f57-694","maize",29.04,-2.5
"a4e942501f57-695","maize",29.09,-2.42
"a4e942501f57-696","maize",29.02,-2.49
"a4e942501f57-697","maize",29.04,-2.46
"a4e942501f57-698","maize",29.05,-2.5
"a4e942501f57-699","maize",29.03,-2.49
"a4e942501f57-700","maize",29.08,-2.43
"a4e942501f57-701","maize",29.1,-2.42
"a4e942501f57-702","maize",29.04,-2.47
"a4e942501f57-703","maize",29.05,-2.48
"a4e942501f57-704","maize",29.03,-2.5
"a4e942501f57-705","maize",29.03,-2.47
"a4e942501f57-706","maize",29.08,-2.43
"a4e942501f57-707","maize",29.04,-2.5
"a4e942501f57-708","maize",28.91,-2.49
"a4e942501f57-709","maize",28.89,-2.5
"a4e942501f57-710","maize",28.9,-2.49
"a4e942501f57-711","maize",28.89,-2.49
"a4e942501f57-712","maize",28.89,-2.5
"a4e942501f57-713","maize",28.9,-2.49
"a4e942501f57-714","maize",28.89,-2.49
"a4e942501f57-715","maize",28.89,-2.52
"a4e942501f57-716","maize",28.89,-2.49
"a4e942501f57-717","maize",28.9,-2.5
"a4e942501f57-718","maize",29.39,-2.03
"a4e942501f57-719","maize",29.39,-2.02
"a4e942501f57-720","maize",29.38,-2.03
"a4e942501f57-721","maize",29.38,-2
"a4e942501f57-722","maize",29.37,-2.01
"a4e942501f57-723","maize",29.37,-2.01
"a4e942501f57-724","maize",29.38,-2.01
"a4e942501f57-725","maize",29.37,-2.02
"a4e942501f57-726","maize",29.38,-2.01
"a4e942501f57-727","maize",29.36,-2
"a4e942501f57-728","maize",29.39,-2.01
"a4e942501f57-729","maize",29.39,-2.01
"a4e942501f57-730","maize",29.39,-2.03
"a4e942501f57-731","maize",29.37,-2.02
"a4e942501f57-732","maize",29.39,-2.01
"a4e942501f57-733","maize",29.38,-2.02
"a4e942501f57-734","maize",29.38,-2.01
"227b3d59915c-1","soybean",30.56,-2.06
"227b3d59915c-2","soybean",30.56,-2.08
"227b3d59915c-3","soybean",30.55,-2.05
"227b3d59915c-4","soybean",30.55,-2.08
"227b3d59915c-5","soybean",30.57,-2.07
"227b3d59915c-6","soybean",30.57,-2.09
"227b3d59915c-7","soybean",30.55,-2.07
"227b3d59915c-8","soybean",30.57,-2.07
"227b3d59915c-9","soybean",30.54,-2.08
"227b3d59915c-10","soybean",30.51,-2.08
"227b3d59915c-11","soybean",30.31,-1.65
"227b3d59915c-12","soybean",30.3,-1.64
"227b3d59915c-13","soybean",30.32,-1.64
"227b3d59915c-14","soybean",30.31,-1.65
"227b3d59915c-15","soybean",30.29,-1.65
"227b3d59915c-16","soybean",30.3,-1.64
"227b3d59915c-17","soybean",30.31,-1.66
"227b3d59915c-18","soybean",30.31,-1.66
"227b3d59915c-19","soybean",30.3,-1.64
"227b3d59915c-20","soybean",30.31,-1.65
"227b3d59915c-21","soybean",30.57,-1.8
"227b3d59915c-22","soybean",30.59,-1.82
"227b3d59915c-23","soybean",30.57,-1.81
"227b3d59915c-24","soybean",30.59,-1.82
"227b3d59915c-25","soybean",30.59,-1.8
"227b3d59915c-26","soybean",30.58,-1.82
"227b3d59915c-27","soybean",30.59,-1.81
"227b3d59915c-28","soybean",30.58,-1.82
"227b3d59915c-29","soybean",30.57,-1.8
"227b3d59915c-30","soybean",30.57,-1.81
"227b3d59915c-31","soybean",30.34,-2.07
"227b3d59915c-32","soybean",30.35,-2.08
"227b3d59915c-33","soybean",30.35,-2.07
"227b3d59915c-34","soybean",30.33,-2.08
"227b3d59915c-35","soybean",30.35,-2.06
"227b3d59915c-36","soybean",30.35,-2.06
"227b3d59915c-37","soybean",30.35,-2.05
"227b3d59915c-38","soybean",30.35,-2.07
"227b3d59915c-39","soybean",30.34,-2.08
"227b3d59915c-40","soybean",30.35,-2.06
"227b3d59915c-41","soybean",30.27,-1.37
"227b3d59915c-42","soybean",30.28,-1.38
"227b3d59915c-43","soybean",30.27,-1.37
"227b3d59915c-44","soybean",30.26,-1.39
"227b3d59915c-45","soybean",30.26,-1.39
"227b3d59915c-46","soybean",30.27,-1.36
"227b3d59915c-47","soybean",30.28,-1.37
"227b3d59915c-48","soybean",30.27,-1.37
"227b3d59915c-49","soybean",30.26,-1.38
"227b3d59915c-50","soybean",30.25,-1.37
"227b3d59915c-51","soybean",30.3,-1.44
"227b3d59915c-52","soybean",30.29,-1.43
"227b3d59915c-53","soybean",30.29,-1.42
"227b3d59915c-54","soybean",30.3,-1.44
"227b3d59915c-55","soybean",30.3,-1.42
"227b3d59915c-56","soybean",30.3,-1.44
"227b3d59915c-57","soybean",30.29,-1.42
"227b3d59915c-58","soybean",30.29,-1.44
"227b3d59915c-59","soybean",30.3,-1.43
"227b3d59915c-60","soybean",30.3,-1.43
"227b3d59915c-61","soybean",29.76,-2.56
"227b3d59915c-62","soybean",29.77,-2.55
"227b3d59915c-63","soybean",29.76,-2.56
"227b3d59915c-64","soybean",29.74,-2.56
"227b3d59915c-65","soybean",29.77,-2.55
"227b3d59915c-66","soybean",29.76,-2.57
"227b3d59915c-67","soybean",29.75,-2.56
"227b3d59915c-68","soybean",29.75,-2.56
"227b3d59915c-69","soybean",29.75,-2.57
"227b3d59915c-70","soybean",29.77,-2.55
"227b3d59915c-71","soybean",29.86,-2.32
"227b3d59915c-72","soybean",29.86,-2.3
"227b3d59915c-73","soybean",29.86,-2.32
"227b3d59915c-74","soybean",29.84,-2.33
"227b3d59915c-75","soybean",29.85,-2.31
"227b3d59915c-76","soybean",29.86,-2.31
"227b3d59915c-77","soybean",29.85,-2.33
"227b3d59915c-78","soybean",29.85,-2.31
"227b3d59915c-79","soybean",29.86,-2.32
"227b3d59915c-80","soybean",29.84,-2.31
"227b3d59915c-81","soybean",29.88,-2.33
"227b3d59915c-82","soybean",29.88,-2.33
"227b3d59915c-83","soybean",29.87,-2.33
"227b3d59915c-84","soybean",29.86,-2.33
"227b3d59915c-85","soybean",29.86,-2.32
"227b3d59915c-86","soybean",29.86,-2.31
"227b3d59915c-87","soybean",29.87,-2.33
"227b3d59915c-88","soybean",29.86,-2.33
"227b3d59915c-89","soybean",29.88,-2.33
"227b3d59915c-90","soybean",29.87,-2.32
"227b3d59915c-91","soybean",29.9,-2.47
"227b3d59915c-92","soybean",29.89,-2.48
"227b3d59915c-93","soybean",29.9,-2.49
"227b3d59915c-94","soybean",29.91,-2.48
"227b3d59915c-95","soybean",29.9,-2.49
"227b3d59915c-96","soybean",29.89,-2.49
"227b3d59915c-97","soybean",29.89,-2.47
"227b3d59915c-98","soybean",29.9,-2.47
"227b3d59915c-99","soybean",29.91,-2.5
"227b3d59915c-100","soybean",29.91,-2.47
"227b3d59915c-101","soybean",29.91,-2.48
"227b3d59915c-102","soybean",29.91,-2.48
"227b3d59915c-103","soybean",29.92,-2.47
"227b3d59915c-104","soybean",29.91,-2.48
"227b3d59915c-105","soybean",29.9,-2.47
"227b3d59915c-106","soybean",29.91,-2.47
"227b3d59915c-107","soybean",29.91,-2.46
"227b3d59915c-108","soybean",29.9,-2.49
"227b3d59915c-109","soybean",29.91,-2.46
"227b3d59915c-110","soybean",29.91,-2.48
"227b3d59915c-111","soybean",29.91,-2.47
"227b3d59915c-112","soybean",29.91,-2.47
"227b3d59915c-113","soybean",29.9,-2.46
"227b3d59915c-114","soybean",29.9,-2.47
"227b3d59915c-115","soybean",29.91,-2.47
"227b3d59915c-116","soybean",29.92,-2.46
"227b3d59915c-117","soybean",29.92,-2.47
"227b3d59915c-118","soybean",29.91,-2.48
"227b3d59915c-119","soybean",29.91,-2.47
"227b3d59915c-120","soybean",29.92,-2.46
"227b3d59915c-121","soybean",29.05,-2.67
"227b3d59915c-122","soybean",29.01,-2.63
"227b3d59915c-123","soybean",29,-2.63
"227b3d59915c-124","soybean",29,-2.61
"227b3d59915c-125","soybean",28.98,-2.63
"227b3d59915c-126","soybean",29,-2.62
"227b3d59915c-127","soybean",29,-2.62
"227b3d59915c-128","soybean",29,-2.62
"227b3d59915c-129","soybean",29.01,-2.63
"227b3d59915c-130","soybean",29.02,-2.63
"227b3d59915c-131","soybean",28.99,-2.63
"227b3d59915c-132","soybean",29,-2.62
"227b3d59915c-133","soybean",28.98,-2.63
"227b3d59915c-134","soybean",29.01,-2.63
"227b3d59915c-135","soybean",29.01,-2.62
"227b3d59915c-136","soybean",29.04,-2.69
"227b3d59915c-137","soybean",29.01,-2.62
"227b3d59915c-138","soybean",29.01,-2.63
"227b3d59915c-139","soybean",29.04,-2.68
"227b3d59915c-140","soybean",29.02,-2.62
"227b3d59915c-141","soybean",29.05,-2.69
"227b3d59915c-142","soybean",29.06,-2.69
"227b3d59915c-143","soybean",29.04,-2.68
"227b3d59915c-144","soybean",29.04,-2.68
"227b3d59915c-145","soybean",28.99,-2.63
"227b3d59915c-146","soybean",29,-2.64
"227b3d59915c-147","soybean",29.01,-2.61
"227b3d59915c-148","soybean",29.05,-2.68
"227b3d59915c-149","soybean",29.04,-2.67
"227b3d59915c-150","soybean",29,-2.63
"1f439454cef2-1","maize",30.52,-2.06
"1f439454cef2-2","maize",30.5,-2.09
"1f439454cef2-3","maize",30.49,-2.06
"1f439454cef2-4","maize",30.5,-2.06
"1f439454cef2-5","maize",30.52,-2.08
"1f439454cef2-6","maize",30.51,-2.07
"1f439454cef2-7","maize",30.52,-2.08
"1f439454cef2-8","maize",30.49,-2.09
"1f439454cef2-9","maize",30.49,-2.08
"1f439454cef2-10","maize",30.49,-2.06
"1f439454cef2-11","maize",30.52,-2.08
"1f439454cef2-12","maize",30.56,-2.06
"1f439454cef2-13","maize",30.55,-2.07
"1f439454cef2-14","maize",30.55,-2.09
"1f439454cef2-15","maize",30.57,-2.06
"1f439454cef2-16","maize",30.55,-2.07
"1f439454cef2-17","maize",30.56,-2.07
"1f439454cef2-18","maize",30.54,-2.08
"1f439454cef2-19","maize",30.52,-2.09
"1f439454cef2-20","maize",30.52,-2.08
"1f439454cef2-21","maize",30.52,-2.08
"1f439454cef2-22","maize",30.28,-1.6
"1f439454cef2-23","maize",30.28,-1.59
"1f439454cef2-24","maize",30.27,-1.61
"1f439454cef2-25","maize",30.29,-1.6
"1f439454cef2-26","maize",30.29,-1.6
"1f439454cef2-27","maize",30.27,-1.59
"1f439454cef2-28","maize",30.27,-1.61
"1f439454cef2-29","maize",30.29,-1.6
"1f439454cef2-30","maize",30.26,-1.61
"1f439454cef2-31","maize",30.28,-1.61
"1f439454cef2-32","maize",30.28,-1.6
"1f439454cef2-33","maize",30.28,-1.61
"1f439454cef2-34","maize",30.29,-1.62
"1f439454cef2-35","maize",30.27,-1.61
"1f439454cef2-36","maize",30.26,-1.6
"1f439454cef2-37","maize",30.32,-1.64
"1f439454cef2-38","maize",30.31,-1.65
"1f439454cef2-39","maize",30.3,-1.64
"1f439454cef2-40","maize",30.3,-1.65
"1f439454cef2-41","maize",30.32,-1.65
"1f439454cef2-42","maize",30.31,-1.64
"1f439454cef2-43","maize",30.29,-1.66
"1f439454cef2-44","maize",30.31,-1.64
"1f439454cef2-45","maize",30.3,-1.63
"1f439454cef2-46","maize",30.29,-1.65
"1f439454cef2-47","maize",30.31,-1.65
"1f439454cef2-48","maize",30.3,-1.64
"1f439454cef2-49","maize",30.31,-1.65
"1f439454cef2-50","maize",30.31,-1.64
"1f439454cef2-51","maize",30.3,-1.66
"1f439454cef2-52","maize",30.58,-1.8
"1f439454cef2-53","maize",30.58,-1.8
"1f439454cef2-54","maize",30.58,-1.8
"1f439454cef2-55","maize",30.57,-1.81
"1f439454cef2-56","maize",30.58,-1.8
"1f439454cef2-57","maize",30.57,-1.8
"1f439454cef2-58","maize",30.58,-1.81
"1f439454cef2-59","maize",30.57,-1.81
"1f439454cef2-60","maize",30.58,-1.83
"1f439454cef2-61","maize",30.59,-1.8
"1f439454cef2-62","maize",30.57,-1.82
"1f439454cef2-63","maize",30.57,-1.81
"1f439454cef2-64","maize",30.58,-1.81
"1f439454cef2-65","maize",30.58,-1.81
"1f439454cef2-66","maize",30.58,-1.82
"1f439454cef2-67","maize",30.47,-1.83
"1f439454cef2-68","maize",30.46,-1.83
"1f439454cef2-69","maize",30.47,-1.83
"1f439454cef2-70","maize",30.46,-1.82
"1f439454cef2-71","maize",30.46,-1.83
"1f439454cef2-72","maize",30.45,-1.83
"1f439454cef2-73","maize",30.46,-1.83
"1f439454cef2-74","maize",30.46,-1.84
"1f439454cef2-75","maize",30.47,-1.83
"1f439454cef2-76","maize",30.47,-1.85
"1f439454cef2-77","maize",30.32,-2.02
"1f439454cef2-78","maize",30.32,-2.02
"1f439454cef2-79","maize",30.32,-2.02
"1f439454cef2-80","maize",30.35,-2.03
"1f439454cef2-81","maize",30.32,-2.02
"1f439454cef2-82","maize",30.34,-2.02
"1f439454cef2-83","maize",30.32,-2.02
"1f439454cef2-84","maize",30.32,-2.02
"1f439454cef2-85","maize",30.33,-2.01
"1f439454cef2-86","maize",30.34,-2.04
"1f439454cef2-87","maize",30.34,-2.07
"1f439454cef2-88","maize",30.33,-2.08
"1f439454cef2-89","maize",30.35,-2.06
"1f439454cef2-90","maize",30.34,-2.07
"1f439454cef2-91","maize",30.34,-2.08
"1f439454cef2-92","maize",30.34,-2.06
"1f439454cef2-93","maize",30.35,-2.07
"1f439454cef2-94","maize",30.34,-2.08
"1f439454cef2-95","maize",30.36,-2.06
"1f439454cef2-96","maize",30.34,-2.09
"1f439454cef2-97","maize",30.26,-1.37
"1f439454cef2-98","maize",30.26,-1.37
"1f439454cef2-99","maize",30.25,-1.37
"1f439454cef2-100","maize",30.27,-1.37
"1f439454cef2-101","maize",30.27,-1.37
"1f439454cef2-102","maize",30.28,-1.38
"1f439454cef2-103","maize",30.26,-1.37
"1f439454cef2-104","maize",30.26,-1.39
"1f439454cef2-105","maize",30.27,-1.36
"1f439454cef2-106","maize",30.27,-1.38
"1f439454cef2-107","maize",30.27,-1.37
"1f439454cef2-108","maize",30.26,-1.38
"1f439454cef2-109","maize",30.27,-1.38
"1f439454cef2-110","maize",30.27,-1.38
"1f439454cef2-111","maize",30.26,-1.38
"1f439454cef2-112","maize",30.25,-1.37
"1f439454cef2-113","maize",30.27,-1.37
"1f439454cef2-114","maize",30.27,-1.38
"1f439454cef2-115","maize",30.27,-1.38
"1f439454cef2-116","maize",30.27,-1.37
"1f439454cef2-117","maize",30.26,-1.38
"1f439454cef2-118","maize",30.25,-1.39
"1f439454cef2-119","maize",30.26,-1.39
"1f439454cef2-120","maize",30.26,-1.39
"1f439454cef2-121","maize",30.27,-1.37
"1f439454cef2-122","maize",30.29,-1.43
"1f439454cef2-123","maize",30.31,-1.43
"1f439454cef2-124","maize",30.3,-1.43
"1f439454cef2-125","maize",30.29,-1.42
"1f439454cef2-126","maize",30.31,-1.42
"1f439454cef2-127","maize",30.29,-1.44
"1f439454cef2-128","maize",30.31,-1.43
"1f439454cef2-129","maize",30.31,-1.43
"1f439454cef2-130","maize",30.29,-1.44
"1f439454cef2-131","maize",30.31,-1.42
"1f439454cef2-132","maize",30.3,-1.42
"1f439454cef2-133","maize",30.3,-1.43
"1f439454cef2-134","maize",30.3,-1.45
"1f439454cef2-135","maize",30.29,-1.43
"1f439454cef2-136","maize",30.3,-1.42
"1f439454cef2-137","maize",30.31,-1.43
"1f439454cef2-138","maize",30.3,-1.43
"1f439454cef2-139","maize",30.31,-1.43
"1f439454cef2-140","maize",30.29,-1.42
"1f439454cef2-141","maize",30.29,-1.43
"1f439454cef2-142","maize",30.29,-1.42
"1f439454cef2-143","maize",30.29,-1.43
"1f439454cef2-144","maize",30.3,-1.42
"1f439454cef2-145","maize",30.3,-1.44
"1f439454cef2-146","maize",30.29,-1.44
"1f439454cef2-147","maize",29.91,-2.49
"1f439454cef2-148","maize",29.91,-2.45
"1f439454cef2-149","maize",29.91,-2.49
"1f439454cef2-150","maize",29.91,-2.47
"1f439454cef2-151","maize",29.92,-2.48
"1f439454cef2-152","maize",29.92,-2.47
"1f439454cef2-153","maize",29.92,-2.47
"1f439454cef2-154","maize",29.91,-2.47
"1f439454cef2-155","maize",29.92,-2.48
"1f439454cef2-156","maize",29.92,-2.45
"1f439454cef2-157","maize",29.91,-2.48
"1f439454cef2-158","maize",29.91,-2.47
"1f439454cef2-159","maize",29.91,-2.48
"1f439454cef2-160","maize",29.9,-2.46
"1f439454cef2-161","maize",29.91,-2.47
"1f439454cef2-162","maize",29.92,-2.47
"1f439454cef2-163","maize",29.91,-2.47
"1f439454cef2-164","maize",29.92,-2.45
"1f439454cef2-165","maize",29.9,-2.47
"1f439454cef2-166","maize",29.91,-2.47
"1f439454cef2-167","maize",29.9,-2.47
"1f439454cef2-168","maize",29.91,-2.48
"1f439454cef2-169","maize",29.89,-2.47
"1f439454cef2-170","maize",29.92,-2.49
"1f439454cef2-171","maize",29.9,-2.49
"1f439454cef2-172","maize",29.89,-2.47
"1f439454cef2-173","maize",29.91,-2.47
"1f439454cef2-174","maize",29.9,-2.49
"1f439454cef2-175","maize",29.9,-2.48
"1f439454cef2-176","maize",29.92,-2.47
"1f439454cef2-177","maize",29.9,-2.46
"1f439454cef2-178","maize",29.91,-2.49
"1f439454cef2-179","maize",29.9,-2.48
"1f439454cef2-180","maize",29.89,-2.5
"1f439454cef2-181","maize",29.89,-2.49
"1f439454cef2-182","maize",29.89,-2.48
"1f439454cef2-183","maize",29.89,-2.48
"1f439454cef2-184","maize",29.89,-2.49
"1f439454cef2-185","maize",29.89,-2.47
"1f439454cef2-186","maize",29.9,-2.48
"8b38e9e20fc2-1","maize",29.86,-2.32
"8b38e9e20fc2-2","maize",29.85,-2.31
"8b38e9e20fc2-3","maize",29.85,-2.3
"8b38e9e20fc2-4","maize",29.84,-2.31
"8b38e9e20fc2-5","maize",29.85,-2.31
"8b38e9e20fc2-6","maize",29.84,-2.33
"8b38e9e20fc2-7","maize",29.85,-2.31
"8b38e9e20fc2-8","maize",29.84,-2.31
"8b38e9e20fc2-9","maize",29.86,-2.33
"8b38e9e20fc2-10","maize",29.86,-2.33
"8b38e9e20fc2-11","maize",29.86,-2.33
"8b38e9e20fc2-12","maize",29.86,-2.32
"8b38e9e20fc2-13","maize",29.84,-2.32
"8b38e9e20fc2-14","maize",29.85,-2.32
"8b38e9e20fc2-15","maize",29.84,-2.33
"8b38e9e20fc2-16","maize",29.86,-2.31
"8b38e9e20fc2-17","maize",29.85,-2.3
"8b38e9e20fc2-18","maize",29.84,-2.33
"8b38e9e20fc2-19","maize",29.85,-2.33
"8b38e9e20fc2-20","maize",29.85,-2.31
"8b38e9e20fc2-21","maize",29.86,-2.35
"8b38e9e20fc2-22","maize",29.87,-2.34
"8b38e9e20fc2-23","maize",29.87,-2.32
"8b38e9e20fc2-24","maize",29.86,-2.33
"8b38e9e20fc2-25","maize",29.87,-2.32
"8b38e9e20fc2-26","maize",29.88,-2.32
"8b38e9e20fc2-27","maize",29.87,-2.33
"8b38e9e20fc2-28","maize",29.87,-2.33
"8b38e9e20fc2-29","maize",29.87,-2.32
"8b38e9e20fc2-30","maize",29.86,-2.33
"8b38e9e20fc2-31","maize",29.86,-2.32
"8b38e9e20fc2-32","maize",29.86,-2.33
"8b38e9e20fc2-33","maize",29.87,-2.33
"8b38e9e20fc2-34","maize",29.86,-2.31
"8b38e9e20fc2-35","maize",29.86,-2.32
"8b38e9e20fc2-36","maize",29.86,-2.32
"8b38e9e20fc2-37","maize",29.85,-2.32
"8b38e9e20fc2-38","maize",29.88,-2.33
"8b38e9e20fc2-39","maize",29.86,-2.34
"8b38e9e20fc2-40","maize",29.87,-2.31
"8b38e9e20fc2-41","maize",29.1,-2.37
"8b38e9e20fc2-42","maize",29.07,-2.36
"8b38e9e20fc2-43","maize",29.09,-2.36
"8b38e9e20fc2-44","maize",29.1,-2.36
"8b38e9e20fc2-45","maize",29.1,-2.36
"8b38e9e20fc2-46","maize",29.09,-2.34
"8b38e9e20fc2-47","maize",29.1,-2.36
"8b38e9e20fc2-48","maize",29.08,-2.36
"8b38e9e20fc2-49","maize",29.11,-2.37
"8b38e9e20fc2-50","maize",29.09,-2.36
"8b38e9e20fc2-51","maize",29,-2.62
"8b38e9e20fc2-52","maize",29.04,-2.66
"8b38e9e20fc2-53","maize",28.98,-2.61
"8b38e9e20fc2-54","maize",29,-2.63
"8b38e9e20fc2-55","maize",28.99,-2.63
"8b38e9e20fc2-56","maize",29.02,-2.63
"8b38e9e20fc2-57","maize",29.01,-2.62
"8b38e9e20fc2-58","maize",28.99,-2.63
"8b38e9e20fc2-59","maize",29.02,-2.63
"8b38e9e20fc2-60","maize",29.01,-2.62
"8b38e9e20fc2-61","maize",29.01,-2.62
"8b38e9e20fc2-62","maize",28.99,-2.63
"8b38e9e20fc2-63","maize",29,-2.64
"8b38e9e20fc2-64","maize",29.01,-2.62
"8b38e9e20fc2-65","maize",29,-2.63
"8b38e9e20fc2-66","maize",29,-2.62
"8b38e9e20fc2-67","maize",28.99,-2.62
"8b38e9e20fc2-68","maize",29.01,-2.63
"8b38e9e20fc2-69","maize",29.01,-2.62
"8b38e9e20fc2-70","maize",29.01,-2.64
"8b38e9e20fc2-71","maize",28.99,-2.62
"8b38e9e20fc2-72","maize",29.04,-2.67
"8b38e9e20fc2-73","maize",29.06,-2.68
"8b38e9e20fc2-74","maize",29.01,-2.62
"8b38e9e20fc2-75","maize",29.02,-2.62
"8b38e9e20fc2-76","maize",29.05,-2.68
"8b38e9e20fc2-77","maize",29.01,-2.62
"8b38e9e20fc2-78","maize",29.05,-2.68
"8b38e9e20fc2-79","maize",29.06,-2.69
"8b38e9e20fc2-80","maize",29.01,-2.63
"8b38e9e20fc2-81","maize",29.01,-2.62
"8b38e9e20fc2-82","maize",29.05,-2.68
"8b38e9e20fc2-83","maize",29.05,-2.7
"8b38e9e20fc2-84","maize",29.01,-2.63
"8b38e9e20fc2-85","maize",29.06,-2.68
"8b38e9e20fc2-86","maize",29.01,-2.62
"8b38e9e20fc2-87","maize",29.02,-2.62
"8b38e9e20fc2-88","maize",29.06,-2.68
"8b38e9e20fc2-89","maize",29.04,-2.67
"8b38e9e20fc2-90","maize",29.05,-2.68
"8b38e9e20fc2-91","maize",29,-2.62
"8b38e9e20fc2-92","maize",29.05,-2.67
"8b38e9e20fc2-93","maize",29.01,-2.63
"8b38e9e20fc2-94","maize",29.05,-2.67
"8b38e9e20fc2-95","maize",29.04,-2.67
"8b38e9e20fc2-96","maize",29.02,-2.62
"8b38e9e20fc2-97","maize",28.98,-2.63
"8b38e9e20fc2-98","maize",29.01,-2.64
"8b38e9e20fc2-99","maize",29.01,-2.63
"8b38e9e20fc2-100","maize",29.01,-2.63
"8b38e9e20fc2-101","maize",29.02,-2.44
"8b38e9e20fc2-102","maize",29.03,-2.43
"8b38e9e20fc2-103","maize",29.02,-2.44
"8b38e9e20fc2-104","maize",29.03,-2.43
"8b38e9e20fc2-105","maize",29.02,-2.44
"8b38e9e20fc2-106","maize",29.03,-2.43
"8b38e9e20fc2-107","maize",29.03,-2.44
"8b38e9e20fc2-108","maize",29.37,-2.02
"8b38e9e20fc2-109","maize",29.02,-2.43
"8b38e9e20fc2-110","maize",29.02,-2.43
"8b38e9e20fc2-111","maize",29.02,-2.42
"8b38e9e20fc2-112","maize",29.03,-2.43
"8b38e9e20fc2-113","maize",29.03,-2.43
"8b38e9e20fc2-114","maize",29.01,-2.44
"8b38e9e20fc2-115","maize",29.03,-2.43
"8b38e9e20fc2-116","maize",29.02,-2.44
"8b38e9e20fc2-117","maize",29.02,-2.43
"8b38e9e20fc2-118","maize",29.02,-2.44
"8b38e9e20fc2-119","maize",29.03,-2.43
"8b38e9e20fc2-120","maize",29.02,-2.44
"8b38e9e20fc2-121","maize",29.03,-2.43
"8b38e9e20fc2-122","maize",29.03,-2.44
"8b38e9e20fc2-123","maize",29.02,-2.43
"8b38e9e20fc2-124","maize",29.04,-2.44
"8b38e9e20fc2-125","maize",29.03,-2.43
"8b38e9e20fc2-126","maize",29.04,-2.49
"8b38e9e20fc2-127","maize",29.03,-2.48
"8b38e9e20fc2-128","maize",29.06,-2.49
"8b38e9e20fc2-129","maize",29.04,-2.5
"8b38e9e20fc2-130","maize",29.05,-2.49
"8b38e9e20fc2-131","maize",29.04,-2.49
"8b38e9e20fc2-132","maize",29.05,-2.5
"8b38e9e20fc2-133","maize",29.05,-2.49
"8b38e9e20fc2-134","maize",29.03,-2.49
"8b38e9e20fc2-135","maize",29.03,-2.49
"8b38e9e20fc2-136","maize",28.98,-2.48
"8b38e9e20fc2-137","maize",29.04,-2.49
"8b38e9e20fc2-138","maize",28.98,-2.47
"8b38e9e20fc2-139","maize",29.03,-2.49
"8b38e9e20fc2-140","maize",29.04,-2.49
"8b38e9e20fc2-141","maize",29.04,-2.49
"8b38e9e20fc2-142","maize",29.04,-2.48
"8b38e9e20fc2-143","maize",29.04,-2.47
"8b38e9e20fc2-144","maize",29.03,-2.49
"8b38e9e20fc2-145","maize",29.04,-2.48
"8b38e9e20fc2-146","maize",29.04,-2.48
"8b38e9e20fc2-147","maize",29.04,-2.49
"8b38e9e20fc2-148","maize",29.04,-2.47
"8b38e9e20fc2-149","maize",29.05,-2.48
"8b38e9e20fc2-150","maize",29.03,-2.48
"8b38e9e20fc2-151","maize",29.32,-2.15
"8b38e9e20fc2-152","maize",29.33,-2.13
"8b38e9e20fc2-153","maize",29.32,-2.12
"8b38e9e20fc2-154","maize",29.3,-2.12
"8b38e9e20fc2-155","maize",29.31,-2.12
"8b38e9e20fc2-156","maize",29.31,-2.12
"8b38e9e20fc2-157","maize",29.33,-2.11
"8b38e9e20fc2-158","maize",29.31,-2.13
"8b38e9e20fc2-159","maize",29.31,-2.11
"8b38e9e20fc2-160","maize",29.31,-2.12
"8b38e9e20fc2-161","maize",29.32,-2.12
"8b38e9e20fc2-162","maize",29.32,-2.11
"8b38e9e20fc2-163","maize",29.3,-2.12
"8b38e9e20fc2-164","maize",29.32,-2.1
"8b38e9e20fc2-165","maize",29.31,-2.12
"8b38e9e20fc2-166","maize",29.32,-2.12
"8b38e9e20fc2-167","maize",29.31,-2.12
"8b38e9e20fc2-168","maize",29.3,-2.11
"8b38e9e20fc2-169","maize",29.31,-2.11
"8b38e9e20fc2-170","maize",29.31,-2.13
"8b38e9e20fc2-171","maize",29.31,-2.13
"8b38e9e20fc2-172","maize",29.33,-2.11
"8b38e9e20fc2-173","maize",29.39,-2.01
"8b38e9e20fc2-174","maize",29.38,-2.02
"8b38e9e20fc2-175","maize",29.39,-2
"8b38e9e20fc2-176","maize",29.38,-2.01
"8b38e9e20fc2-177","maize",29.39,-2.01
"8b38e9e20fc2-178","maize",29.39,-2.02
"8b38e9e20fc2-179","maize",29.41,-2.02
"8b38e9e20fc2-180","maize",29.39,-2.03
"8b38e9e20fc2-181","maize",29.38,-2.02
"8b38e9e20fc2-182","maize",29.38,-2.03
"8b38e9e20fc2-183","maize",29.4,-2.03
"8b38e9e20fc2-184","maize",29.39,-2.01
"8b38e9e20fc2-185","maize",29.42,-2.01
"8b38e9e20fc2-186","maize",29.38,-2.03
"8b38e9e20fc2-187","maize",29.39,-2.02
"b68d4b57313a-1","maize",29.66,-1.62
"b68d4b57313a-2","maize",29.65,-1.62
"b68d4b57313a-3","maize",29.65,-1.61
"b68d4b57313a-4","maize",29.64,-1.6
"b68d4b57313a-5","maize",29.64,-1.6
"b68d4b57313a-6","maize",29.64,-1.6
"b68d4b57313a-7","maize",29.64,-1.62
"b68d4b57313a-8","maize",29.65,-1.63
"b68d4b57313a-9","maize",29.65,-1.62
"b68d4b57313a-10","maize",29.65,-1.62
"b68d4b57313a-11","maize",29.65,-1.63
"b68d4b57313a-12","maize",29.65,-1.62
"b68d4b57313a-13","maize",29.66,-1.62
"b68d4b57313a-14","maize",29.65,-1.62
"b68d4b57313a-15","maize",29.65,-1.62
"b68d4b57313a-16","maize",29.64,-1.62
"b68d4b57313a-17","maize",29.65,-1.61
"b68d4b57313a-18","maize",29.64,-1.61
"b68d4b57313a-19","maize",29.64,-1.63
"b68d4b57313a-20","maize",29.65,-1.63
"b68d4b57313a-21","maize",29.64,-1.63
"b68d4b57313a-22","maize",29.67,-1.63
"b68d4b57313a-23","maize",29.66,-1.62
"b68d4b57313a-24","maize",29.67,-1.63
"b68d4b57313a-25","maize",29.66,-1.62
"b68d4b57313a-26","maize",29.64,-1.64
"b68d4b57313a-27","maize",29.66,-1.64
"b68d4b57313a-28","maize",29.65,-1.64
"b68d4b57313a-29","maize",29.65,-1.64
"b68d4b57313a-30","maize",29.65,-1.64
"b68d4b57313a-31","maize",29.65,-1.63
"b68d4b57313a-32","maize",29.65,-1.63
"b68d4b57313a-33","maize",29.66,-1.63
"b68d4b57313a-34","maize",29.66,-1.64
"b68d4b57313a-35","maize",29.65,-1.64
"b68d4b57313a-36","maize",29.67,-1.64
"b68d4b57313a-37","maize",29.66,-1.64
"b68d4b57313a-38","maize",29.67,-1.62
"b68d4b57313a-39","maize",29.65,-1.66
"b68d4b57313a-40","maize",29.64,-1.64
"b68d4b57313a-41","maize",29.77,-2.42
"b68d4b57313a-42","maize",29.76,-2.42
"b68d4b57313a-43","maize",29.77,-2.43
"b68d4b57313a-44","maize",29.76,-2.39
"b68d4b57313a-45","maize",29.75,-2.41
"b68d4b57313a-46","maize",29.76,-2.42
"b68d4b57313a-47","maize",29.77,-2.42
"b68d4b57313a-48","maize",29.76,-2.42
"b68d4b57313a-49","maize",29.76,-2.43
"b68d4b57313a-50","maize",29.76,-2.41
"b68d4b57313a-51","maize",29.76,-2.42
"b68d4b57313a-52","maize",29.78,-2.4
"b68d4b57313a-53","maize",29.77,-2.42
"b68d4b57313a-54","maize",29.75,-2.43
"b68d4b57313a-55","maize",29.77,-2.41
"b68d4b57313a-56","maize",29.77,-2.42
"b68d4b57313a-57","maize",29.76,-2.41
"b68d4b57313a-58","maize",29.78,-2.41
"b68d4b57313a-59","maize",29.78,-2.42
"b68d4b57313a-60","maize",29.76,-2.39
"b68d4b57313a-61","maize",29.76,-2.55
"b68d4b57313a-62","maize",29.75,-2.55
"b68d4b57313a-63","maize",29.75,-2.56
"b68d4b57313a-64","maize",29.76,-2.56
"b68d4b57313a-65","maize",29.77,-2.56
"b68d4b57313a-66","maize",29.76,-2.55
"b68d4b57313a-67","maize",29.75,-2.56
"b68d4b57313a-68","maize",29.75,-2.56
"b68d4b57313a-69","maize",29.76,-2.56
"b68d4b57313a-70","maize",29.76,-2.56
"b68d4b57313a-71","maize",29.77,-2.55
"b68d4b57313a-72","maize",29.76,-2.57
"b68d4b57313a-73","maize",29.76,-2.56
"b68d4b57313a-74","maize",29.76,-2.56
"b68d4b57313a-75","maize",29.76,-2.57
"b68d4b57313a-76","maize",29.77,-2.55
"b68d4b57313a-77","maize",29.75,-2.57
"b68d4b57313a-78","maize",29.77,-2.55
"b68d4b57313a-79","maize",29.76,-2.55
"b68d4b57313a-80","maize",29.77,-2.56
"b68d4b57313a-81","maize",29.16,-2.33
"b68d4b57313a-82","maize",29.15,-2.34
"b68d4b57313a-83","maize",29.14,-2.33
"b68d4b57313a-84","maize",29.15,-2.34
"b68d4b57313a-85","maize",29.16,-2.33
"b68d4b57313a-86","maize",29.14,-2.34
"b68d4b57313a-87","maize",29.16,-2.34
"b68d4b57313a-88","maize",29.14,-2.32
"b68d4b57313a-89","maize",29.15,-2.34
"b68d4b57313a-90","maize",29.16,-2.35
"b68d4b57313a-91","maize",29.15,-2.34
"b68d4b57313a-92","maize",29.15,-2.33
"b68d4b57313a-93","maize",29.16,-2.32
"b68d4b57313a-94","maize",29.16,-2.32
"b68d4b57313a-95","maize",29.15,-2.34
"b68d4b57313a-96","maize",29.14,-2.35
"b68d4b57313a-97","maize",29.16,-2.33
"b68d4b57313a-98","maize",29.15,-2.34
"b68d4b57313a-99","maize",29.15,-2.33
"b68d4b57313a-100","maize",29.14,-2.35
"b68d4b57313a-101","maize",29.2,-2.43
"b68d4b57313a-102","maize",29.19,-2.41
"b68d4b57313a-103","maize",29.19,-2.41
"b68d4b57313a-104","maize",29.2,-2.41
"b68d4b57313a-105","maize",29.21,-2.43
"b68d4b57313a-106","maize",29.21,-2.4
"b68d4b57313a-107","maize",29.21,-2.4
"b68d4b57313a-108","maize",29.22,-2.42
"b68d4b57313a-109","maize",29.21,-2.41
"b68d4b57313a-110","maize",29.2,-2.43
"b68d4b57313a-111","maize",29.2,-2.42
"b68d4b57313a-112","maize",29.21,-2.42
"b68d4b57313a-113","maize",29.2,-2.43
"b68d4b57313a-114","maize",29.2,-2.42
"b68d4b57313a-115","maize",29.2,-2.44
"b68d4b57313a-116","maize",29.2,-2.43
"b68d4b57313a-117","maize",29.2,-2.42
"b68d4b57313a-118","maize",29.21,-2.41
"b68d4b57313a-119","maize",29.22,-2.41
"b68d4b57313a-120","maize",29.2,-2.41
"b68d4b57313a-121","maize",29.23,-2.39
"b68d4b57313a-122","maize",29.22,-2.4
"b68d4b57313a-123","maize",29.22,-2.39
"b68d4b57313a-124","maize",29.22,-2.4
"b68d4b57313a-125","maize",29.22,-2.42
"b68d4b57313a-126","maize",29.22,-2.4
"b68d4b57313a-127","maize",29.22,-2.4
"b68d4b57313a-128","maize",29.21,-2.39
"b68d4b57313a-129","maize",29.22,-2.39
"b68d4b57313a-130","maize",29.25,-2.39
"b68d4b57313a-131","maize",29.23,-2.41
"b68d4b57313a-132","maize",29.24,-2.4
"b68d4b57313a-133","maize",29.23,-2.4
"b68d4b57313a-134","maize",29.22,-2.4
"b68d4b57313a-135","maize",29.23,-2.39
"b68d4b57313a-136","maize",29.24,-2.41
"b68d4b57313a-137","maize",29.21,-2.41
"b68d4b57313a-138","maize",29.21,-2.41
"b68d4b57313a-139","maize",29.23,-2.41
"b68d4b57313a-140","maize",29.23,-2.41
"b68d4b57313a-141","maize",29.33,-2.12
"b68d4b57313a-142","maize",29.34,-2.13
"b68d4b57313a-143","maize",29.33,-2.14
"b68d4b57313a-144","maize",29.32,-2.13
"b68d4b57313a-145","maize",29.33,-2.14
"b68d4b57313a-146","maize",29.33,-2.15
"b68d4b57313a-147","maize",29.35,-2.13
"b68d4b57313a-148","maize",29.34,-2.14
"b68d4b57313a-149","maize",29.34,-2.13
"b68d4b57313a-150","maize",29.34,-2.15
"b68d4b57313a-151","maize",29.34,-2.14
"b68d4b57313a-152","maize",29.35,-2.14
"b68d4b57313a-153","maize",29.33,-2.15
"b68d4b57313a-154","maize",29.33,-2.12
"b68d4b57313a-155","maize",29.34,-2.13
"b68d4b57313a-156","maize",29.32,-2.12
"b68d4b57313a-157","maize",29.4,-2.04
"b68d4b57313a-158","maize",29.41,-2.07
"b68d4b57313a-159","maize",29.42,-2.06
"b68d4b57313a-160","maize",29.42,-2.05
"b68d4b57313a-161","maize",29.41,-2.07
"b68d4b57313a-162","maize",29.43,-2.06
"b68d4b57313a-163","maize",29.43,-2.05
"b68d4b57313a-164","maize",29.42,-2.06
"b68d4b57313a-165","maize",29.41,-2.05
"b68d4b57313a-166","maize",29.42,-2.05
"b68d4b57313a-167","maize",29.43,-2.05
"b68d4b57313a-168","maize",29.42,-2.05
"b68d4b57313a-169","maize",29.41,-2.04
"b68d4b57313a-170","maize",29.43,-2.05
"b68d4b57313a-171","maize",29.42,-2.03
"b68d4b57313a-172","maize",29.43,-2.04
"b68d4b57313a-173","maize",29.41,-2.06
"b68d4b57313a-174","maize",29.42,-2.06
"b68d4b57313a-175","maize",29.43,-2.05
"b68d4b57313a-176","maize",29.41,-2.07
"b68d4b57313a-177","maize",29.43,-2.06
"b68d4b57313a-178","maize",29.54,-2.07
"b68d4b57313a-179","maize",29.58,-2.07
"b68d4b57313a-180","maize",29.56,-2.07
"b68d4b57313a-181","maize",29.55,-2.07
"b68d4b57313a-182","maize",29.55,-2.06
"b68d4b57313a-183","maize",29.55,-2.06
"b68d4b57313a-184","maize",29.56,-2.07
"b68d4b57313a-185","maize",29.56,-2.09
"b68d4b57313a-186","maize",29.56,-2.08
"b68d4b57313a-187","maize",29.56,-2.07
"b68d4b57313a-188","maize",29.56,-2.08
"b68d4b57313a-189","maize",29.57,-2.09
"b68d4b57313a-190","maize",29.55,-2.09
"b68d4b57313a-191","maize",29.55,-2.09
"b68d4b57313a-192","maize",29.56,-2.07
"b68d4b57313a-193","maize",29.57,-2.09
"b68d4b57313a-194","maize",29.57,-2.06
"b68d4b57313a-195","maize",29.57,-2.08
"b68d4b57313a-196","maize",29.55,-2.09
"b68d4b57313a-197","maize",29.56,-2.07
"b68d4b57313a-198","maize",29.58,-2.08
"b68d4b57313a-199","maize",29.56,-2.08
"b68d4b57313a-200","maize",29.57,-2.07
"203d1a848329-1","maize",29.84,-1.52
"203d1a848329-2","maize",29.84,-1.5
"203d1a848329-3","maize",29.85,-1.51
"203d1a848329-4","maize",29.83,-1.51
"203d1a848329-5","maize",29.83,-1.5
"203d1a848329-6","maize",29.82,-1.5
"203d1a848329-7","maize",29.84,-1.5
"203d1a848329-8","maize",29.84,-1.51
"203d1a848329-9","maize",29.84,-1.51
"203d1a848329-10","maize",29.84,-1.5
"203d1a848329-11","maize",29.81,-1.52
"203d1a848329-12","maize",29.83,-1.5
"203d1a848329-13","maize",29.84,-1.53
"203d1a848329-14","maize",29.83,-1.52
"203d1a848329-15","maize",29.83,-1.51
"203d1a848329-16","maize",29.84,-1.48
"203d1a848329-17","maize",29.84,-1.47
"203d1a848329-18","maize",29.84,-1.46
"203d1a848329-19","maize",29.85,-1.46
"203d1a848329-20","maize",29.85,-1.47
"203d1a848329-21","maize",29.84,-1.48
"203d1a848329-22","maize",29.85,-1.47
"203d1a848329-23","maize",29.84,-1.49
"203d1a848329-24","maize",29.83,-1.47
"203d1a848329-25","maize",29.83,-1.48
"203d1a848329-26","maize",29.84,-1.48
"203d1a848329-27","maize",29.85,-1.48
"203d1a848329-28","maize",29.83,-1.48
"203d1a848329-29","maize",29.83,-1.49
"203d1a848329-30","maize",29.85,-1.47
"203d1a848329-31","maize",29.79,-1.5
"203d1a848329-32","maize",29.78,-1.5
"203d1a848329-33","maize",29.79,-1.5
"203d1a848329-34","maize",29.78,-1.51
"203d1a848329-35","maize",29.79,-1.51
"203d1a848329-36","maize",29.78,-1.51
"203d1a848329-37","maize",29.78,-1.51
"203d1a848329-38","maize",29.78,-1.52
"203d1a848329-39","maize",29.8,-1.49
"203d1a848329-40","maize",29.77,-1.52
"203d1a848329-41","maize",29.79,-1.52
"203d1a848329-42","maize",29.78,-1.51
"203d1a848329-43","maize",29.78,-1.5
"203d1a848329-44","maize",29.77,-1.49
"203d1a848329-45","maize",29.79,-1.52
"203d1a848329-46","maize",29.8,-1.5
"203d1a848329-47","maize",29.81,-1.5
"203d1a848329-48","maize",29.8,-1.5
"203d1a848329-49","maize",29.81,-1.51
"203d1a848329-50","maize",29.81,-1.51
"203d1a848329-51","maize",29.81,-1.53
"203d1a848329-52","maize",29.8,-1.52
"203d1a848329-53","maize",29.79,-1.52
"203d1a848329-54","maize",29.81,-1.52
"203d1a848329-55","maize",29.78,-1.52
"203d1a848329-56","maize",29.8,-1.52
"203d1a848329-57","maize",29.81,-1.52
"203d1a848329-58","maize",29.79,-1.52
"203d1a848329-59","maize",29.8,-1.52
"203d1a848329-60","maize",29.81,-1.52
"203d1a848329-61","maize",29.7,-1.46
"203d1a848329-62","maize",29.71,-1.47
"203d1a848329-63","maize",29.73,-1.48
"203d1a848329-64","maize",29.73,-1.48
"203d1a848329-65","maize",29.72,-1.49
"203d1a848329-66","maize",29.71,-1.47
"203d1a848329-67","maize",29.72,-1.47
"203d1a848329-68","maize",29.71,-1.48
"203d1a848329-69","maize",29.73,-1.47
"203d1a848329-70","maize",29.73,-1.49
"203d1a848329-71","maize",29.74,-1.43
"203d1a848329-72","maize",29.73,-1.45
"203d1a848329-73","maize",29.74,-1.43
"203d1a848329-74","maize",29.71,-1.42
"203d1a848329-75","maize",29.74,-1.44
"203d1a848329-76","maize",29.72,-1.42
"203d1a848329-77","maize",29.74,-1.44
"203d1a848329-78","maize",29.73,-1.44
"203d1a848329-79","maize",29.74,-1.43
"203d1a848329-80","maize",29.72,-1.44
"203d1a848329-81","maize",29.36,-1.57
"203d1a848329-82","maize",29.37,-1.59
"203d1a848329-83","maize",29.38,-1.58
"203d1a848329-84","maize",29.38,-1.57
"203d1a848329-85","maize",29.36,-1.59
"203d1a848329-86","maize",29.37,-1.58
"203d1a848329-87","maize",29.36,-1.58
"203d1a848329-88","maize",29.38,-1.57
"203d1a848329-89","maize",29.37,-1.58
"203d1a848329-90","maize",29.37,-1.58
"203d1a848329-91","maize",29.36,-1.58
"203d1a848329-92","maize",29.38,-1.58
"203d1a848329-93","maize",29.37,-1.57
"203d1a848329-94","maize",29.36,-1.58
"203d1a848329-95","maize",29.37,-1.58
"203d1a848329-97","maize",29.37,-1.57
"203d1a848329-98","maize",29.36,-1.6
"203d1a848329-99","maize",29.38,-1.59
"203d1a848329-100","maize",29.37,-1.58
"203d1a848329-101","maize",29.35,-1.65
"203d1a848329-102","maize",29.37,-1.66
"203d1a848329-103","maize",29.34,-1.65
"203d1a848329-104","maize",29.35,-1.65
"203d1a848329-105","maize",29.35,-1.66
"203d1a848329-106","maize",29.39,-1.65
"203d1a848329-107","maize",29.37,-1.66
"203d1a848329-108","maize",29.36,-1.66
"203d1a848329-109","maize",29.36,-1.66
"203d1a848329-110","maize",29.37,-1.66
"203d1a848329-111","maize",29.35,-1.65
"203d1a848329-112","maize",29.37,-1.65
"203d1a848329-113","maize",29.36,-1.67
"203d1a848329-114","maize",29.36,-1.65
"203d1a848329-115","maize",29.37,-1.57
"203d1a848329-116","maize",29.36,-1.64
"203d1a848329-117","maize",29.38,-1.66
"203d1a848329-118","maize",29.36,-1.66
"203d1a848329-119","maize",29.36,-1.65
"203d1a848329-120","maize",29.36,-1.64
"203d1a848329-121","maize",29.49,-2.5
"203d1a848329-122","maize",29.47,-2.48
"203d1a848329-123","maize",29.48,-2.48
"203d1a848329-124","maize",29.49,-2.47
"203d1a848329-125","maize",29.47,-2.48
"203d1a848329-126","maize",29.5,-2.47
"203d1a848329-127","maize",29.48,-2.48
"203d1a848329-128","maize",29.5,-2.48
"203d1a848329-129","maize",29.49,-2.48
"203d1a848329-130","maize",29.49,-2.5
"203d1a848329-131","maize",29.49,-2.5
"203d1a848329-132","maize",29.5,-2.49
"203d1a848329-133","maize",29.48,-2.51
"203d1a848329-134","maize",29.5,-2.49
"203d1a848329-135","maize",29.48,-2.51
"203d1a848329-136","maize",29.5,-2.5
"203d1a848329-137","maize",29.49,-2.49
"203d1a848329-138","maize",29.49,-2.51
"203d1a848329-139","maize",29.48,-2.49
"203d1a848329-140","maize",29.49,-2.51
"203d1a848329-141","maize",29.51,-2.49
"203d1a848329-142","maize",29.5,-2.49
"203d1a848329-143","maize",29.47,-2.11
"203d1a848329-144","maize",29.48,-2.14
"203d1a848329-145","maize",29.48,-2.13
"203d1a848329-146","maize",29.49,-2.13
"203d1a848329-147","maize",29.47,-2.14
"203d1a848329-148","maize",29.49,-2.13
"203d1a848329-149","maize",29.49,-2.12
"203d1a848329-150","maize",29.49,-2.14
"203d1a848329-151","maize",29.47,-2.14
"203d1a848329-152","maize",29.47,-2.11
"203d1a848329-153","maize",29.47,-2.14
"203d1a848329-154","maize",29.47,-2.12
"203d1a848329-155","maize",29.47,-2.13
"203d1a848329-156","maize",29.48,-2.14
"203d1a848329-157","maize",29.46,-2.12
"203d1a848329-158","maize",29.47,-2.13
"203d1a848329-159","maize",29.53,-2.06
"203d1a848329-160","maize",29.55,-2.07
"203d1a848329-161","maize",29.55,-2.07
"203d1a848329-162","maize",29.55,-2.03
"203d1a848329-163","maize",29.56,-2.07
"203d1a848329-164","maize",29.54,-2.06
"203d1a848329-165","maize",29.54,-2.06
"203d1a848329-166","maize",29.54,-2.08
"203d1a848329-167","maize",29.54,-2.04
"203d1a848329-168","maize",29.55,-2.06
"203d1a848329-169","maize",29.4,-1.93
"203d1a848329-170","maize",29.4,-1.91
"203d1a848329-171","maize",29.39,-1.92
"203d1a848329-172","maize",29.41,-1.94
"203d1a848329-173","maize",29.4,-1.93
"203d1a848329-174","maize",29.4,-1.92
"203d1a848329-175","maize",29.41,-1.92
"203d1a848329-176","maize",29.41,-1.91
"203d1a848329-177","maize",29.4,-1.91
"203d1a848329-178","maize",29.4,-1.91
"203d1a848329-179","maize",29.4,-1.92
"203d1a848329-180","maize",29.4,-1.9
"203d1a848329-181","maize",29.41,-1.92
"203d1a848329-182","maize",29.4,-1.91
"203d1a848329-183","maize",29.41,-1.91
"203d1a848329-184","maize",29.41,-1.91
"203d1a848329-185","maize",29.41,-1.93
"203d1a848329-186","maize",29.4,-1.91
"203d1a848329-187","maize",29.42,-1.93
"203d1a848329-188","maize",29.41,-1.91
"3c94d78b016d-1","potato",30.52,-2.07
"3c94d78b016d-2","potato",30.51,-2.05
"3c94d78b016d-3","potato",30.5,-2.07
"3c94d78b016d-4","potato",30.5,-2.07
"3c94d78b016d-5","potato",30.5,-2.07
"3c94d78b016d-6","potato",30.5,-2.06
"3c94d78b016d-7","potato",30.49,-2.06
"3c94d78b016d-8","potato",30.5,-2.07
"3c94d78b016d-9","potato",30.49,-2.06
"3c94d78b016d-10","potato",30.5,-2.06
"3c94d78b016d-11","potato",30.51,-2.06
"3c94d78b016d-12","potato",30.52,-2.07
"3c94d78b016d-13","potato",30.51,-2.06
"3c94d78b016d-14","potato",30.52,-2.07
"3c94d78b016d-15","potato",30.52,-2.06
"3c94d78b016d-16","potato",30.52,-2.07
"3c94d78b016d-17","potato",30.51,-2.06
"3c94d78b016d-18","potato",30.5,-2.07
"3c94d78b016d-19","potato",30.51,-2.08
"3c94d78b016d-20","potato",30.51,-2.06
"3c94d78b016d-21","potato",30.31,-1.64
"3c94d78b016d-22","potato",30.31,-1.65
"3c94d78b016d-23","potato",30.31,-1.65
"3c94d78b016d-24","potato",30.31,-1.63
"3c94d78b016d-25","potato",30.3,-1.63
"3c94d78b016d-26","potato",30.3,-1.63
"3c94d78b016d-27","potato",30.3,-1.64
"3c94d78b016d-28","potato",30.31,-1.63
"3c94d78b016d-31","potato",30.29,-1.64
"3c94d78b016d-33","potato",30.31,-1.64
"3c94d78b016d-34","potato",30.3,-1.63
"3c94d78b016d-35","potato",30.29,-1.64
"3c94d78b016d-36","potato",30.3,-1.65
"3c94d78b016d-37","potato",30.3,-1.66
"3c94d78b016d-38","potato",30.29,-1.64
"3c94d78b016d-39","potato",30.31,-1.65
"3c94d78b016d-40","potato",30.3,-1.65
"3c94d78b016d-41","potato",30.46,-1.84
"3c94d78b016d-42","potato",30.47,-1.83
"3c94d78b016d-43","potato",30.47,-1.84
"3c94d78b016d-44","potato",30.46,-1.82
"3c94d78b016d-45","potato",30.47,-1.85
"3c94d78b016d-46","potato",30.46,-1.83
"3c94d78b016d-47","potato",30.45,-1.84
"3c94d78b016d-48","potato",30.47,-1.84
"3c94d78b016d-49","potato",30.46,-1.83
"3c94d78b016d-50","potato",30.47,-1.85
"3c94d78b016d-51","potato",30.47,-1.84
"3c94d78b016d-52","potato",30.46,-1.83
"3c94d78b016d-53","potato",30.46,-1.83
"3c94d78b016d-54","potato",30.47,-1.83
"3c94d78b016d-55","potato",30.45,-1.84
"3c94d78b016d-56","potato",30.46,-1.84
"3c94d78b016d-57","potato",30.47,-1.85
"3c94d78b016d-58","potato",30.47,-1.85
"3c94d78b016d-59","potato",30.46,-1.83
"3c94d78b016d-60","potato",30.47,-1.85
"3c94d78b016d-61","potato",30.34,-2.02
"3c94d78b016d-62","potato",30.34,-2.03
"3c94d78b016d-63","potato",30.35,-2.03
"3c94d78b016d-64","potato",30.33,-2.02
"3c94d78b016d-65","potato",30.34,-2.02
"3c94d78b016d-66","potato",30.34,-2.02
"3c94d78b016d-67","potato",30.35,-2.03
"3c94d78b016d-68","potato",30.33,-2.02
"3c94d78b016d-69","potato",30.34,-2.03
"3c94d78b016d-70","potato",30.33,-2.02
"3c94d78b016d-71","potato",30.33,-2.02
"3c94d78b016d-72","potato",30.34,-2.02
"3c94d78b016d-73","potato",30.33,-2.03
"3c94d78b016d-74","potato",30.34,-2.02
"3c94d78b016d-75","potato",30.33,-2.01
"3c94d78b016d-76","potato",30.34,-2.02
"3c94d78b016d-77","potato",30.35,-2.03
"3c94d78b016d-78","potato",30.33,-2.02
"3c94d78b016d-79","potato",30.34,-2.04
"3c94d78b016d-80","potato",30.34,-2.03
"b0a8cd2db3ea-1","maize",29.85,-2.31
"b0a8cd2db3ea-2","maize",29.84,-2.32
"b0a8cd2db3ea-3","maize",29.86,-2.3
"b0a8cd2db3ea-4","maize",29.85,-2.31
"b0a8cd2db3ea-5","maize",29.86,-2.32
"b0a8cd2db3ea-6","maize",29.85,-2.32
"b0a8cd2db3ea-7","maize",29.84,-2.32
"b0a8cd2db3ea-8","maize",29.84,-2.31
"b0a8cd2db3ea-9","maize",29.85,-2.32
"b0a8cd2db3ea-10","maize",29.84,-2.32
"b0a8cd2db3ea-11","maize",29.85,-2.32
"b0a8cd2db3ea-12","maize",29.83,-2.32
"b0a8cd2db3ea-13","maize",29.85,-2.33
"b0a8cd2db3ea-14","maize",29.85,-2.32
"b0a8cd2db3ea-15","maize",29.85,-2.31
"b0a8cd2db3ea-16","maize",29.84,-2.31
"b0a8cd2db3ea-17","maize",29.85,-2.33
"b0a8cd2db3ea-18","maize",29.85,-2.34
"b0a8cd2db3ea-19","maize",29.85,-2.32
"b0a8cd2db3ea-20","maize",29.86,-2.33
"b0a8cd2db3ea-21","maize",29.86,-2.33
"b0a8cd2db3ea-22","maize",29.86,-2.32
"b0a8cd2db3ea-23","maize",29.87,-2.32
"b0a8cd2db3ea-24","maize",29.87,-2.33
"b0a8cd2db3ea-25","maize",29.87,-2.33
"b0a8cd2db3ea-26","maize",29.87,-2.32
"b0a8cd2db3ea-27","maize",29.87,-2.33
"b0a8cd2db3ea-28","maize",29.86,-2.32
"b0a8cd2db3ea-29","maize",29.86,-2.32
"b0a8cd2db3ea-30","maize",29.84,-2.33
"b0a8cd2db3ea-31","maize",29.86,-2.33
"b0a8cd2db3ea-32","maize",29.87,-2.33
"b0a8cd2db3ea-33","maize",29.87,-2.32
"b0a8cd2db3ea-34","maize",29.87,-2.33
"b0a8cd2db3ea-35","maize",29.87,-2.32
"b0a8cd2db3ea-36","maize",29.88,-2.34
"b0a8cd2db3ea-37","maize",29.86,-2.33
"b0a8cd2db3ea-38","maize",29.87,-2.33
"b0a8cd2db3ea-39","maize",29.87,-2.31
"b0a8cd2db3ea-40","maize",29.87,-2.32
"b0a8cd2db3ea-41","maize",29.07,-2.37
"b0a8cd2db3ea-42","maize",29.07,-2.35
"b0a8cd2db3ea-43","maize",29.09,-2.37
"b0a8cd2db3ea-44","maize",29.08,-2.36
"b0a8cd2db3ea-45","maize",29.11,-2.37
"b0a8cd2db3ea-46","maize",29.09,-2.37
"b0a8cd2db3ea-47","maize",29.09,-2.37
"b0a8cd2db3ea-48","maize",29.1,-2.36
"b0a8cd2db3ea-49","maize",29.08,-2.36
"b0a8cd2db3ea-50","maize",29.1,-2.36
"b0a8cd2db3ea-51","maize",29.07,-2.36
"b0a8cd2db3ea-52","maize",29.07,-2.36
"b0a8cd2db3ea-53","maize",29.09,-2.36
"b0a8cd2db3ea-54","maize",29.11,-2.36
"b0a8cd2db3ea-55","maize",29.08,-2.35
"b0a8cd2db3ea-56","maize",29.01,-2.62
"b0a8cd2db3ea-57","maize",29.01,-2.63
"b0a8cd2db3ea-58","maize",29,-2.61
"b0a8cd2db3ea-59","maize",29,-2.62
"b0a8cd2db3ea-60","maize",29.02,-2.63
"b0a8cd2db3ea-61","maize",29.01,-2.62
"b0a8cd2db3ea-62","maize",29,-2.64
"b0a8cd2db3ea-63","maize",29.01,-2.63
"b0a8cd2db3ea-64","maize",29.01,-2.62
"b0a8cd2db3ea-65","maize",29.01,-2.64
"b0a8cd2db3ea-66","maize",28.99,-2.61
"b0a8cd2db3ea-67","maize",29,-2.63
"b0a8cd2db3ea-68","maize",28.98,-2.63
"b0a8cd2db3ea-69","maize",29,-2.62
"b0a8cd2db3ea-70","maize",29.01,-2.64
"b0a8cd2db3ea-71","maize",29,-2.62
"b0a8cd2db3ea-72","maize",28.99,-2.63
"b0a8cd2db3ea-73","maize",29,-2.62
"b0a8cd2db3ea-74","maize",29.01,-2.63
"b0a8cd2db3ea-75","maize",29,-2.63
"b0a8cd2db3ea-76","maize",28.99,-2.61
"b0a8cd2db3ea-77","maize",29,-2.64
"b0a8cd2db3ea-78","maize",29.01,-2.63
"b0a8cd2db3ea-79","maize",29,-2.63
"b0a8cd2db3ea-80","maize",29.02,-2.62
"b0a8cd2db3ea-81","maize",29.05,-2.68
"b0a8cd2db3ea-82","maize",29.06,-2.67
"b0a8cd2db3ea-83","maize",29.04,-2.69
"b0a8cd2db3ea-84","maize",29.05,-2.68
"b0a8cd2db3ea-85","maize",29.05,-2.67
"b0a8cd2db3ea-86","maize",29.04,-2.68
"b0a8cd2db3ea-87","maize",29.03,-2.68
"b0a8cd2db3ea-88","maize",29.05,-2.69
"b0a8cd2db3ea-89","maize",29.04,-2.68
"b0a8cd2db3ea-90","maize",29.06,-2.69
"b0a8cd2db3ea-91","maize",29.06,-2.69
"b0a8cd2db3ea-92","maize",28.99,-2.64
"b0a8cd2db3ea-93","maize",29.05,-2.68
"b0a8cd2db3ea-94","maize",29.05,-2.67
"b0a8cd2db3ea-95","maize",29.05,-2.67
"b0a8cd2db3ea-96","maize",29.04,-2.68
"b0a8cd2db3ea-97","maize",29.06,-2.67
"b0a8cd2db3ea-98","maize",29.06,-2.69
"b0a8cd2db3ea-99","maize",29.05,-2.67
"b0a8cd2db3ea-100","maize",29.04,-2.69
"b0a8cd2db3ea-101","maize",29.03,-2.68
"b0a8cd2db3ea-102","maize",29.04,-2.67
"b0a8cd2db3ea-103","maize",29.06,-2.67
"b0a8cd2db3ea-104","maize",29.05,-2.67
"b0a8cd2db3ea-105","maize",29.04,-2.68
"b0a8cd2db3ea-106","maize",29.02,-2.43
"b0a8cd2db3ea-107","maize",29.01,-2.43
"b0a8cd2db3ea-108","maize",29.01,-2.43
"b0a8cd2db3ea-109","maize",29.02,-2.43
"b0a8cd2db3ea-110","maize",29.03,-2.43
"b0a8cd2db3ea-111","maize",29.01,-2.43
"b0a8cd2db3ea-112","maize",29.01,-2.43
"b0a8cd2db3ea-113","maize",29.01,-2.43
"b0a8cd2db3ea-114","maize",29.02,-2.44
"b0a8cd2db3ea-115","maize",29.03,-2.44
"b0a8cd2db3ea-116","maize",29.03,-2.43
"b0a8cd2db3ea-117","maize",29.02,-2.44
"b0a8cd2db3ea-118","maize",29.03,-2.43
"b0a8cd2db3ea-119","maize",29.02,-2.45
"b0a8cd2db3ea-120","maize",29.03,-2.43
"b0a8cd2db3ea-121","maize",29.02,-2.42
"b0a8cd2db3ea-122","maize",29.01,-2.43
"b0a8cd2db3ea-123","maize",29.02,-2.43
"b0a8cd2db3ea-124","maize",29.01,-2.44
"b0a8cd2db3ea-125","maize",29.03,-2.43
"b0a8cd2db3ea-126","maize",29.01,-2.44
"b0a8cd2db3ea-127","maize",29.01,-2.43
"b0a8cd2db3ea-128","maize",29.03,-2.43
"b0a8cd2db3ea-129","maize",29.02,-2.45
"b0a8cd2db3ea-130","maize",29.03,-2.44
"b0a8cd2db3ea-131","maize",29.03,-2.5
"b0a8cd2db3ea-132","maize",29.04,-2.48
"b0a8cd2db3ea-133","maize",29.03,-2.48
"b0a8cd2db3ea-134","maize",29.04,-2.5
"b0a8cd2db3ea-135","maize",29.04,-2.51
"b0a8cd2db3ea-136","maize",29.05,-2.48
"b0a8cd2db3ea-137","maize",29.05,-2.5
"b0a8cd2db3ea-138","maize",29.02,-2.5
"b0a8cd2db3ea-139","maize",29.04,-2.49
"b0a8cd2db3ea-140","maize",29.04,-2.5
"b0a8cd2db3ea-141","maize",29.04,-2.49
"b0a8cd2db3ea-142","maize",29.03,-2.5
"b0a8cd2db3ea-143","maize",29.05,-2.51
"b0a8cd2db3ea-144","maize",29.03,-2.5
"b0a8cd2db3ea-145","maize",29.04,-2.48
"b0a8cd2db3ea-146","maize",29.03,-2.51
"b0a8cd2db3ea-147","maize",29.04,-2.5
"b0a8cd2db3ea-148","maize",29.02,-2.49
"b0a8cd2db3ea-149","maize",29.06,-2.48
"b0a8cd2db3ea-150","maize",29.03,-2.5
"b0a8cd2db3ea-151","maize",29.03,-2.48
"b0a8cd2db3ea-152","maize",29.03,-2.47
"b0a8cd2db3ea-153","maize",29.03,-2.5
"b0a8cd2db3ea-154","maize",29.05,-2.49
"b0a8cd2db3ea-155","maize",29.03,-2.47
"b0a8cd2db3ea-156","maize",29.32,-2.11
"b0a8cd2db3ea-157","maize",29.32,-2.13
"b0a8cd2db3ea-158","maize",29.3,-2.13
"b0a8cd2db3ea-159","maize",29.33,-2.15
"b0a8cd2db3ea-160","maize",29.31,-2.11
"b0a8cd2db3ea-161","maize",29.32,-2.13
"b0a8cd2db3ea-162","maize",29.31,-2.11
"b0a8cd2db3ea-163","maize",29.31,-2.12
"b0a8cd2db3ea-164","maize",29.3,-2.11
"b0a8cd2db3ea-165","maize",29.3,-2.11
"b0a8cd2db3ea-166","maize",29.31,-2.12
"b0a8cd2db3ea-167","maize",29.31,-2.12
"b0a8cd2db3ea-168","maize",29.39,-2.03
"b0a8cd2db3ea-169","maize",29.4,-2.04
"b0a8cd2db3ea-170","maize",29.39,-2.02
"b0a8cd2db3ea-171","maize",29.37,-2.03
"b0a8cd2db3ea-172","maize",29.39,-2.03
"b0a8cd2db3ea-173","maize",29.38,-2.02
"b0a8cd2db3ea-174","maize",29.39,-2.05
"b0a8cd2db3ea-175","maize",29.37,-2.02
"b0a8cd2db3ea-176","maize",29.39,-2
"b0a8cd2db3ea-177","maize",29.39,-2.02
"b0a8cd2db3ea-178","maize",29.38,-2.01
"b0a8cd2db3ea-179","maize",29.4,-2.03
"b0a8cd2db3ea-180","maize",29.39,-2.02
"b0a8cd2db3ea-181","maize",29.39,-2.03
"b0a8cd2db3ea-182","maize",29.37,-2.02
"b0a8cd2db3ea-183","maize",29.39,-2.02
"b0a8cd2db3ea-184","maize",29.38,-2.03
"b0a8cd2db3ea-185","maize",29.38,-2.03
"b0a8cd2db3ea-186","maize",29.38,-2.03
"b0a8cd2db3ea-187","maize",29.38,-2.02
"c553432c781d-1","maize",30.5,-2.08
"c553432c781d-2","maize",30.52,-2.05
"c553432c781d-3","maize",30.55,-2.15
"c553432c781d-4","maize",30.49,-2.06
"c553432c781d-5","maize",30.5,-2.06
"c553432c781d-6","maize",30.49,-2.07
"c553432c781d-7","maize",30.51,-2.09
"c553432c781d-8","maize",30.52,-2.07
"c553432c781d-9","maize",30.5,-2.08
"c553432c781d-10","maize",30.49,-2.08
"c553432c781d-11","maize",30.5,-2.06
"c553432c781d-12","maize",30.54,-2.07
"c553432c781d-13","maize",30.56,-2.08
"c553432c781d-14","maize",30.56,-2.07
"c553432c781d-15","maize",30.56,-2.07
"c553432c781d-16","maize",30.56,-2.06
"c553432c781d-17","maize",30.56,-2.07
"c553432c781d-18","maize",30.54,-2.09
"c553432c781d-19","maize",30.57,-2.07
"c553432c781d-20","maize",30.56,-2.08
"c553432c781d-21","maize",30.56,-2.07
"c553432c781d-22","maize",30.26,-1.61
"c553432c781d-23","maize",30.29,-1.62
"c553432c781d-24","maize",30.28,-1.62
"c553432c781d-25","maize",30.28,-1.63
"c553432c781d-26","maize",30.29,-1.61
"c553432c781d-27","maize",30.27,-1.61
"c553432c781d-28","maize",30.28,-1.59
"c553432c781d-29","maize",30.28,-1.6
"c553432c781d-30","maize",30.28,-1.59
"c553432c781d-31","maize",30.26,-1.61
"c553432c781d-32","maize",30.26,-1.61
"c553432c781d-33","maize",30.27,-1.61
"c553432c781d-34","maize",30.29,-1.61
"c553432c781d-35","maize",30.27,-1.61
"c553432c781d-36","maize",30.29,-1.62
"c553432c781d-37","maize",30.29,-1.59
"c553432c781d-38","maize",30.28,-1.6
"c553432c781d-39","maize",30.27,-1.61
"c553432c781d-40","maize",30.26,-1.6
"c553432c781d-41","maize",30.28,-1.59
"c553432c781d-42","maize",30.3,-1.66
"c553432c781d-43","maize",30.3,-1.65
"c553432c781d-44","maize",30.3,-1.64
"c553432c781d-45","maize",30.31,-1.64
"c553432c781d-46","maize",30.3,-1.66
"c553432c781d-47","maize",30.31,-1.65
"c553432c781d-48","maize",30.31,-1.65
"c553432c781d-49","maize",30.29,-1.64
"c553432c781d-50","maize",30.31,-1.65
"c553432c781d-51","maize",30.3,-1.66
"c553432c781d-52","maize",30.32,-1.65
"c553432c781d-53","maize",30.32,-1.66
"c553432c781d-54","maize",30.29,-1.65
"c553432c781d-55","maize",30.3,-1.65
"c553432c781d-56","maize",30.32,-1.63
"c553432c781d-57","maize",30.31,-1.64
"c553432c781d-58","maize",30.32,-1.66
"c553432c781d-59","maize",30.32,-1.64
"c553432c781d-60","maize",30.3,-1.66
"c553432c781d-61","maize",30.3,-1.64
"c553432c781d-62","maize",30.6,-1.81
"c553432c781d-63","maize",30.58,-1.81
"c553432c781d-64","maize",30.59,-1.8
"c553432c781d-65","maize",30.58,-1.81
"c553432c781d-66","maize",30.58,-1.8
"c553432c781d-67","maize",30.6,-1.8
"c553432c781d-68","maize",30.58,-1.81
"c553432c781d-69","maize",30.59,-1.82
"c553432c781d-70","maize",30.6,-1.81
"c553432c781d-71","maize",30.59,-1.81
"c553432c781d-72","maize",30.58,-1.82
"c553432c781d-73","maize",30.57,-1.82
"c553432c781d-74","maize",30.59,-1.82
"c553432c781d-75","maize",30.59,-1.81
"c553432c781d-76","maize",30.58,-1.83
"c553432c781d-77","maize",30.46,-1.82
"c553432c781d-78","maize",30.47,-1.82
"c553432c781d-79","maize",30.45,-1.83
"c553432c781d-80","maize",30.47,-1.83
"c553432c781d-81","maize",30.46,-1.84
"c553432c781d-82","maize",30.45,-1.82
"c553432c781d-83","maize",30.48,-1.83
"c553432c781d-84","maize",30.47,-1.84
"c553432c781d-85","maize",30.46,-1.84
"c553432c781d-86","maize",30.47,-1.82
"c553432c781d-87","maize",30.34,-2.04
"c553432c781d-88","maize",30.34,-2.02
"c553432c781d-89","maize",30.34,-2.03
"c553432c781d-90","maize",30.33,-2.02
"c553432c781d-91","maize",30.34,-2.02
"c553432c781d-92","maize",30.32,-2.02
"c553432c781d-93","maize",30.34,-2.01
"c553432c781d-94","maize",30.33,-2.02
"c553432c781d-95","maize",30.33,-2.01
"c553432c781d-96","maize",30.33,-2.02
"c553432c781d-97","maize",30.27,-1.37
"c553432c781d-98","maize",30.27,-1.39
"c553432c781d-99","maize",30.27,-1.38
"c553432c781d-100","maize",30.28,-1.38
"c553432c781d-101","maize",30.27,-1.38
"c553432c781d-102","maize",30.26,-1.37
"c553432c781d-103","maize",30.26,-1.38
"c553432c781d-104","maize",30.27,-1.36
"c553432c781d-105","maize",30.26,-1.38
"c553432c781d-106","maize",30.26,-1.38
"c553432c781d-107","maize",30.25,-1.38
"c553432c781d-108","maize",30.27,-1.38
"c553432c781d-109","maize",30.25,-1.39
"c553432c781d-110","maize",30.26,-1.38
"c553432c781d-111","maize",30.27,-1.36
"c553432c781d-112","maize",30.28,-1.37
"c553432c781d-113","maize",30.27,-1.38
"c553432c781d-114","maize",30.26,-1.38
"c553432c781d-115","maize",30.26,-1.39
"c553432c781d-116","maize",30.26,-1.38
"c553432c781d-117","maize",30.25,-1.39
"c553432c781d-118","maize",30.27,-1.37
"c553432c781d-119","maize",30.27,-1.38
"c553432c781d-120","maize",30.26,-1.38
"c553432c781d-121","maize",30.28,-1.38
"c553432c781d-122","maize",30.29,-1.44
"c553432c781d-123","maize",30.29,-1.43
"c553432c781d-124","maize",30.3,-1.42
"c553432c781d-125","maize",30.3,-1.42
"c553432c781d-126","maize",30.29,-1.44
"c553432c781d-127","maize",30.3,-1.44
"c553432c781d-128","maize",30.3,-1.43
"c553432c781d-129","maize",30.29,-1.43
"c553432c781d-130","maize",30.31,-1.42
"c553432c781d-131","maize",30.3,-1.44
"c553432c781d-132","maize",30.29,-1.44
"c553432c781d-133","maize",30.28,-1.43
"c553432c781d-134","maize",30.29,-1.43
"c553432c781d-135","maize",30.29,-1.44
"c553432c781d-136","maize",30.29,-1.44
"c553432c781d-137","maize",30.3,-1.44
"c553432c781d-138","maize",30.31,-1.43
"c553432c781d-139","maize",30.29,-1.43
"c553432c781d-140","maize",30.31,-1.42
"c553432c781d-141","maize",30.29,-1.42
"c553432c781d-142","maize",30.29,-1.44
"c553432c781d-143","maize",30.29,-1.42
"c553432c781d-144","maize",30.3,-1.43
"c553432c781d-145","maize",30.3,-1.43
"c553432c781d-146","maize",30.29,-1.42
"c553432c781d-147","maize",29.91,-2.48
"c553432c781d-148","maize",29.9,-2.46
"c553432c781d-149","maize",29.91,-2.47
"c553432c781d-150","maize",29.92,-2.47
"c553432c781d-151","maize",29.91,-2.46
"c553432c781d-152","maize",29.92,-2.46
"c553432c781d-153","maize",29.92,-2.46
"c553432c781d-154","maize",29.9,-2.49
"c553432c781d-155","maize",29.91,-2.47
"c553432c781d-156","maize",29.91,-2.47
"c553432c781d-157","maize",29.92,-2.48
"c553432c781d-158","maize",29.93,-2.47
"c553432c781d-159","maize",29.92,-2.47
"c553432c781d-160","maize",29.92,-2.48
"c553432c781d-161","maize",29.92,-2.46
"c553432c781d-162","maize",29.92,-2.47
"c553432c781d-163","maize",29.92,-2.47
"c553432c781d-164","maize",29.91,-2.48
"c553432c781d-165","maize",29.92,-2.46
"c553432c781d-166","maize",29.92,-2.46
"c553432c781d-167","maize",29.9,-2.48
"c553432c781d-168","maize",29.9,-2.47
"c553432c781d-169","maize",29.91,-2.49
"c553432c781d-170","maize",29.91,-2.47
"c553432c781d-171","maize",29.9,-2.49
"c553432c781d-172","maize",29.89,-2.48
"c553432c781d-173","maize",29.91,-2.47
"c553432c781d-174","maize",29.91,-2.48
"c553432c781d-175","maize",29.9,-2.49
"c553432c781d-176","maize",29.89,-2.49
"c553432c781d-177","maize",29.9,-2.5
"c553432c781d-178","maize",29.9,-2.48
"c553432c781d-179","maize",29.9,-2.46
"c553432c781d-180","maize",29.89,-2.48
"c553432c781d-181","maize",29.91,-2.47
"c553432c781d-182","maize",29.9,-2.48
"c553432c781d-183","maize",29.9,-2.48
"c553432c781d-184","maize",29.9,-2.46
"c553432c781d-185","maize",29.89,-2.47
"c553432c781d-186","maize",29.9,-2.47
"6366bb6cae3c-1","maize",29.44,-1.6
"6366bb6cae3c-2","maize",29.45,-1.58
"6366bb6cae3c-3","maize",29.45,-1.6
"6366bb6cae3c-4","maize",29.45,-1.59
"6366bb6cae3c-5","maize",29.46,-1.59
"6366bb6cae3c-6","maize",29.57,-2.63
"6366bb6cae3c-7","maize",29.46,-1.6
"6366bb6cae3c-8","maize",29.47,-1.59
"6366bb6cae3c-9","maize",29.46,-1.59
"6366bb6cae3c-10","maize",29.46,-1.6
"6366bb6cae3c-11","maize",29.45,-1.6
"6366bb6cae3c-12","maize",29.46,-1.6
"6366bb6cae3c-13","maize",29.45,-1.61
"6366bb6cae3c-14","maize",29.39,-1.65
"6366bb6cae3c-15","maize",29.47,-1.6
"6366bb6cae3c-16","maize",29.34,-1.64
"6366bb6cae3c-17","maize",29.58,-2.64
"6366bb6cae3c-18","maize",29.38,-1.64
"6366bb6cae3c-19","maize",29.36,-1.65
"6366bb6cae3c-20","maize",29.34,-1.66
"6366bb6cae3c-21","maize",29.36,-1.65
"6366bb6cae3c-22","maize",29.34,-1.64
"6366bb6cae3c-23","maize",29.35,-1.65
"6366bb6cae3c-24","maize",29.37,-1.65
"6366bb6cae3c-25","maize",29.35,-1.65
"6366bb6cae3c-26","maize",29.37,-1.66
"6366bb6cae3c-27","maize",29.45,-1.6
"6366bb6cae3c-28","maize",29.35,-1.64
"6366bb6cae3c-29","maize",29.34,-1.66
"6366bb6cae3c-30","maize",29.35,-1.66
"6366bb6cae3c-31","maize",29.76,-2.42
"6366bb6cae3c-32","maize",29.78,-2.43
"6366bb6cae3c-33","maize",29.77,-2.42
"6366bb6cae3c-34","maize",29.75,-2.41
"6366bb6cae3c-35","maize",29.77,-2.41
"6366bb6cae3c-36","maize",29.75,-2.42
"6366bb6cae3c-37","maize",29.77,-2.43
"6366bb6cae3c-38","maize",29.78,-2.41
"6366bb6cae3c-39","maize",29.77,-2.41
"6366bb6cae3c-40","maize",29.77,-2.42
"6366bb6cae3c-41","maize",29.77,-2.43
"6366bb6cae3c-42","maize",29.75,-2.42
"6366bb6cae3c-43","maize",29.76,-2.4
"6366bb6cae3c-44","maize",29.76,-2.39
"6366bb6cae3c-45","maize",29.77,-2.42
"6366bb6cae3c-46","maize",29.77,-2.43
"6366bb6cae3c-47","maize",29.77,-2.42
"6366bb6cae3c-48","maize",29.78,-2.41
"6366bb6cae3c-49","maize",29.76,-2.43
"6366bb6cae3c-50","maize",29.78,-2.41
"6366bb6cae3c-51","maize",29.76,-2.57
"6366bb6cae3c-52","maize",29.76,-2.56
"6366bb6cae3c-53","maize",29.76,-2.56
"6366bb6cae3c-54","maize",29.76,-2.55
"6366bb6cae3c-55","maize",29.76,-2.56
"6366bb6cae3c-56","maize",29.75,-2.57
"6366bb6cae3c-57","maize",29.76,-2.55
"6366bb6cae3c-58","maize",29.77,-2.56
"6366bb6cae3c-59","maize",29.76,-2.55
"6366bb6cae3c-60","maize",29.75,-2.56
"6366bb6cae3c-61","maize",29.77,-2.55
"6366bb6cae3c-62","maize",29.76,-2.56
"6366bb6cae3c-63","maize",29.75,-2.55
"6366bb6cae3c-64","maize",29.76,-2.54
"6366bb6cae3c-65","maize",29.76,-2.55
"6366bb6cae3c-66","maize",29.75,-2.55
"6366bb6cae3c-67","maize",29.75,-2.56
"6366bb6cae3c-68","maize",29.76,-2.54
"6366bb6cae3c-69","maize",29.75,-2.56
"6366bb6cae3c-70","maize",29.78,-2.56
"6366bb6cae3c-71","maize",29.15,-2.31
"6366bb6cae3c-72","maize",29.16,-2.32
"6366bb6cae3c-73","maize",29.15,-2.33
"6366bb6cae3c-74","maize",29.15,-2.34
"6366bb6cae3c-75","maize",29.16,-2.32
"6366bb6cae3c-76","maize",29.15,-2.35
"6366bb6cae3c-77","maize",29.16,-2.34
"6366bb6cae3c-78","maize",29.15,-2.34
"6366bb6cae3c-79","maize",29.15,-2.33
"6366bb6cae3c-80","maize",29.15,-2.35
"6366bb6cae3c-81","maize",29.14,-2.32
"6366bb6cae3c-82","maize",29.16,-2.35
"6366bb6cae3c-83","maize",29.14,-2.34
"6366bb6cae3c-84","maize",29.15,-2.35
"6366bb6cae3c-85","maize",29.15,-2.35
"6366bb6cae3c-86","maize",29.16,-2.32
"6366bb6cae3c-87","maize",29.16,-2.33
"6366bb6cae3c-88","maize",29.14,-2.34
"6366bb6cae3c-89","maize",29.15,-2.34
"6366bb6cae3c-90","maize",29.15,-2.34
"6366bb6cae3c-91","maize",29.34,-2.13
"6366bb6cae3c-92","maize",29.33,-2.14
"6366bb6cae3c-93","maize",29.32,-2.14
"6366bb6cae3c-94","maize",29.35,-2.14
"6366bb6cae3c-95","maize",29.32,-2.13
"6366bb6cae3c-96","maize",29.34,-2.12
"6366bb6cae3c-97","maize",29.34,-2.15
"6366bb6cae3c-98","maize",29.34,-2.14
"6366bb6cae3c-99","maize",29.31,-2.1
"6366bb6cae3c-100","maize",29.33,-2.12
"6366bb6cae3c-101","maize",29.32,-2.11
"6366bb6cae3c-102","maize",29.32,-2.15
"6366bb6cae3c-103","maize",29.33,-2.14
"6366bb6cae3c-104","maize",29.31,-2.13
"6366bb6cae3c-105","maize",29.34,-2.14
"6366bb6cae3c-106","maize",29.21,-2.41
"6366bb6cae3c-107","maize",29.21,-2.4
"6366bb6cae3c-108","maize",29.2,-2.41
"6366bb6cae3c-109","maize",29.22,-2.41
"6366bb6cae3c-110","maize",29.19,-2.41
"6366bb6cae3c-111","maize",29.21,-2.41
"6366bb6cae3c-112","maize",29.2,-2.42
"6366bb6cae3c-113","maize",29.21,-2.41
"6366bb6cae3c-114","maize",29.2,-2.42
"6366bb6cae3c-115","maize",29.2,-2.39
"6366bb6cae3c-116","maize",29.21,-2.4
"6366bb6cae3c-117","maize",29.2,-2.39
"6366bb6cae3c-118","maize",29.21,-2.42
"6366bb6cae3c-119","maize",29.21,-2.41
"6366bb6cae3c-120","maize",29.2,-2.41
"6366bb6cae3c-121","maize",29.21,-2.41
"6366bb6cae3c-122","maize",29.21,-2.42
"6366bb6cae3c-123","maize",29.2,-2.43
"6366bb6cae3c-124","maize",29.2,-2.42
"6366bb6cae3c-125","maize",29.21,-2.45
"6366bb6cae3c-126","maize",29.22,-2.4
"6366bb6cae3c-127","maize",29.22,-2.42
"6366bb6cae3c-128","maize",29.23,-2.42
"6366bb6cae3c-129","maize",29.23,-2.41
"6366bb6cae3c-130","maize",29.23,-2.41
"6366bb6cae3c-131","maize",29.23,-2.42
"6366bb6cae3c-132","maize",29.22,-2.39
"6366bb6cae3c-133","maize",29.22,-2.41
"6366bb6cae3c-134","maize",29.24,-2.42
"6366bb6cae3c-135","maize",29.22,-2.42
"6366bb6cae3c-136","maize",29.23,-2.41
"6366bb6cae3c-137","maize",29.24,-2.41
"6366bb6cae3c-138","maize",29.24,-2.41
"6366bb6cae3c-139","maize",29.21,-2.39
"6366bb6cae3c-140","maize",29.22,-2.41
"6366bb6cae3c-141","maize",29.23,-2.4
"6366bb6cae3c-142","maize",29.21,-2.4
"6366bb6cae3c-143","maize",29.23,-2.39
"6366bb6cae3c-144","maize",29.24,-2.42
"6366bb6cae3c-145","maize",29.22,-2.41
"6366bb6cae3c-146","maize",29.42,-2.05
"6366bb6cae3c-147","maize",29.41,-2.04
"6366bb6cae3c-148","maize",29.43,-2.05
"6366bb6cae3c-149","maize",29.43,-2.06
"6366bb6cae3c-150","maize",29.43,-2.05
"6366bb6cae3c-151","maize",29.42,-2.07
"6366bb6cae3c-152","maize",29.42,-2.04
"6366bb6cae3c-153","maize",29.42,-2.05
"6366bb6cae3c-154","maize",29.43,-2.04
"6366bb6cae3c-155","maize",29.42,-2.05
"6366bb6cae3c-156","maize",29.41,-2.05
"6366bb6cae3c-157","maize",29.42,-2.05
"6366bb6cae3c-158","maize",29.42,-2.05
"6366bb6cae3c-159","maize",29.42,-2.08
"6366bb6cae3c-160","maize",29.41,-2.05
"6366bb6cae3c-161","maize",29.41,-2.05
"6366bb6cae3c-162","maize",29.4,-2.06
"6366bb6cae3c-163","maize",29.41,-2.06
"6366bb6cae3c-164","maize",29.41,-2.07
"6366bb6cae3c-165","maize",29.41,-2.06
"6366bb6cae3c-166","maize",29.55,-2.09
"6366bb6cae3c-167","maize",29.56,-2.08
"6366bb6cae3c-168","maize",29.57,-2.08
"6366bb6cae3c-169","maize",29.56,-2.07
"6366bb6cae3c-170","maize",29.54,-2.07
"6366bb6cae3c-171","maize",29.57,-2.06
"6366bb6cae3c-172","maize",29.54,-2.07
"6366bb6cae3c-173","maize",29.55,-2.06
"6366bb6cae3c-174","maize",29.56,-2.08
"6366bb6cae3c-175","maize",29.57,-2.08
"6366bb6cae3c-176","maize",29.55,-2.06
"6366bb6cae3c-177","maize",29.56,-2.06
"6366bb6cae3c-178","maize",29.54,-2.09
"6366bb6cae3c-179","maize",29.57,-2.09
"6366bb6cae3c-180","maize",29.56,-2.08
"6366bb6cae3c-181","maize",29.56,-2.09
"6366bb6cae3c-182","maize",29.56,-2.07
"6366bb6cae3c-183","maize",29.55,-2.07
"6366bb6cae3c-184","maize",29.57,-2.07
"6366bb6cae3c-185","maize",29.56,-2.07
"6366bb6cae3c-186","maize",29.57,-2.08
"6366bb6cae3c-187","maize",29.56,-2.08
"6366bb6cae3c-188","maize",29.57,-2.07
"cd0540844bcc-1","maize",29.83,-1.52
"cd0540844bcc-2","maize",29.82,-1.52
"cd0540844bcc-3","maize",29.82,-1.51
"cd0540844bcc-4","maize",29.84,-1.51
"cd0540844bcc-5","maize",29.83,-1.51
"cd0540844bcc-6","maize",29.83,-1.5
"cd0540844bcc-7","maize",29.82,-1.5
"cd0540844bcc-8","maize",29.82,-1.51
"cd0540844bcc-9","maize",29.83,-1.51
"cd0540844bcc-10","maize",29.83,-1.51
"cd0540844bcc-11","maize",29.83,-1.52
"cd0540844bcc-12","maize",29.83,-1.52
"cd0540844bcc-13","maize",29.83,-1.51
"cd0540844bcc-14","maize",29.82,-1.5
"cd0540844bcc-15","maize",29.82,-1.5
"cd0540844bcc-16","maize",29.83,-1.51
"cd0540844bcc-17","maize",29.83,-1.53
"cd0540844bcc-18","maize",29.83,-1.52
"cd0540844bcc-19","maize",29.82,-1.52
"cd0540844bcc-20","maize",29.84,-1.51
"cd0540844bcc-21","maize",29.77,-1.5
"cd0540844bcc-22","maize",29.78,-1.5
"cd0540844bcc-23","maize",29.79,-1.5
"cd0540844bcc-24","maize",29.77,-1.52
"cd0540844bcc-25","maize",29.77,-1.5
"cd0540844bcc-26","maize",29.77,-1.51
"cd0540844bcc-27","maize",29.78,-1.52
"cd0540844bcc-28","maize",29.78,-1.49
"cd0540844bcc-29","maize",29.75,-1.49
"cd0540844bcc-30","maize",29.78,-1.5
"cd0540844bcc-31","maize",29.78,-1.5
"cd0540844bcc-32","maize",29.77,-1.5
"cd0540844bcc-33","maize",29.78,-1.49
"cd0540844bcc-34","maize",29.77,-1.51
"cd0540844bcc-35","maize",29.77,-1.5
"cd0540844bcc-36","maize",29.8,-1.52
"cd0540844bcc-37","maize",29.79,-1.52
"cd0540844bcc-38","maize",29.81,-1.5
"cd0540844bcc-39","maize",29.79,-1.51
"cd0540844bcc-40","maize",29.79,-1.5
"cd0540844bcc-41","maize",29.78,-1.52
"cd0540844bcc-42","maize",29.79,-1.5
"cd0540844bcc-43","maize",29.79,-1.51
"cd0540844bcc-44","maize",29.8,-1.52
"cd0540844bcc-45","maize",29.8,-1.51
"cd0540844bcc-46","maize",29.79,-1.52
"cd0540844bcc-47","maize",29.81,-1.5
"cd0540844bcc-48","maize",29.81,-1.52
"cd0540844bcc-49","maize",29.79,-1.52
"cd0540844bcc-50","maize",29.79,-1.52
"cd0540844bcc-51","maize",29.71,-1.46
"cd0540844bcc-52","maize",29.74,-1.47
"cd0540844bcc-53","maize",29.7,-1.46
"cd0540844bcc-54","maize",29.72,-1.48
"cd0540844bcc-55","maize",29.73,-1.47
"cd0540844bcc-56","maize",29.74,-1.49
"cd0540844bcc-57","maize",29.73,-1.47
"cd0540844bcc-58","maize",29.71,-1.47
"cd0540844bcc-60","maize",29.73,-1.48
"cd0540844bcc-61","maize",29.74,-1.48
"cd0540844bcc-62","maize",29.74,-1.48
"cd0540844bcc-63","maize",29.73,-1.49
"cd0540844bcc-64","maize",29.74,-1.47
"cd0540844bcc-65","maize",29.72,-1.48
"cd0540844bcc-66","maize",29.74,-1.43
"cd0540844bcc-67","maize",29.74,-1.43
"cd0540844bcc-68","maize",29.73,-1.43
"cd0540844bcc-69","maize",29.74,-1.45
"cd0540844bcc-70","maize",29.73,-1.43
"cd0540844bcc-71","maize",29.71,-1.43
"cd0540844bcc-72","maize",29.74,-1.44
"cd0540844bcc-73","maize",29.73,-1.44
"cd0540844bcc-74","maize",29.74,-1.45
"cd0540844bcc-75","maize",29.73,-1.44
"cd0540844bcc-76","maize",29.73,-1.42
"cd0540844bcc-77","maize",29.72,-1.42
"cd0540844bcc-78","maize",29.73,-1.43
"cd0540844bcc-79","maize",29.72,-1.44
"cd0540844bcc-80","maize",29.73,-1.43
"cd0540844bcc-81","maize",29.65,-1.6
"cd0540844bcc-82","maize",29.66,-1.62
"cd0540844bcc-83","maize",29.63,-1.62
"cd0540844bcc-84","maize",29.62,-1.64
"cd0540844bcc-85","maize",29.66,-1.61
"cd0540844bcc-86","maize",29.63,-1.65
"cd0540844bcc-87","maize",29.64,-1.61
"cd0540844bcc-88","maize",29.64,-1.62
"cd0540844bcc-89","maize",29.63,-1.63
"cd0540844bcc-90","maize",29.64,-1.65
"cd0540844bcc-91","maize",29.63,-1.64
"cd0540844bcc-92","maize",29.64,-1.63
"cd0540844bcc-93","maize",29.65,-1.62
"cd0540844bcc-94","maize",29.63,-1.65
"cd0540844bcc-95","maize",29.65,-1.62
"cd0540844bcc-96","maize",29.65,-1.62
"cd0540844bcc-97","maize",29.65,-1.61
"cd0540844bcc-98","maize",29.62,-1.65
"cd0540844bcc-99","maize",29.65,-1.63
"cd0540844bcc-100","maize",29.65,-1.62
"cd0540844bcc-101","maize",29.77,-1.61
"cd0540844bcc-102","maize",29.66,-1.63
"cd0540844bcc-103","maize",29.65,-1.64
"cd0540844bcc-104","maize",29.66,-1.63
"cd0540844bcc-105","maize",29.64,-1.64
"cd0540844bcc-106","maize",29.66,-1.63
"cd0540844bcc-107","maize",29.64,-1.63
"cd0540844bcc-108","maize",29.66,-1.64
"cd0540844bcc-109","maize",29.66,-1.62
"cd0540844bcc-110","maize",29.65,-1.64
"cd0540844bcc-111","maize",29.65,-1.63
"cd0540844bcc-112","maize",29.65,-1.63
"cd0540844bcc-113","maize",29.65,-1.64
"cd0540844bcc-114","maize",29.64,-1.64
"cd0540844bcc-115","maize",29.63,-1.64
"cd0540844bcc-116","maize",29.65,-1.62
"cd0540844bcc-117","maize",29.65,-1.64
"cd0540844bcc-118","maize",29.63,-1.64
"cd0540844bcc-119","maize",29.65,-1.64
"cd0540844bcc-120","maize",29.65,-1.63
"cd0540844bcc-121","maize",29.49,-2.49
"cd0540844bcc-122","maize",29.49,-2.48
"cd0540844bcc-123","maize",29.5,-2.49
"cd0540844bcc-124","maize",29.49,-2.48
"cd0540844bcc-125","maize",29.49,-2.5
"cd0540844bcc-126","maize",29.49,-2.48
"cd0540844bcc-127","maize",29.51,-2.49
"cd0540844bcc-128","maize",29.51,-2.48
"cd0540844bcc-129","maize",29.51,-2.49
"cd0540844bcc-130","maize",29.5,-2.49
"cd0540844bcc-131","maize",29.51,-2.51
"cd0540844bcc-132","maize",29.51,-2.49
"cd0540844bcc-133","maize",29.5,-2.5
"cd0540844bcc-134","maize",29.49,-2.51
"cd0540844bcc-135","maize",29.49,-2.49
"cd0540844bcc-136","maize",29.5,-2.49
"cd0540844bcc-137","maize",29.49,-2.51
"cd0540844bcc-138","maize",29.49,-2.5
"cd0540844bcc-139","maize",29.5,-2.51
"cd0540844bcc-140","maize",29.49,-2.5
"cd0540844bcc-141","maize",29.51,-2.5
"cd0540844bcc-142","maize",29.49,-2.49
"cd0540844bcc-143","maize",29.48,-2.12
"cd0540844bcc-144","maize",29.49,-2.14
"cd0540844bcc-145","maize",29.49,-2.14
"cd0540844bcc-146","maize",29.47,-2.14
"cd0540844bcc-147","maize",29.49,-2.13
"cd0540844bcc-148","maize",29.48,-2.12
"cd0540844bcc-149","maize",29.47,-2.13
"cd0540844bcc-150","maize",29.48,-2.13
"cd0540844bcc-151","maize",29.47,-2.13
"cd0540844bcc-152","maize",29.48,-2.13
"cd0540844bcc-153","maize",29.48,-2.11
"cd0540844bcc-154","maize",29.48,-2.12
"cd0540844bcc-155","maize",29.48,-2.14
"cd0540844bcc-156","maize",29.49,-2.12
"cd0540844bcc-157","maize",29.48,-2.13
"cd0540844bcc-158","maize",29.48,-2.14
"cd0540844bcc-159","maize",29.51,-2.04
"cd0540844bcc-160","maize",29.53,-2.04
"cd0540844bcc-161","maize",29.51,-2.04
"cd0540844bcc-162","maize",29.5,-2.04
"cd0540844bcc-163","maize",29.5,-2.03
"cd0540844bcc-164","maize",29.51,-2.04
"cd0540844bcc-165","maize",29.51,-2.04
"cd0540844bcc-166","maize",29.53,-2.04
"cd0540844bcc-167","maize",29.52,-2.03
"cd0540844bcc-168","maize",29.52,-2.05
"cd0540844bcc-169","maize",29.42,-1.91
"cd0540844bcc-170","maize",29.4,-1.92
"cd0540844bcc-171","maize",29.39,-1.91
"cd0540844bcc-172","maize",29.4,-1.91
"cd0540844bcc-173","maize",29.41,-1.91
"cd0540844bcc-174","maize",29.39,-1.92
"cd0540844bcc-175","maize",29.4,-1.91
"cd0540844bcc-176","maize",29.39,-1.9
"cd0540844bcc-177","maize",29.41,-1.9
"cd0540844bcc-178","maize",29.4,-1.92
"cd0540844bcc-179","maize",29.41,-1.91
"cd0540844bcc-180","maize",29.39,-1.91
"cd0540844bcc-181","maize",29.41,-1.92
"cd0540844bcc-182","maize",29.4,-1.9
"cd0540844bcc-183","maize",29.41,-1.94
"cd0540844bcc-184","maize",29.41,-1.91
"cd0540844bcc-185","maize",29.4,-1.9
"cd0540844bcc-186","maize",29.41,-1.91
"cd0540844bcc-187","maize",29.41,-1.93
"cd0540844bcc-188","maize",29.42,-1.93
"e0e5ad24c360-1","potato",29.63,-1.93
"e0e5ad24c360-2","potato",29.63,-1.93
"e0e5ad24c360-3","potato",29.63,-1.93
"e0e5ad24c360-4","potato",29.62,-1.94
"e0e5ad24c360-5","potato",29.63,-1.92
"e0e5ad24c360-6","potato",29.62,-1.92
"e0e5ad24c360-7","potato",29.64,-1.92
"e0e5ad24c360-8","potato",29.62,-1.92
"e0e5ad24c360-9","potato",29.62,-1.94
"e0e5ad24c360-10","potato",29.63,-1.92
"e0e5ad24c360-11","potato",29.62,-1.9
"e0e5ad24c360-12","potato",29.61,-1.91
"e0e5ad24c360-13","potato",29.62,-1.92
"e0e5ad24c360-14","potato",29.61,-1.91
"e0e5ad24c360-15","potato",29.61,-1.91
"e0e5ad24c360-16","potato",29.62,-1.91
"e0e5ad24c360-17","potato",29.62,-1.91
"e0e5ad24c360-18","potato",29.61,-1.91
"e0e5ad24c360-19","potato",29.63,-1.92
"e0e5ad24c360-20","potato",29.61,-1.92
"e0e5ad24c360-21","potato",29.83,-2.33
"e0e5ad24c360-22","potato",29.84,-2.32
"e0e5ad24c360-23","potato",29.84,-2.32
"e0e5ad24c360-24","potato",29.86,-2.32
"e0e5ad24c360-25","potato",29.85,-2.31
"e0e5ad24c360-26","potato",29.84,-2.34
"e0e5ad24c360-27","potato",29.85,-2.32
"e0e5ad24c360-28","potato",29.85,-2.33
"e0e5ad24c360-29","potato",29.85,-2.32
"e0e5ad24c360-30","potato",29.84,-2.32
"e0e5ad24c360-31","potato",29.87,-2.31
"e0e5ad24c360-32","potato",29.87,-2.31
"e0e5ad24c360-33","potato",29.87,-2.33
"e0e5ad24c360-34","potato",29.86,-2.33
"e0e5ad24c360-35","potato",29.85,-2.33
"e0e5ad24c360-36","potato",29.88,-2.32
"e0e5ad24c360-37","potato",29.86,-2.33
"e0e5ad24c360-38","potato",29.87,-2.31
"e0e5ad24c360-39","potato",29.86,-2.31
"e0e5ad24c360-40","potato",29.87,-2.31
"e0e5ad24c360-41","potato",29.81,-2.47
"e0e5ad24c360-42","potato",29.81,-2.47
"e0e5ad24c360-43","potato",29.81,-2.47
"e0e5ad24c360-44","potato",29.8,-2.47
"e0e5ad24c360-45","potato",29.81,-2.48
"e0e5ad24c360-46","potato",29.81,-2.47
"e0e5ad24c360-47","potato",29.81,-2.49
"e0e5ad24c360-48","potato",29.82,-2.47
"e0e5ad24c360-49","potato",29.8,-2.49
"e0e5ad24c360-50","potato",29.81,-2.47
"e0e5ad24c360-51","potato",29.75,-2.56
"e0e5ad24c360-52","potato",29.76,-2.56
"e0e5ad24c360-53","potato",29.75,-2.55
"e0e5ad24c360-54","potato",29.77,-2.54
"e0e5ad24c360-55","potato",29.75,-2.55
"e0e5ad24c360-56","potato",29.76,-2.55
"e0e5ad24c360-57","potato",29.77,-2.56
"e0e5ad24c360-58","potato",29.75,-2.54
"e0e5ad24c360-59","potato",29.77,-2.54
"e0e5ad24c360-60","potato",29.77,-2.55
"e0e5ad24c360-61","potato",29.56,-2.71
"e0e5ad24c360-62","potato",29.56,-2.73
"e0e5ad24c360-63","potato",29.56,-2.72
"e0e5ad24c360-64","potato",29.58,-2.72
"e0e5ad24c360-65","potato",29.57,-2.73
"e0e5ad24c360-66","potato",29.57,-2.73
"e0e5ad24c360-67","potato",29.58,-2.71
"e0e5ad24c360-68","potato",29.56,-2.73
"e0e5ad24c360-69","potato",29.57,-2.71
"e0e5ad24c360-70","potato",29.58,-2.73
"e0e5ad24c360-71","potato",29.59,-2.72
"e0e5ad24c360-72","potato",29.59,-2.71
"e0e5ad24c360-73","potato",29.59,-2.72
"e0e5ad24c360-74","potato",29.59,-2.72
"e0e5ad24c360-75","potato",29.58,-2.73
"e0e5ad24c360-76","potato",29.58,-2.72
"e0e5ad24c360-77","potato",29.59,-2.73
"e0e5ad24c360-78","potato",29.58,-2.73
"e0e5ad24c360-79","potato",29.58,-2.72
"e0e5ad24c360-80","potato",29.59,-2.73
"f8f78de9569a-1","sorghum",30.57,-2.05
"f8f78de9569a-2","sorghum",30.49,-2.06
"f8f78de9569a-3","sorghum",30.49,-2.07
"f8f78de9569a-4","sorghum",30.48,-2.05
"f8f78de9569a-5","sorghum",30.49,-2.06
"f8f78de9569a-6","sorghum",30.56,-2.06
"f8f78de9569a-7","sorghum",30.49,-2.09
"f8f78de9569a-8","sorghum",30.33,-1.67
"f8f78de9569a-9","sorghum",30.31,-1.67
"f8f78de9569a-10","sorghum",30.31,-1.69
"f8f78de9569a-11","sorghum",30.32,-1.69
"f8f78de9569a-12","sorghum",30.31,-1.68
"f8f78de9569a-13","sorghum",30.32,-1.68
"f8f78de9569a-14","sorghum",30.31,-1.69
"f8f78de9569a-15","sorghum",30.31,-1.68
"f8f78de9569a-16","sorghum",30.58,-1.8
"f8f78de9569a-17","sorghum",30.59,-1.81
"f8f78de9569a-18","sorghum",30.58,-1.8
"f8f78de9569a-19","sorghum",30.59,-1.81
"f8f78de9569a-20","sorghum",30.59,-1.81
"f8f78de9569a-21","sorghum",30.58,-1.8
"f8f78de9569a-22","sorghum",30.58,-1.8
"f8f78de9569a-23","sorghum",30.58,-1.81
"f8f78de9569a-24","sorghum",30.57,-1.82
"f8f78de9569a-25","sorghum",30.18,-2.1
"f8f78de9569a-26","sorghum",30.19,-2.12
"f8f78de9569a-27","sorghum",30.17,-2.11
"f8f78de9569a-28","sorghum",30.18,-2.1
"f8f78de9569a-29","sorghum",30.19,-2.1
"f8f78de9569a-30","sorghum",30.19,-2.12
"f8f78de9569a-31","sorghum",30.2,-2.1
"f8f78de9569a-32","sorghum",30.19,-2.1
"f8f78de9569a-33","sorghum",30.27,-1.39
"f8f78de9569a-34","sorghum",30.27,-1.39
"f8f78de9569a-35","sorghum",30.25,-1.39
"f8f78de9569a-36","sorghum",30.25,-1.37
"f8f78de9569a-37","sorghum",30.25,-1.37
"f8f78de9569a-38","sorghum",30.26,-1.38
"f8f78de9569a-39","sorghum",30.25,-1.38
"f8f78de9569a-40","sorghum",30.27,-1.38
"f8f78de9569a-41","sorghum",30.25,-1.39
"f8f78de9569a-42","sorghum",29.84,-1.5
"f8f78de9569a-43","sorghum",29.85,-1.49
"f8f78de9569a-44","sorghum",29.86,-1.51
"f8f78de9569a-45","sorghum",29.85,-1.49
"f8f78de9569a-46","sorghum",29.85,-1.5
"f8f78de9569a-47","sorghum",29.87,-1.51
"f8f78de9569a-48","sorghum",29.87,-1.51
"f8f78de9569a-49","sorghum",29.85,-1.51
"f8f78de9569a-50","sorghum",29.86,-1.5
"f8f78de9569a-51","sorghum",29.84,-1.51
"f8f78de9569a-52","sorghum",29.8,-1.51
"f8f78de9569a-53","sorghum",29.8,-1.52
"f8f78de9569a-54","sorghum",29.79,-1.5
"f8f78de9569a-55","sorghum",29.8,-1.5
"f8f78de9569a-56","sorghum",29.79,-1.5
"f8f78de9569a-57","sorghum",29.79,-1.51
"f8f78de9569a-58","sorghum",29.79,-1.5
"f8f78de9569a-59","sorghum",29.79,-1.5
"f8f78de9569a-60","sorghum",29.74,-1.44
"f8f78de9569a-61","sorghum",29.74,-1.44
"f8f78de9569a-62","sorghum",29.71,-1.43
"f8f78de9569a-63","sorghum",29.72,-1.44
"f8f78de9569a-64","sorghum",29.73,-1.47
"f8f78de9569a-65","sorghum",29.72,-1.43
"f8f78de9569a-66","sorghum",29.72,-1.44
"f8f78de9569a-67","sorghum",29.74,-1.43
"f8f78de9569a-68","sorghum",29.74,-1.46
"f8f78de9569a-69","sorghum",29.56,-1.48
"f8f78de9569a-70","sorghum",29.57,-1.47
"f8f78de9569a-71","sorghum",29.57,-1.49
"f8f78de9569a-72","sorghum",29.63,-1.52
"f8f78de9569a-73","sorghum",29.58,-1.48
"f8f78de9569a-74","sorghum",29.57,-1.49
"f8f78de9569a-75","sorghum",29.56,-1.49
"f8f78de9569a-76","sorghum",29.56,-1.48
"f8f78de9569a-77","sorghum",29.56,-1.49
"f8f78de9569a-78","sorghum",29.58,-1.48
"f8f78de9569a-79","sorghum",29.67,-1.59
"f8f78de9569a-80","sorghum",29.67,-1.57
"f8f78de9569a-81","sorghum",29.67,-1.58
"f8f78de9569a-82","sorghum",29.67,-1.58
"f8f78de9569a-83","sorghum",29.68,-1.57
"f8f78de9569a-84","sorghum",29.68,-1.58
"f8f78de9569a-85","sorghum",29.68,-1.6
"f8f78de9569a-86","sorghum",29.67,-1.59
"f8f78de9569a-87","sorghum",29.67,-1.58
"f8f78de9569a-88","sorghum",29.66,-1.59
"f8f78de9569a-89","sorghum",29.76,-2.56
"f8f78de9569a-90","sorghum",29.74,-2.56
"f8f78de9569a-91","sorghum",29.75,-2.55
"f8f78de9569a-92","sorghum",29.75,-2.54
"f8f78de9569a-93","sorghum",29.76,-2.54
"f8f78de9569a-94","sorghum",29.75,-2.56
"f8f78de9569a-95","sorghum",29.75,-2.56
"f8f78de9569a-96","sorghum",29.77,-2.56
"f8f78de9569a-97","sorghum",29.76,-2.57
"f8f78de9569a-98","sorghum",29.75,-2.57
"f8f78de9569a-99","sorghum",29.88,-2.32
"f8f78de9569a-100","sorghum",29.86,-2.32
"f8f78de9569a-101","sorghum",29.86,-2.33
"f8f78de9569a-102","sorghum",29.88,-2.33
"f8f78de9569a-103","sorghum",29.87,-2.33
"f8f78de9569a-104","sorghum",29.85,-2.31
"f8f78de9569a-105","sorghum",29.86,-2.31
"f8f78de9569a-106","sorghum",29.84,-2.32
"f8f78de9569a-107","sorghum",29.84,-2.31
"f8f78de9569a-108","sorghum",29.83,-2.31
"f8f78de9569a-109","sorghum",29.91,-2.49
"f8f78de9569a-110","sorghum",29.9,-2.48
"f8f78de9569a-111","sorghum",29.57,-2.63
"f8f78de9569a-112","sorghum",29.9,-2.47
"f8f78de9569a-113","sorghum",29.91,-2.49
"f8f78de9569a-114","sorghum",29.9,-2.48
"f8f78de9569a-115","sorghum",29.9,-2.47
"f8f78de9569a-116","sorghum",29.08,-2.35
"f8f78de9569a-117","sorghum",29.14,-2.34
"f8f78de9569a-118","sorghum",29.09,-2.35
"f8f78de9569a-119","sorghum",29.09,-2.37
"f8f78de9569a-120","sorghum",29.1,-2.37
"f8f78de9569a-121","sorghum",29.1,-2.36
"f8f78de9569a-122","sorghum",29.09,-2.36
"f8f78de9569a-123","sorghum",29.23,-2.24
"f8f78de9569a-124","sorghum",29.22,-2.22
"f8f78de9569a-125","sorghum",29.22,-2.23
"f8f78de9569a-126","sorghum",29.21,-2.23
"f8f78de9569a-127","sorghum",29.23,-2.22
"f8f78de9569a-128","sorghum",29.22,-2.24
"f8f78de9569a-129","sorghum",29.22,-2.23
"f8f78de9569a-130","sorghum",29.06,-2.67
"f8f78de9569a-131","sorghum",29.05,-2.67
"f8f78de9569a-132","sorghum",29.04,-2.68
"f8f78de9569a-133","sorghum",29.05,-2.67
"f8f78de9569a-134","sorghum",29.03,-2.69
"f8f78de9569a-135","sorghum",29.04,-2.69
"f8f78de9569a-136","sorghum",29.04,-2.73
"f8f78de9569a-137","sorghum",29.03,-2.69
"f8f78de9569a-138","sorghum",29.05,-2.66
"f8f78de9569a-139","sorghum",29.05,-2.7
"f8f78de9569a-140","sorghum",29.03,-2.45
"f8f78de9569a-141","sorghum",29.09,-2.42
"f8f78de9569a-142","sorghum",29.08,-2.41
"f8f78de9569a-143","sorghum",29.03,-2.39
"f8f78de9569a-144","sorghum",29.02,-2.41
"f8f78de9569a-145","sorghum",29.08,-2.43
"f8f78de9569a-146","sorghum",29.03,-2.42
"f8f78de9569a-147","sorghum",29.02,-2.41
"f8f78de9569a-148","sorghum",29.02,-2.42
"f8f78de9569a-149","sorghum",28.9,-2.51
"f8f78de9569a-150","sorghum",28.9,-2.5
"f8f78de9569a-151","sorghum",28.9,-2.51
"f8f78de9569a-152","sorghum",28.89,-2.49
"f8f78de9569a-153","sorghum",28.89,-2.5
"f8f78de9569a-154","sorghum",28.9,-2.5
"f8f78de9569a-155","sorghum",28.83,-2.54
"f8f78de9569a-156","sorghum",28.9,-2.5
"f8f78de9569a-157","sorghum",28.82,-2.52
"f8f78de9569a-158","sorghum",29.41,-2.08
"f8f78de9569a-159","sorghum",29.42,-2.08
"f8f78de9569a-160","sorghum",29.35,-2.08
"f8f78de9569a-161","sorghum",29.4,-2.12
"f8f78de9569a-162","sorghum",29.4,-2.11
"f8f78de9569a-163","sorghum",29.42,-2.08
"f8f78de9569a-164","sorghum",29.4,-2.12
"4c266dc5db96-1","maize",29.37,-2.01
"4c266dc5db96-2","maize",29.39,-2.03
"4c266dc5db96-3","maize",29.38,-2.02
"4c266dc5db96-4","maize",29.37,-2.02
"4c266dc5db96-5","maize",29.38,-2.01
"4c266dc5db96-6","maize",29.37,-2.02
"4c266dc5db96-7","maize",29.37,-2.03
"4c266dc5db96-8","maize",29.39,-2.01
"4c266dc5db96-9","maize",29.4,-2
"4c266dc5db96-10","maize",29.38,-2.01
"4c266dc5db96-11","maize",29.37,-2.03
"4c266dc5db96-12","maize",29.37,-2
"4c266dc5db96-13","maize",29.38,-2.01
"4c266dc5db96-14","maize",29.39,-2.02
"4c266dc5db96-15","maize",29.38,-2.01
"4c266dc5db96-16","maize",29.17,-2.28
"4c266dc5db96-17","maize",29.18,-2.3
"4c266dc5db96-18","maize",29.15,-2.29
"4c266dc5db96-19","maize",29.15,-2.28
"4c266dc5db96-20","maize",29.16,-2.27
"4c266dc5db96-21","maize",29.17,-2.27
"4c266dc5db96-22","maize",29.17,-2.3
"4c266dc5db96-23","maize",29.16,-2.28
"4c266dc5db96-24","maize",29.14,-2.27
"4c266dc5db96-25","maize",29.16,-2.29
"4c266dc5db96-26","maize",29.14,-2.29
"4c266dc5db96-27","maize",29.17,-2.26
"4c266dc5db96-28","maize",29.14,-2.29
"4c266dc5db96-29","maize",29.14,-2.29
"4c266dc5db96-30","maize",29.16,-2.29
"4c266dc5db96-31","maize",29.23,-2.22
"4c266dc5db96-32","maize",29.22,-2.23
"4c266dc5db96-33","maize",29.22,-2.24
"4c266dc5db96-34","maize",29.22,-2.22
"4c266dc5db96-35","maize",29.22,-2.22
"4c266dc5db96-36","maize",29.22,-2.24
"4c266dc5db96-37","maize",29.23,-2.22
"4c266dc5db96-38","maize",29.23,-2.22
"4c266dc5db96-39","maize",29.22,-2.23
"4c266dc5db96-40","maize",29.24,-2.24
"4c266dc5db96-41","maize",29.24,-2.23
"4c266dc5db96-42","maize",29.25,-2.22
"4c266dc5db96-43","maize",29.24,-2.22
"4c266dc5db96-44","maize",29.23,-2.24
"4c266dc5db96-45","maize",29.22,-2.23
"4c266dc5db96-46","maize",29.76,-2.55
"4c266dc5db96-47","maize",29.74,-2.55
"4c266dc5db96-48","maize",29.76,-2.56
"4c266dc5db96-49","maize",29.76,-2.56
"4c266dc5db96-50","maize",29.77,-2.55
"4c266dc5db96-51","maize",29.74,-2.55
"4c266dc5db96-52","maize",29.74,-2.55
"4c266dc5db96-53","maize",29.74,-2.55
"4c266dc5db96-54","maize",29.76,-2.56
"4c266dc5db96-55","maize",29.76,-2.55
"4c266dc5db96-56","maize",29.77,-2.56
"4c266dc5db96-57","maize",29.78,-2.56
"4c266dc5db96-58","maize",29.76,-2.56
"4c266dc5db96-59","maize",29.76,-2.56
"4c266dc5db96-60","maize",29.76,-2.54
"4c266dc5db96-61","maize",29.75,-2.57
"4c266dc5db96-62","maize",29.75,-2.55
"4c266dc5db96-63","maize",29.76,-2.56
"4c266dc5db96-64","maize",29.75,-2.56
"4c266dc5db96-65","maize",29.75,-2.55
"4c266dc5db96-66","maize",29.86,-2.33
"4c266dc5db96-67","maize",29.86,-2.32
"4c266dc5db96-68","maize",29.86,-2.32
"4c266dc5db96-69","maize",29.87,-2.32
"4c266dc5db96-70","maize",29.86,-2.32
"4c266dc5db96-71","maize",29.86,-2.32
"4c266dc5db96-72","maize",29.88,-2.32
"4c266dc5db96-73","maize",29.84,-2.33
"4c266dc5db96-74","maize",29.86,-2.32
"4c266dc5db96-75","maize",29.87,-2.32
"4c266dc5db96-76","maize",29.86,-2.34
"4c266dc5db96-77","maize",29.86,-2.32
"4c266dc5db96-78","maize",29.88,-2.34
"4c266dc5db96-79","maize",29.88,-2.34
"4c266dc5db96-80","maize",29.87,-2.32
"4c266dc5db96-81","maize",29.86,-2.33
"4c266dc5db96-82","maize",29.87,-2.32
"4c266dc5db96-83","maize",29.86,-2.33
"4c266dc5db96-84","maize",29.85,-2.33
"4c266dc5db96-85","maize",29.86,-2.33
"4c266dc5db96-86","maize",29.85,-2.33
"4c266dc5db96-87","maize",29.86,-2.32
"4c266dc5db96-88","maize",29.84,-2.31
"4c266dc5db96-89","maize",29.85,-2.34
"4c266dc5db96-90","maize",29.86,-2.33
"4c266dc5db96-91","maize",29.84,-2.33
"4c266dc5db96-92","maize",29.84,-2.31
"4c266dc5db96-93","maize",29.86,-2.32
"4c266dc5db96-94","maize",29.85,-2.32
"4c266dc5db96-95","maize",29.86,-2.3
"4c266dc5db96-96","maize",29.85,-2.31
"4c266dc5db96-97","maize",29.84,-2.31
"4c266dc5db96-98","maize",29.85,-2.32
"4c266dc5db96-99","maize",29.86,-2.32
"4c266dc5db96-100","maize",29.85,-2.3
"4c266dc5db96-101","maize",29.1,-2.37
"4c266dc5db96-102","maize",29.13,-2.33
"4c266dc5db96-103","maize",29.09,-2.37
"4c266dc5db96-104","maize",29.1,-2.38
"4c266dc5db96-105","maize",29.09,-2.37
"4c266dc5db96-106","maize",29.09,-2.36
"4c266dc5db96-107","maize",29.09,-2.36
"4c266dc5db96-108","maize",29.09,-2.36
"4c266dc5db96-109","maize",29.07,-2.36
"4c266dc5db96-110","maize",29.09,-2.36
"4c266dc5db96-111","maize",29.1,-2.37
"4c266dc5db96-112","maize",29.1,-2.38
"4c266dc5db96-113","maize",29.1,-2.36
"4c266dc5db96-114","maize",29.14,-2.34
"4c266dc5db96-115","maize",29.08,-2.36
"4c266dc5db96-116","maize",29.07,-2.36
"4c266dc5db96-117","maize",29.08,-2.35
"4c266dc5db96-118","maize",29.14,-2.34
"4c266dc5db96-119","maize",29.1,-2.36
"4c266dc5db96-120","maize",29.09,-2.35
"4c266dc5db96-121","maize",29,-2.64
"4c266dc5db96-122","maize",29.01,-2.64
"4c266dc5db96-123","maize",29.02,-2.64
"4c266dc5db96-124","maize",29.01,-2.64
"4c266dc5db96-125","maize",29.02,-2.65
"4c266dc5db96-126","maize",29,-2.61
"4c266dc5db96-127","maize",29.01,-2.64
"4c266dc5db96-128","maize",29,-2.64
"4c266dc5db96-129","maize",29.03,-2.64
"4c266dc5db96-130","maize",29.02,-2.62
"4c266dc5db96-131","maize",29.02,-2.63
"4c266dc5db96-132","maize",29.02,-2.63
"4c266dc5db96-133","maize",29,-2.62
"4c266dc5db96-134","maize",28.99,-2.64
"4c266dc5db96-135","maize",29.01,-2.63
"4c266dc5db96-136","maize",29.05,-2.69
"4c266dc5db96-137","maize",29.05,-2.7
"4c266dc5db96-138","maize",29.06,-2.69
"4c266dc5db96-139","maize",29.04,-2.67
"4c266dc5db96-140","maize",29.06,-2.68
"4c266dc5db96-141","maize",29.05,-2.69
"4c266dc5db96-142","maize",29.04,-2.67
"4c266dc5db96-143","maize",29.05,-2.68
"4c266dc5db96-144","maize",29.04,-2.68
"4c266dc5db96-145","maize",29.06,-2.67
"4c266dc5db96-146","maize",29.04,-2.69
"4c266dc5db96-147","maize",29.05,-2.69
"4c266dc5db96-148","maize",29.05,-2.68
"4c266dc5db96-149","maize",29.04,-2.68
"4c266dc5db96-150","maize",29.04,-2.69
"4c266dc5db96-151","maize",29.04,-2.67
"4c266dc5db96-152","maize",29.06,-2.68
"4c266dc5db96-153","maize",29.04,-2.68
"4c266dc5db96-154","maize",29.03,-2.69
"4c266dc5db96-155","maize",29.06,-2.69
"4c266dc5db96-156","maize",29.02,-2.38
"4c266dc5db96-157","maize",29.02,-2.37
"4c266dc5db96-158","maize",29.02,-2.38
"4c266dc5db96-159","maize",29.03,-2.37
"4c266dc5db96-160","maize",29.02,-2.39
"4c266dc5db96-161","maize",29.02,-2.39
"4c266dc5db96-162","maize",29.02,-2.39
"4c266dc5db96-163","maize",29.02,-2.39
"4c266dc5db96-164","maize",29.02,-2.37
"4c266dc5db96-165","maize",29.02,-2.37
"4c266dc5db96-166","maize",29.01,-2.37
"4c266dc5db96-167","maize",29.02,-2.37
"4c266dc5db96-168","maize",29.01,-2.39
"4c266dc5db96-169","maize",29.01,-2.38
"4c266dc5db96-170","maize",29.03,-2.38
"4c266dc5db96-171","maize",29.03,-2.39
"4c266dc5db96-172","maize",29.02,-2.41
"4c266dc5db96-173","maize",29.03,-2.4
"4c266dc5db96-174","maize",29.02,-2.39
"4c266dc5db96-175","maize",29.02,-2.41
"4c266dc5db96-176","maize",29.02,-2.42
"4c266dc5db96-177","maize",29.02,-2.42
"4c266dc5db96-178","maize",29.03,-2.41
"4c266dc5db96-179","maize",29.04,-2.42
"4c266dc5db96-180","maize",29.03,-2.42
"4c266dc5db96-181","maize",29.02,-2.42
"4c266dc5db96-182","maize",29.03,-2.42
"4c266dc5db96-183","maize",29.04,-2.43
"4c266dc5db96-184","maize",29.04,-2.4
"4c266dc5db96-185","maize",29.03,-2.42
"4c266dc5db96-186","maize",29.02,-2.41
"4c266dc5db96-187","maize",29.02,-2.41
"4c266dc5db96-188","maize",29.03,-2.43
"4c266dc5db96-189","maize",29.02,-2.4
"4c266dc5db96-190","maize",29.04,-2.42
"4c266dc5db96-191","maize",28.89,-2.5
"4c266dc5db96-192","maize",28.9,-2.5
"4c266dc5db96-193","maize",28.9,-2.49
"4c266dc5db96-194","maize",28.89,-2.51
"4c266dc5db96-195","maize",28.9,-2.51
"4c266dc5db96-196","maize",28.91,-2.49
"4c266dc5db96-197","maize",28.9,-2.51
"4c266dc5db96-198","maize",28.89,-2.5
"4c266dc5db96-199","maize",28.89,-2.51
"4c266dc5db96-200","maize",28.88,-2.52
"4c266dc5db96-201","maize",28.9,-2.49
"4c266dc5db96-202","maize",28.89,-2.53
"4c266dc5db96-203","maize",28.9,-2.5
"4c266dc5db96-204","maize",28.9,-2.49
"4c266dc5db96-205","maize",28.88,-2.51
"4c266dc5db96-206","maize",28.88,-2.5
"4c266dc5db96-207","maize",28.88,-2.51
"4c266dc5db96-208","maize",28.88,-2.51
"4c266dc5db96-209","maize",28.88,-2.5
"4c266dc5db96-210","maize",28.89,-2.5
"e71a12e663f6-1","maize",30.5,-2.06
"e71a12e663f6-2","maize",30.49,-2.07
"e71a12e663f6-3","maize",30.51,-2.08
"e71a12e663f6-4","maize",30.49,-2.07
"e71a12e663f6-5","maize",30.5,-2.07
"e71a12e663f6-6","maize",30.49,-2.06
"e71a12e663f6-7","maize",30.49,-2.07
"e71a12e663f6-8","maize",30.5,-2.06
"e71a12e663f6-9","maize",30.49,-2.09
"e71a12e663f6-10","maize",30.51,-2.05
"e71a12e663f6-11","maize",30.48,-2.07
"e71a12e663f6-12","maize",30.52,-2.08
"e71a12e663f6-13","maize",30.51,-2.09
"e71a12e663f6-14","maize",30.48,-2.06
"e71a12e663f6-15","maize",30.5,-2.08
"e71a12e663f6-16","maize",30.51,-2.07
"e71a12e663f6-17","maize",30.52,-2.09
"e71a12e663f6-18","maize",30.52,-2.07
"e71a12e663f6-19","maize",30.56,-2.07
"e71a12e663f6-20","maize",30.57,-2.07
"e71a12e663f6-21","maize",30.54,-2.07
"e71a12e663f6-22","maize",30.56,-2.08
"e71a12e663f6-23","maize",30.55,-2.06
"e71a12e663f6-24","maize",30.57,-2.06
"e71a12e663f6-25","maize",30.56,-2.06
"e71a12e663f6-26","maize",30.55,-2.08
"e71a12e663f6-27","maize",30.56,-2.06
"e71a12e663f6-28","maize",30.55,-2.05
"e71a12e663f6-29","maize",30.55,-2.07
"e71a12e663f6-30","maize",30.55,-2.07
"e71a12e663f6-31","maize",30.53,-2.06
"e71a12e663f6-32","maize",30.56,-2.05
"e71a12e663f6-33","maize",30.52,-2.07
"e71a12e663f6-34","maize",30.57,-2.06
"e71a12e663f6-35","maize",30.55,-2.06
"e71a12e663f6-36","maize",30.33,-1.68
"e71a12e663f6-37","maize",30.31,-1.69
"e71a12e663f6-38","maize",30.32,-1.67
"e71a12e663f6-39","maize",30.31,-1.67
"e71a12e663f6-40","maize",30.31,-1.67
"e71a12e663f6-41","maize",30.33,-1.68
"e71a12e663f6-42","maize",30.33,-1.68
"e71a12e663f6-43","maize",30.32,-1.67
"e71a12e663f6-44","maize",30.32,-1.69
"e71a12e663f6-45","maize",30.31,-1.68
"e71a12e663f6-46","maize",30.31,-1.69
"e71a12e663f6-47","maize",30.31,-1.67
"e71a12e663f6-48","maize",30.31,-1.68
"e71a12e663f6-49","maize",30.31,-1.68
"e71a12e663f6-50","maize",30.32,-1.69
"e71a12e663f6-51","maize",30.29,-1.65
"e71a12e663f6-52","maize",30.3,-1.65
"e71a12e663f6-53","maize",30.32,-1.65
"e71a12e663f6-54","maize",30.31,-1.65
"e71a12e663f6-55","maize",30.31,-1.66
"e71a12e663f6-56","maize",30.3,-1.64
"e71a12e663f6-57","maize",30.3,-1.64
"e71a12e663f6-58","maize",30.31,-1.66
"e71a12e663f6-59","maize",30.31,-1.65
"e71a12e663f6-60","maize",30.3,-1.64
"e71a12e663f6-61","maize",30.31,-1.64
"e71a12e663f6-62","maize",30.29,-1.65
"e71a12e663f6-63","maize",30.31,-1.64
"e71a12e663f6-64","maize",30.29,-1.65
"e71a12e663f6-65","maize",30.3,-1.66
"e71a12e663f6-66","maize",30.58,-1.82
"e71a12e663f6-67","maize",30.58,-1.82
"e71a12e663f6-68","maize",30.57,-1.82
"e71a12e663f6-69","maize",30.56,-1.82
"e71a12e663f6-70","maize",30.57,-1.82
"e71a12e663f6-71","maize",30.58,-1.82
"e71a12e663f6-72","maize",30.58,-1.8
"e71a12e663f6-73","maize",30.58,-1.8
"e71a12e663f6-74","maize",30.57,-1.81
"e71a12e663f6-75","maize",30.58,-1.79
"e71a12e663f6-76","maize",30.57,-1.81
"e71a12e663f6-77","maize",30.59,-1.82
"e71a12e663f6-78","maize",30.57,-1.81
"e71a12e663f6-79","maize",30.57,-1.81
"e71a12e663f6-80","maize",30.58,-1.81
"e71a12e663f6-81","maize",30.56,-1.82
"e71a12e663f6-82","maize",30.59,-1.81
"e71a12e663f6-83","maize",30.51,-1.78
"e71a12e663f6-84","maize",30.51,-1.77
"e71a12e663f6-85","maize",30.52,-1.78
"e71a12e663f6-86","maize",30.52,-1.77
"e71a12e663f6-87","maize",30.5,-1.78
"e71a12e663f6-88","maize",30.51,-1.78
"e71a12e663f6-89","maize",30.5,-1.78
"e71a12e663f6-90","maize",30.52,-1.78
"e71a12e663f6-91","maize",30.52,-1.78
"e71a12e663f6-92","maize",30.51,-1.77
"e71a12e663f6-93","maize",30.51,-1.79
"e71a12e663f6-94","maize",30.51,-1.76
"e71a12e663f6-95","maize",30.51,-1.78
"e71a12e663f6-96","maize",30.51,-1.81
"e71a12e663f6-97","maize",30.51,-1.78
"e71a12e663f6-98","maize",30.51,-1.77
"e71a12e663f6-99","maize",30.51,-1.8
"e71a12e663f6-100","maize",30.52,-1.78
"e71a12e663f6-101","maize",30.19,-2.12
"e71a12e663f6-102","maize",30.17,-2.12
"e71a12e663f6-103","maize",30.2,-2.11
"e71a12e663f6-104","maize",30.2,-2.1
"e71a12e663f6-105","maize",30.18,-2.11
"e71a12e663f6-106","maize",30.2,-2.11
"e71a12e663f6-107","maize",30.19,-2.1
"e71a12e663f6-108","maize",30.19,-2.11
"e71a12e663f6-109","maize",30.18,-2.11
"e71a12e663f6-110","maize",30.19,-2.12
"e71a12e663f6-111","maize",30.2,-2.12
"e71a12e663f6-112","maize",30.18,-2.12
"e71a12e663f6-113","maize",30.19,-2.12
"e71a12e663f6-114","maize",30.19,-2.12
"e71a12e663f6-115","maize",30.18,-2.12
"e71a12e663f6-116","maize",30.22,-2.11
"e71a12e663f6-117","maize",30.2,-2.12
"e71a12e663f6-118","maize",30.19,-2.12
"e71a12e663f6-119","maize",30.22,-2.13
"e71a12e663f6-120","maize",30.19,-2.09
"e71a12e663f6-121","maize",30.21,-2.13
"e71a12e663f6-122","maize",30.19,-2.1
"e71a12e663f6-123","maize",30.2,-2.13
"e71a12e663f6-124","maize",30.2,-2.14
"e71a12e663f6-125","maize",30.22,-2.13
"e71a12e663f6-126","maize",30.2,-2.13
"e71a12e663f6-127","maize",30.19,-2.09
"e71a12e663f6-128","maize",30.2,-2.12
"e71a12e663f6-129","maize",30.22,-2.12
"e71a12e663f6-130","maize",30.22,-2.13
"e71a12e663f6-131","maize",30.25,-1.39
"e71a12e663f6-132","maize",30.26,-1.39
"e71a12e663f6-133","maize",30.26,-1.38
"e71a12e663f6-134","maize",30.26,-1.38
"e71a12e663f6-135","maize",30.26,-1.38
"e71a12e663f6-136","maize",30.27,-1.38
"e71a12e663f6-137","maize",30.27,-1.38
"e71a12e663f6-138","maize",30.25,-1.38
"e71a12e663f6-139","maize",30.27,-1.38
"e71a12e663f6-140","maize",30.25,-1.38
"e71a12e663f6-141","maize",30.25,-1.39
"e71a12e663f6-142","maize",30.26,-1.39
"e71a12e663f6-143","maize",30.26,-1.38
"e71a12e663f6-144","maize",30.25,-1.38
"e71a12e663f6-145","maize",30.27,-1.37
"e71a12e663f6-146","maize",30.31,-1.43
"e71a12e663f6-147","maize",30.29,-1.43
"e71a12e663f6-148","maize",30.29,-1.44
"e71a12e663f6-149","maize",30.3,-1.42
"e71a12e663f6-150","maize",30.31,-1.43
"e71a12e663f6-151","maize",30.3,-1.44
"e71a12e663f6-152","maize",30.29,-1.42
"e71a12e663f6-153","maize",30.3,-1.44
"e71a12e663f6-154","maize",30.29,-1.43
"e71a12e663f6-155","maize",30.3,-1.43
"e71a12e663f6-156","maize",30.31,-1.42
"e71a12e663f6-157","maize",30.3,-1.44
"e71a12e663f6-158","maize",30.29,-1.44
"e71a12e663f6-159","maize",30.3,-1.44
"e71a12e663f6-160","maize",30.31,-1.43
"e71a12e663f6-161","maize",29.92,-2.47
"e71a12e663f6-162","maize",29.9,-2.47
"e71a12e663f6-163","maize",29.93,-2.47
"e71a12e663f6-164","maize",29.91,-2.46
"e71a12e663f6-165","maize",29.9,-2.47
"e71a12e663f6-166","maize",29.9,-2.47
"e71a12e663f6-167","maize",29.91,-2.46
"e71a12e663f6-168","maize",29.92,-2.47
"e71a12e663f6-169","maize",29.92,-2.49
"e71a12e663f6-170","maize",29.92,-2.47
"e71a12e663f6-171","maize",29.91,-2.46
"e71a12e663f6-172","maize",29.92,-2.47
"e71a12e663f6-173","maize",29.92,-2.46
"e71a12e663f6-174","maize",29.91,-2.46
"e71a12e663f6-175","maize",29.91,-2.45
"e71a12e663f6-176","maize",29.9,-2.47
"e71a12e663f6-177","maize",29.9,-2.49
"e71a12e663f6-178","maize",29.9,-2.48
"e71a12e663f6-179","maize",29.9,-2.47
"e71a12e663f6-180","maize",29.92,-2.48
"e71a12e663f6-181","maize",29.89,-2.48
"e71a12e663f6-182","maize",29.91,-2.48
"e71a12e663f6-183","maize",29.89,-2.48
"e71a12e663f6-184","maize",29.89,-2.48
"e71a12e663f6-185","maize",29.89,-2.47
"e71a12e663f6-186","maize",29.91,-2.49
"e71a12e663f6-187","maize",29.92,-2.48
"e71a12e663f6-188","maize",29.9,-2.48
"e71a12e663f6-189","maize",29.9,-2.48
"e71a12e663f6-190","maize",29.9,-2.48
"2d77e90a60c7-1","maize",29.76,-1.51
"2d77e90a60c7-2","maize",29.78,-1.51
"2d77e90a60c7-3","maize",29.78,-1.51
"2d77e90a60c7-4","maize",29.77,-1.52
"2d77e90a60c7-5","maize",29.76,-1.51
"2d77e90a60c7-6","maize",29.77,-1.5
"2d77e90a60c7-7","maize",29.78,-1.49
"2d77e90a60c7-8","maize",29.77,-1.51
"2d77e90a60c7-9","maize",29.77,-1.51
"2d77e90a60c7-10","maize",29.78,-1.5
"2d77e90a60c7-11","maize",29.76,-1.51
"2d77e90a60c7-12","maize",29.77,-1.49
"2d77e90a60c7-13","maize",29.77,-1.5
"2d77e90a60c7-14","maize",29.78,-1.5
"2d77e90a60c7-15","maize",29.76,-1.49
"2d77e90a60c7-16","maize",29.73,-1.48
"2d77e90a60c7-17","maize",29.72,-1.48
"2d77e90a60c7-18","maize",29.74,-1.49
"2d77e90a60c7-19","maize",29.71,-1.45
"2d77e90a60c7-20","maize",29.74,-1.48
"2d77e90a60c7-21","maize",29.74,-1.48
"2d77e90a60c7-22","maize",29.72,-1.46
"2d77e90a60c7-23","maize",29.73,-1.47
"2d77e90a60c7-24","maize",29.74,-1.48
"2d77e90a60c7-25","maize",29.72,-1.47
"2d77e90a60c7-26","maize",29.74,-1.48
"2d77e90a60c7-27","maize",29.71,-1.47
"2d77e90a60c7-28","maize",29.73,-1.48
"2d77e90a60c7-29","maize",29.72,-1.47
"2d77e90a60c7-30","maize",29.73,-1.48
"2d77e90a60c7-31","maize",29.7,-1.61
"2d77e90a60c7-32","maize",29.7,-1.59
"2d77e90a60c7-33","maize",29.7,-1.59
"2d77e90a60c7-34","maize",29.69,-1.59
"2d77e90a60c7-35","maize",29.71,-1.59
"2d77e90a60c7-36","maize",29.68,-1.59
"2d77e90a60c7-37","maize",29.68,-1.6
"2d77e90a60c7-38","maize",29.68,-1.59
"2d77e90a60c7-39","maize",29.68,-1.58
"2d77e90a60c7-40","maize",29.69,-1.58
"2d77e90a60c7-41","maize",29.78,-2.43
"2d77e90a60c7-42","maize",29.77,-2.42
"2d77e90a60c7-43","maize",29.76,-2.41
"2d77e90a60c7-44","maize",29.78,-2.42
"2d77e90a60c7-45","maize",29.77,-2.4
"2d77e90a60c7-46","maize",29.75,-2.4
"2d77e90a60c7-47","maize",29.76,-2.41
"2d77e90a60c7-48","maize",29.76,-2.42
"2d77e90a60c7-49","maize",29.76,-2.43
"2d77e90a60c7-50","maize",29.75,-2.41
"2d77e90a60c7-51","maize",29.14,-2.34
"2d77e90a60c7-52","maize",29.15,-2.34
"2d77e90a60c7-53","maize",29.15,-2.33
"2d77e90a60c7-54","maize",29.16,-2.34
"2d77e90a60c7-55","maize",29.16,-2.34
"2d77e90a60c7-56","maize",29.15,-2.33
"2d77e90a60c7-57","maize",29.16,-2.31
"2d77e90a60c7-58","maize",29.15,-2.32
"2d77e90a60c7-59","maize",29.16,-2.32
"2d77e90a60c7-60","maize",29.15,-2.31
"2d77e90a60c7-61","maize",29.16,-2.36
"2d77e90a60c7-62","maize",29.15,-2.35
"2d77e90a60c7-63","maize",29.16,-2.35
"2d77e90a60c7-64","maize",29.15,-2.33
"2d77e90a60c7-65","maize",29.16,-2.33
"2d77e90a60c7-66","maize",28.91,-2.54
"2d77e90a60c7-67","maize",28.91,-2.54
"2d77e90a60c7-68","maize",28.93,-2.55
"2d77e90a60c7-69","maize",28.92,-2.54
"2d77e90a60c7-70","maize",28.92,-2.55
"2d77e90a60c7-71","maize",28.92,-2.54
"2d77e90a60c7-72","maize",28.91,-2.55
"2d77e90a60c7-73","maize",28.92,-2.54
"2d77e90a60c7-74","maize",28.92,-2.55
"2d77e90a60c7-75","maize",28.92,-2.55
"2d77e90a60c7-76","maize",29.42,-2.09
"2d77e90a60c7-77","maize",29.4,-2.11
"2d77e90a60c7-78","maize",29.39,-2.1
"2d77e90a60c7-79","maize",29.4,-2.1
"2d77e90a60c7-80","maize",29.4,-2.12
"2d77e90a60c7-81","maize",29.41,-2.1
"2d77e90a60c7-82","maize",29.4,-2.13
"2d77e90a60c7-83","maize",29.41,-2.11
"2d77e90a60c7-84","maize",29.38,-2.11
"2d77e90a60c7-85","maize",29.41,-2.11
"2d77e90a60c7-86","maize",29.38,-1.89
"2d77e90a60c7-87","maize",29.39,-1.89
"2d77e90a60c7-88","maize",29.39,-1.9
"2d77e90a60c7-89","maize",29.39,-1.9
"2d77e90a60c7-90","maize",29.38,-1.9
"2d77e90a60c7-91","maize",29.38,-1.9
"2d77e90a60c7-92","maize",29.38,-1.9
"2d77e90a60c7-93","maize",29.38,-1.91
"2d77e90a60c7-94","maize",29.38,-1.91
"2d77e90a60c7-95","maize",29.39,-1.88
"2d77e90a60c7-96","maize",29.39,-1.89
"2d77e90a60c7-97","maize",29.39,-1.91
"2d77e90a60c7-98","maize",29.38,-1.89
"2d77e90a60c7-99","maize",29.39,-1.9
"2d77e90a60c7-100","maize",29.38,-1.88
"ec7df66a6688-1","maize",29.87,-1.5
"ec7df66a6688-2","maize",29.87,-1.52
"ec7df66a6688-3","maize",29.87,-1.5
"ec7df66a6688-4","maize",29.87,-1.5
"ec7df66a6688-5","maize",29.87,-1.52
"ec7df66a6688-6","maize",29.88,-1.47
"ec7df66a6688-7","maize",29.85,-1.5
"ec7df66a6688-8","maize",29.86,-1.5
"ec7df66a6688-9","maize",29.88,-1.5
"ec7df66a6688-10","maize",29.87,-1.49
"ec7df66a6688-11","maize",29.86,-1.5
"ec7df66a6688-12","maize",29.86,-1.51
"ec7df66a6688-13","maize",29.86,-1.5
"ec7df66a6688-14","maize",29.87,-1.51
"ec7df66a6688-15","maize",29.86,-1.49
"ec7df66a6688-16","maize",29.85,-1.49
"ec7df66a6688-17","maize",29.86,-1.51
"ec7df66a6688-18","maize",29.84,-1.5
"ec7df66a6688-19","maize",29.87,-1.51
"ec7df66a6688-20","maize",29.83,-1.5
"ec7df66a6688-21","maize",29.56,-1.49
"ec7df66a6688-22","maize",29.57,-1.49
"ec7df66a6688-23","maize",29.56,-1.47
"ec7df66a6688-24","maize",29.57,-1.49
"ec7df66a6688-25","maize",29.56,-1.48
"ec7df66a6688-26","maize",29.57,-1.5
"ec7df66a6688-27","maize",29.57,-1.48
"ec7df66a6688-28","maize",29.57,-1.47
"ec7df66a6688-29","maize",29.58,-1.49
"ec7df66a6688-30","maize",29.58,-1.48
"ec7df66a6688-31","maize",29.62,-1.52
"ec7df66a6688-32","maize",29.63,-1.51
"ec7df66a6688-33","maize",29.55,-1.47
"ec7df66a6688-34","maize",29.55,-1.48
"ec7df66a6688-35","maize",29.55,-1.47
"ec7df66a6688-36","maize",29.55,-1.47
"ec7df66a6688-37","maize",29.61,-1.51
"ec7df66a6688-38","maize",29.54,-1.47
"ec7df66a6688-39","maize",29.55,-1.48
"ec7df66a6688-40","maize",29.54,-1.47
"ec7df66a6688-41","maize",29.48,-2.48
"ec7df66a6688-42","maize",29.48,-2.5
"ec7df66a6688-43","maize",29.48,-2.49
"ec7df66a6688-44","maize",29.47,-2.48
"ec7df66a6688-45","maize",29.47,-2.49
"ec7df66a6688-46","maize",29.5,-2.49
"ec7df66a6688-47","maize",29.49,-2.48
"ec7df66a6688-48","maize",29.5,-2.47
"ec7df66a6688-49","maize",29.48,-2.48
"ec7df66a6688-50","maize",29.49,-2.48
"ec7df66a6688-51","maize",29.5,-2.5
"ec7df66a6688-52","maize",29.48,-2.49
"ec7df66a6688-53","maize",29.49,-2.51
"ec7df66a6688-54","maize",29.51,-2.5
"ec7df66a6688-55","maize",29.5,-2.49
"ec7df66a6688-56","maize",29.49,-2.5
"ec7df66a6688-57","maize",29.49,-2.5
"ec7df66a6688-58","maize",29.49,-2.5
"ec7df66a6688-59","maize",29.5,-2.5
"ec7df66a6688-60","maize",29.49,-2.5
"ec7df66a6688-61","maize",29.49,-2.04
"ec7df66a6688-62","maize",29.48,-2.03
"ec7df66a6688-63","maize",29.48,-2.03
"ec7df66a6688-64","maize",29.47,-2.04
"ec7df66a6688-65","maize",29.49,-2.04
"ec7df66a6688-66","maize",29.49,-2.04
"ec7df66a6688-67","maize",29.48,-2.03
"ec7df66a6688-68","maize",29.48,-2.04
"ec7df66a6688-69","maize",29.47,-2.03
"ec7df66a6688-70","maize",29.47,-2.04
"ec7df66a6688-71","maize",29.54,-2.08
"ec7df66a6688-72","maize",29.55,-2.06
"ec7df66a6688-73","maize",29.54,-2.07
"ec7df66a6688-74","maize",29.56,-2.09
"ec7df66a6688-75","maize",29.55,-2.07
"ec7df66a6688-76","maize",29.55,-2.06
"ec7df66a6688-77","maize",29.55,-2.08
"ec7df66a6688-78","maize",29.56,-2.08
"ec7df66a6688-79","maize",29.56,-2.07
"ec7df66a6688-80","maize",29.55,-2.06
"ec7df66a6688-81","maize",29.4,-1.93
"ec7df66a6688-82","maize",29.4,-1.92
"ec7df66a6688-83","maize",29.41,-1.92
"ec7df66a6688-84","maize",29.4,-1.92
"ec7df66a6688-85","maize",29.42,-1.92
"ec7df66a6688-86","maize",29.4,-1.92
"ec7df66a6688-87","maize",29.41,-1.91
"ec7df66a6688-88","maize",29.4,-1.93
"ec7df66a6688-89","maize",29.39,-1.91
"ec7df66a6688-90","maize",29.4,-1.91
"ec7df66a6688-91","maize",29.39,-1.91
"ec7df66a6688-92","maize",29.41,-1.93
"ec7df66a6688-93","maize",29.41,-1.91
"ec7df66a6688-94","maize",29.4,-1.91
"ec7df66a6688-95","maize",29.41,-1.91
"ec7df66a6688-96","maize",29.41,-1.93
"ec7df66a6688-97","maize",29.4,-1.92
"ec7df66a6688-98","maize",29.39,-1.92
"ec7df66a6688-99","maize",29.41,-1.92
"ec7df66a6688-100","maize",29.4,-1.93
"43f06d9389d8-1","wheat",29.87,-1.49
"43f06d9389d8-2","wheat",29.86,-1.48
"43f06d9389d8-3","wheat",29.86,-1.51
"43f06d9389d8-4","wheat",29.84,-1.49
"43f06d9389d8-5","wheat",29.84,-1.48
"43f06d9389d8-6","wheat",29.85,-1.49
"43f06d9389d8-7","wheat",29.86,-1.5
"43f06d9389d8-8","wheat",29.85,-1.51
"43f06d9389d8-9","wheat",29.86,-1.51
"43f06d9389d8-10","wheat",29.86,-1.49
"43f06d9389d8-11","wheat",29.84,-1.48
"43f06d9389d8-12","wheat",29.87,-1.51
"43f06d9389d8-13","wheat",29.86,-1.51
"43f06d9389d8-14","wheat",29.85,-1.48
"43f06d9389d8-15","wheat",29.85,-1.48
"43f06d9389d8-16","wheat",29.85,-1.47
"43f06d9389d8-17","wheat",29.86,-1.49
"43f06d9389d8-18","wheat",29.85,-1.48
"43f06d9389d8-19","wheat",29.85,-1.48
"43f06d9389d8-20","wheat",29.86,-1.5
"43f06d9389d8-21","wheat",29.79,-1.52
"43f06d9389d8-22","wheat",29.8,-1.5
"43f06d9389d8-23","wheat",29.8,-1.52
"43f06d9389d8-24","wheat",29.79,-1.51
"43f06d9389d8-25","wheat",29.81,-1.51
"43f06d9389d8-26","wheat",29.79,-1.52
"43f06d9389d8-27","wheat",29.79,-1.51
"43f06d9389d8-28","wheat",29.79,-1.51
"43f06d9389d8-29","wheat",29.79,-1.52
"43f06d9389d8-30","wheat",29.8,-1.5
"43f06d9389d8-31","wheat",29.79,-1.5
"43f06d9389d8-32","wheat",29.8,-1.49
"43f06d9389d8-33","wheat",29.79,-1.51
"43f06d9389d8-34","wheat",29.79,-1.51
"43f06d9389d8-35","wheat",29.81,-1.52
"43f06d9389d8-36","wheat",29.79,-1.51
"43f06d9389d8-37","wheat",29.81,-1.52
"43f06d9389d8-38","wheat",29.79,-1.5
"43f06d9389d8-39","wheat",29.79,-1.5
"43f06d9389d8-40","wheat",29.8,-1.51
"43f06d9389d8-41","wheat",29.54,-1.48
"43f06d9389d8-42","wheat",29.55,-1.48
"43f06d9389d8-43","wheat",29.55,-1.47
"43f06d9389d8-44","wheat",29.54,-1.48
"43f06d9389d8-45","wheat",29.54,-1.46
"43f06d9389d8-46","wheat",29.55,-1.49
"43f06d9389d8-47","wheat",29.56,-1.48
"43f06d9389d8-48","wheat",29.54,-1.47
"43f06d9389d8-49","wheat",29.54,-1.48
"43f06d9389d8-50","wheat",29.54,-1.47
"43f06d9389d8-51","wheat",29.55,-1.48
"43f06d9389d8-52","wheat",29.54,-1.48
"43f06d9389d8-53","wheat",29.55,-1.46
"43f06d9389d8-54","wheat",29.56,-1.47
"43f06d9389d8-55","wheat",29.54,-1.47
"43f06d9389d8-56","wheat",29.55,-1.46
"43f06d9389d8-57","wheat",29.55,-1.48
"43f06d9389d8-58","wheat",29.55,-1.47
"43f06d9389d8-59","wheat",29.56,-1.47
"43f06d9389d8-60","wheat",29.55,-1.49
"43f06d9389d8-61","wheat",29.5,-2.48
"43f06d9389d8-62","wheat",29.49,-2.48
"43f06d9389d8-63","wheat",29.49,-2.48
"43f06d9389d8-64","wheat",29.49,-2.49
"43f06d9389d8-65","wheat",29.49,-2.5
"43f06d9389d8-66","wheat",29.51,-2.48
"43f06d9389d8-67","wheat",29.47,-2.49
"43f06d9389d8-68","wheat",29.49,-2.49
"43f06d9389d8-69","wheat",29.5,-2.49
"43f06d9389d8-70","wheat",29.48,-2.49
"43f06d9389d8-71","wheat",29.51,-2.5
"43f06d9389d8-72","wheat",29.5,-2.49
"43f06d9389d8-73","wheat",29.5,-2.5
"43f06d9389d8-74","wheat",29.5,-2.5
"43f06d9389d8-75","wheat",29.51,-2.49
"43f06d9389d8-76","wheat",29.5,-2.48
"43f06d9389d8-77","wheat",29.5,-2.49
"43f06d9389d8-78","wheat",29.51,-2.48
"43f06d9389d8-79","wheat",29.5,-2.5
"43f06d9389d8-80","wheat",29.49,-2.51
"43f06d9389d8-81","wheat",29.48,-2.02
"43f06d9389d8-82","wheat",29.48,-2.04
"43f06d9389d8-83","wheat",29.48,-2.02
"43f06d9389d8-84","wheat",29.48,-2.02
"43f06d9389d8-85","wheat",29.49,-2.02
"43f06d9389d8-86","wheat",29.47,-2.03
"43f06d9389d8-87","wheat",29.46,-2.05
"43f06d9389d8-88","wheat",29.48,-2.05
"43f06d9389d8-89","wheat",29.49,-2.05
"43f06d9389d8-90","wheat",29.48,-2.03
"43f06d9389d8-91","wheat",29.47,-2.03
"43f06d9389d8-92","wheat",29.47,-2.04
"43f06d9389d8-93","wheat",29.48,-2.03
"43f06d9389d8-94","wheat",29.49,-2.02
"43f06d9389d8-95","wheat",29.49,-2.04
"43f06d9389d8-96","wheat",29.47,-2.05
"43f06d9389d8-97","wheat",29.48,-2.03
"43f06d9389d8-98","wheat",29.49,-2.05
"43f06d9389d8-99","wheat",29.51,-2.04
"43f06d9389d8-100","wheat",29.49,-2.03
"43f06d9389d8-101","wheat",29.42,-1.92
"43f06d9389d8-102","wheat",29.4,-1.92
"43f06d9389d8-103","wheat",29.41,-1.92
"43f06d9389d8-104","wheat",29.42,-1.93
"43f06d9389d8-105","wheat",29.43,-1.92
"43f06d9389d8-106","wheat",29.4,-1.92
"43f06d9389d8-107","wheat",29.42,-1.93
"43f06d9389d8-108","wheat",29.42,-1.93
"43f06d9389d8-109","wheat",29.42,-1.92
"43f06d9389d8-110","wheat",29.4,-1.94
"43f06d9389d8-111","wheat",29.43,-1.92
"43f06d9389d8-112","wheat",29.42,-1.94
"43f06d9389d8-113","wheat",29.39,-1.91
"43f06d9389d8-114","wheat",29.41,-1.93
"43f06d9389d8-115","wheat",29.41,-1.93
"43f06d9389d8-116","wheat",29.4,-1.92
"43f06d9389d8-117","wheat",29.4,-1.93
"43f06d9389d8-118","wheat",29.42,-1.93
"43f06d9389d8-119","wheat",29.42,-1.94
"43f06d9389d8-120","wheat",29.4,-1.94
"ccc84570ec8b-1","maize",29.76,-2.56
"ccc84570ec8b-2","maize",29.75,-2.54
"ccc84570ec8b-3","maize",29.74,-2.56
"ccc84570ec8b-4","maize",29.74,-2.56
"ccc84570ec8b-5","maize",29.77,-2.57
"ccc84570ec8b-6","maize",29.75,-2.56
"ccc84570ec8b-7","maize",29.77,-2.56
"ccc84570ec8b-8","maize",29.75,-2.57
"ccc84570ec8b-9","maize",29.74,-2.55
"ccc84570ec8b-10","maize",29.75,-2.55
"ccc84570ec8b-11","maize",29.76,-2.57
"ccc84570ec8b-12","maize",29.77,-2.55
"ccc84570ec8b-13","maize",29.76,-2.56
"ccc84570ec8b-14","maize",29.74,-2.56
"ccc84570ec8b-15","maize",29.76,-2.55
"ccc84570ec8b-16","maize",29.75,-2.56
"ccc84570ec8b-17","maize",29.77,-2.57
"ccc84570ec8b-18","maize",29.76,-2.55
"ccc84570ec8b-19","maize",29.76,-2.55
"ccc84570ec8b-20","maize",29.75,-2.56
"ccc84570ec8b-21","maize",29.87,-2.33
"ccc84570ec8b-22","maize",29.86,-2.32
"ccc84570ec8b-23","maize",29.86,-2.31
"ccc84570ec8b-24","maize",29.85,-2.32
"ccc84570ec8b-25","maize",29.87,-2.32
"ccc84570ec8b-26","maize",29.87,-2.32
"ccc84570ec8b-27","maize",29.87,-2.31
"ccc84570ec8b-28","maize",29.86,-2.33
"ccc84570ec8b-29","maize",29.85,-2.32
"ccc84570ec8b-30","maize",29.85,-2.32
"ccc84570ec8b-31","maize",29.86,-2.33
"ccc84570ec8b-32","maize",29.87,-2.32
"ccc84570ec8b-33","maize",29.87,-2.32
"ccc84570ec8b-34","maize",29.86,-2.32
"ccc84570ec8b-35","maize",29.87,-2.33
"ccc84570ec8b-36","maize",29.86,-2.33
"ccc84570ec8b-37","maize",29.87,-2.32
"ccc84570ec8b-38","maize",29.87,-2.33
"ccc84570ec8b-39","maize",29.87,-2.32
"ccc84570ec8b-40","maize",29.88,-2.31
"ccc84570ec8b-41","maize",29.85,-2.32
"ccc84570ec8b-42","maize",29.86,-2.32
"ccc84570ec8b-43","maize",29.85,-2.33
"ccc84570ec8b-44","maize",29.86,-2.32
"ccc84570ec8b-45","maize",29.86,-2.32
"ccc84570ec8b-46","maize",29.85,-2.31
"ccc84570ec8b-47","maize",29.84,-2.33
"ccc84570ec8b-48","maize",29.84,-2.31
"ccc84570ec8b-49","maize",29.85,-2.31
"ccc84570ec8b-50","maize",29.85,-2.32
"ccc84570ec8b-51","maize",29.85,-2.31
"ccc84570ec8b-52","maize",29.84,-2.3
"ccc84570ec8b-53","maize",29.86,-2.31
"ccc84570ec8b-54","maize",29.84,-2.32
"ccc84570ec8b-55","maize",29.86,-2.33
"ccc84570ec8b-56","maize",29.84,-2.33
"ccc84570ec8b-57","maize",29.86,-2.31
"ccc84570ec8b-58","maize",29.84,-2.32
"ccc84570ec8b-59","maize",29.85,-2.31
"ccc84570ec8b-60","maize",29.85,-2.31
"ccc84570ec8b-61","maize",29.16,-2.34
"ccc84570ec8b-62","maize",29.1,-2.36
"ccc84570ec8b-63","maize",29.09,-2.36
"ccc84570ec8b-64","maize",29.16,-2.34
"ccc84570ec8b-65","maize",29.16,-2.34
"ccc84570ec8b-66","maize",29.1,-2.36
"ccc84570ec8b-67","maize",29.1,-2.38
"ccc84570ec8b-68","maize",29.1,-2.35
"ccc84570ec8b-69","maize",29.14,-2.34
"ccc84570ec8b-70","maize",29.1,-2.35
"ccc84570ec8b-71","maize",29.09,-2.37
"ccc84570ec8b-72","maize",29.14,-2.34
"ccc84570ec8b-73","maize",29.09,-2.37
"ccc84570ec8b-74","maize",29.07,-2.36
"ccc84570ec8b-75","maize",29.1,-2.36
"ccc84570ec8b-76","maize",29.08,-2.36
"ccc84570ec8b-77","maize",29.15,-2.33
"ccc84570ec8b-78","maize",29.1,-2.36
"ccc84570ec8b-79","maize",29.1,-2.36
"ccc84570ec8b-80","maize",29.1,-2.36
"ccc84570ec8b-81","maize",29.15,-2.32
"ccc84570ec8b-82","maize",29.17,-2.26
"ccc84570ec8b-83","maize",29.15,-2.27
"ccc84570ec8b-84","maize",29.14,-2.29
"ccc84570ec8b-85","maize",29.17,-2.28
"ccc84570ec8b-86","maize",29.15,-2.29
"ccc84570ec8b-87","maize",29.15,-2.29
"ccc84570ec8b-88","maize",29.16,-2.26
"ccc84570ec8b-89","maize",29.14,-2.3
"ccc84570ec8b-90","maize",29.17,-2.27
"ccc84570ec8b-91","maize",29.17,-2.28
"ccc84570ec8b-92","maize",29.14,-2.29
"ccc84570ec8b-93","maize",29.16,-2.28
"ccc84570ec8b-94","maize",29.15,-2.27
"ccc84570ec8b-95","maize",29.16,-2.27
"ccc84570ec8b-96","maize",29.17,-2.3
"ccc84570ec8b-97","maize",29.16,-2.27
"ccc84570ec8b-98","maize",29.17,-2.29
"ccc84570ec8b-99","maize",29.16,-2.28
"ccc84570ec8b-100","maize",29.18,-2.29
"ccc84570ec8b-101","maize",29.23,-2.23
"ccc84570ec8b-102","maize",29.23,-2.24
"ccc84570ec8b-103","maize",29.24,-2.23
"ccc84570ec8b-104","maize",29.23,-2.24
"ccc84570ec8b-105","maize",29.24,-2.23
"ccc84570ec8b-106","maize",29.24,-2.24
"ccc84570ec8b-107","maize",29.23,-2.23
"ccc84570ec8b-108","maize",29.23,-2.23
"ccc84570ec8b-109","maize",29.22,-2.23
"ccc84570ec8b-110","maize",29.23,-2.23
"ccc84570ec8b-111","maize",29.23,-2.23
"ccc84570ec8b-112","maize",29.23,-2.24
"ccc84570ec8b-113","maize",29.24,-2.24
"ccc84570ec8b-114","maize",29.22,-2.22
"ccc84570ec8b-115","maize",29.22,-2.23
"ccc84570ec8b-116","maize",29.22,-2.23
"ccc84570ec8b-117","maize",29.22,-2.22
"ccc84570ec8b-118","maize",29.23,-2.23
"ccc84570ec8b-119","maize",29.24,-2.24
"ccc84570ec8b-120","maize",29.23,-2.22
"ccc84570ec8b-121","maize",28.99,-2.62
"ccc84570ec8b-122","maize",29.01,-2.63
"ccc84570ec8b-123","maize",29.01,-2.62
"ccc84570ec8b-124","maize",29.01,-2.63
"ccc84570ec8b-125","maize",29,-2.62
"ccc84570ec8b-126","maize",29.02,-2.62
"ccc84570ec8b-127","maize",29,-2.63
"ccc84570ec8b-128","maize",29.01,-2.62
"ccc84570ec8b-129","maize",29.02,-2.64
"ccc84570ec8b-130","maize",28.99,-2.62
"ccc84570ec8b-131","maize",29.01,-2.63
"ccc84570ec8b-132","maize",29,-2.62
"ccc84570ec8b-133","maize",29.01,-2.62
"ccc84570ec8b-134","maize",29,-2.63
"ccc84570ec8b-135","maize",29.01,-2.7
"ccc84570ec8b-136","maize",28.99,-2.61
"ccc84570ec8b-137","maize",29.01,-2.63
"ccc84570ec8b-138","maize",29.01,-2.63
"ccc84570ec8b-139","maize",28.99,-2.62
"ccc84570ec8b-140","maize",29.01,-2.63
"ccc84570ec8b-141","maize",29.04,-2.67
"ccc84570ec8b-142","maize",29.04,-2.68
"ccc84570ec8b-143","maize",29.04,-2.68
"ccc84570ec8b-144","maize",29.05,-2.69
"ccc84570ec8b-145","maize",29.04,-2.68
"ccc84570ec8b-146","maize",29.04,-2.7
"ccc84570ec8b-147","maize",29.04,-2.68
"ccc84570ec8b-148","maize",29.05,-2.7
"ccc84570ec8b-149","maize",29.04,-2.69
"ccc84570ec8b-150","maize",29.04,-2.68
"ccc84570ec8b-151","maize",29.05,-2.68
"ccc84570ec8b-152","maize",29.04,-2.68
"ccc84570ec8b-153","maize",29.04,-2.7
"ccc84570ec8b-154","maize",29.05,-2.67
"ccc84570ec8b-155","maize",29.03,-2.69
"ccc84570ec8b-156","maize",29.05,-2.67
"ccc84570ec8b-157","maize",29.04,-2.67
"ccc84570ec8b-158","maize",29.04,-2.68
"ccc84570ec8b-159","maize",29.05,-2.67
"ccc84570ec8b-160","maize",29.04,-2.66
"ccc84570ec8b-161","maize",29.03,-2.4
"ccc84570ec8b-162","maize",29.02,-2.4
"ccc84570ec8b-163","maize",29.02,-2.4
"ccc84570ec8b-164","maize",29.02,-2.4
"ccc84570ec8b-165","maize",29.03,-2.38
"ccc84570ec8b-166","maize",29.01,-2.38
"ccc84570ec8b-167","maize",29.01,-2.38
"ccc84570ec8b-168","maize",29.01,-2.38
"ccc84570ec8b-169","maize",29.03,-2.4
"ccc84570ec8b-170","maize",29.02,-2.38
"ccc84570ec8b-171","maize",29.02,-2.37
"ccc84570ec8b-172","maize",29.02,-2.39
"ccc84570ec8b-173","maize",29.02,-2.37
"ccc84570ec8b-174","maize",29.02,-2.37
"ccc84570ec8b-175","maize",29.02,-2.38
"ccc84570ec8b-176","maize",29.03,-2.38
"ccc84570ec8b-177","maize",29.02,-2.39
"ccc84570ec8b-178","maize",29.02,-2.38
"ccc84570ec8b-179","maize",29.02,-2.37
"ccc84570ec8b-180","maize",29.04,-2.48
"ccc84570ec8b-181","maize",29.04,-2.49
"ccc84570ec8b-182","maize",29.03,-2.49
"ccc84570ec8b-183","maize",29.02,-2.48
"ccc84570ec8b-184","maize",29.04,-2.48
"ccc84570ec8b-185","maize",29.03,-2.48
"ccc84570ec8b-186","maize",29.04,-2.48
"ccc84570ec8b-187","maize",29.08,-2.43
"ccc84570ec8b-188","maize",29.03,-2.48
"ccc84570ec8b-189","maize",29.04,-2.49
"ccc84570ec8b-190","maize",29.05,-2.49
"ccc84570ec8b-191","maize",29.03,-2.48
"ccc84570ec8b-192","maize",29.04,-2.5
"ccc84570ec8b-193","maize",29.04,-2.48
"ccc84570ec8b-194","maize",29.06,-2.5
"ccc84570ec8b-195","maize",29.04,-2.49
"ccc84570ec8b-196","maize",29.04,-2.5
"ccc84570ec8b-197","maize",29.04,-2.49
"ccc84570ec8b-198","maize",29.08,-2.42
"ccc84570ec8b-199","maize",29.04,-2.48
"ccc84570ec8b-200","maize",28.88,-2.51
"ccc84570ec8b-201","maize",28.9,-2.51
"ccc84570ec8b-202","maize",28.89,-2.5
"ccc84570ec8b-203","maize",28.9,-2.52
"ccc84570ec8b-204","maize",28.88,-2.5
"ccc84570ec8b-205","maize",28.9,-2.51
"ccc84570ec8b-206","maize",28.87,-2.51
"ccc84570ec8b-207","maize",28.9,-2.49
"ccc84570ec8b-208","maize",28.9,-2.5
"ccc84570ec8b-209","maize",28.89,-2.5
"ccc84570ec8b-210","maize",28.91,-2.5
"ccc84570ec8b-211","maize",28.89,-2.52
"ccc84570ec8b-212","maize",28.89,-2.52
"ccc84570ec8b-213","maize",28.88,-2.51
"ccc84570ec8b-214","maize",28.9,-2.5
"ccc84570ec8b-215","maize",28.9,-2.5
"ccc84570ec8b-216","maize",28.89,-2.5
"ccc84570ec8b-217","maize",28.89,-2.51
"ccc84570ec8b-218","maize",28.9,-2.5
"ccc84570ec8b-219","maize",29.38,-2.01
"ccc84570ec8b-220","maize",29.38,-2.01
"ccc84570ec8b-221","maize",29.37,-2.01
"ccc84570ec8b-222","maize",29.37,-2.02
"ccc84570ec8b-223","maize",29.37,-2.01
"ccc84570ec8b-224","maize",29.37,-2.03
"ccc84570ec8b-225","maize",29.37,-2.03
"ccc84570ec8b-226","maize",29.37,-1.99
"ccc84570ec8b-227","maize",29.37,-2.01
"ccc84570ec8b-228","maize",29.38,-2.02
"ccc84570ec8b-229","maize",29.38,-1.99
"ccc84570ec8b-230","maize",29.37,-2.01
"ccc84570ec8b-231","maize",29.38,-2.01
"ccc84570ec8b-232","maize",29.37,-2.03
"ccc84570ec8b-233","maize",29.38,-2.03
"ccc84570ec8b-234","maize",29.38,-2.03
"ccc84570ec8b-235","maize",29.39,-2.02
"ccc84570ec8b-236","maize",29.38,-2
"ccc84570ec8b-237","maize",29.37,-2
"ccc84570ec8b-238","maize",29.38,-2
"39272de63c26-1","maize",30.5,-2.09
"39272de63c26-2","maize",30.52,-2.06
"39272de63c26-3","maize",30.49,-2.07
"39272de63c26-4","maize",30.51,-2.09
"39272de63c26-5","maize",30.49,-2.08
"39272de63c26-6","maize",30.5,-2.06
"39272de63c26-7","maize",30.51,-2.06
"39272de63c26-8","maize",30.49,-2.07
"39272de63c26-9","maize",30.5,-2.05
"39272de63c26-10","maize",30.5,-2.08
"39272de63c26-11","maize",30.51,-2.09
"39272de63c26-12","maize",30.51,-2.08
"39272de63c26-13","maize",30.49,-2.05
"39272de63c26-14","maize",30.51,-2.07
"39272de63c26-15","maize",30.49,-2.07
"39272de63c26-16","maize",30.49,-2.07
"39272de63c26-17","maize",30.51,-2.08
"39272de63c26-18","maize",30.48,-2.06
"39272de63c26-19","maize",30.51,-2.08
"39272de63c26-20","maize",30.49,-2.07
"39272de63c26-21","maize",30.55,-2.07
"39272de63c26-22","maize",30.55,-2.06
"39272de63c26-23","maize",30.56,-2.07
"39272de63c26-24","maize",30.56,-2.06
"39272de63c26-25","maize",30.55,-2.08
"39272de63c26-26","maize",30.51,-2.06
"39272de63c26-27","maize",30.53,-2.07
"39272de63c26-28","maize",30.53,-2.06
"39272de63c26-29","maize",30.56,-2.06
"39272de63c26-30","maize",30.54,-2.08
"39272de63c26-31","maize",30.56,-2.06
"39272de63c26-32","maize",30.55,-2.06
"39272de63c26-33","maize",30.55,-2.08
"39272de63c26-34","maize",30.55,-2.06
"39272de63c26-35","maize",30.55,-2.08
"39272de63c26-36","maize",30.56,-2.07
"39272de63c26-37","maize",30.56,-2.06
"39272de63c26-38","maize",30.55,-2.07
"39272de63c26-39","maize",30.55,-2.06
"39272de63c26-40","maize",30.55,-2.08
"39272de63c26-41","maize",30.31,-1.68
"39272de63c26-42","maize",30.31,-1.68
"39272de63c26-43","maize",30.32,-1.68
"39272de63c26-44","maize",30.33,-1.68
"39272de63c26-45","maize",30.29,-1.68
"39272de63c26-46","maize",30.32,-1.68
"39272de63c26-47","maize",30.31,-1.68
"39272de63c26-48","maize",30.32,-1.69
"39272de63c26-49","maize",30.33,-1.67
"39272de63c26-50","maize",30.32,-1.67
"39272de63c26-51","maize",30.31,-1.68
"39272de63c26-52","maize",30.31,-1.68
"39272de63c26-53","maize",30.32,-1.69
"39272de63c26-54","maize",30.3,-1.68
"39272de63c26-55","maize",30.32,-1.69
"39272de63c26-56","maize",30.31,-1.67
"39272de63c26-57","maize",30.32,-1.68
"39272de63c26-58","maize",30.31,-1.67
"39272de63c26-59","maize",30.33,-1.68
"39272de63c26-60","maize",30.3,-1.67
"39272de63c26-61","maize",30.31,-1.63
"39272de63c26-62","maize",30.32,-1.64
"39272de63c26-63","maize",30.3,-1.66
"39272de63c26-64","maize",30.3,-1.65
"39272de63c26-65","maize",30.32,-1.65
"39272de63c26-66","maize",30.32,-1.65
"39272de63c26-67","maize",30.32,-1.64
"39272de63c26-68","maize",30.3,-1.66
"39272de63c26-69","maize",30.29,-1.65
"39272de63c26-70","maize",30.31,-1.66
"39272de63c26-71","maize",30.3,-1.65
"39272de63c26-72","maize",30.31,-1.65
"39272de63c26-73","maize",30.32,-1.63
"39272de63c26-74","maize",30.31,-1.65
"39272de63c26-75","maize",30.31,-1.64
"39272de63c26-76","maize",30.31,-1.65
"39272de63c26-77","maize",30.31,-1.65
"39272de63c26-78","maize",30.29,-1.64
"39272de63c26-79","maize",30.3,-1.64
"39272de63c26-80","maize",30.3,-1.67
"39272de63c26-81","maize",30.58,-1.82
"39272de63c26-82","maize",30.57,-1.8
"39272de63c26-83","maize",30.58,-1.82
"39272de63c26-84","maize",30.57,-1.81
"39272de63c26-85","maize",30.58,-1.81
"39272de63c26-86","maize",30.58,-1.8
"39272de63c26-87","maize",30.59,-1.8
"39272de63c26-88","maize",30.6,-1.81
"39272de63c26-89","maize",30.58,-1.82
"39272de63c26-90","maize",30.57,-1.8
"39272de63c26-91","maize",30.58,-1.81
"39272de63c26-92","maize",30.57,-1.81
"39272de63c26-93","maize",30.58,-1.82
"39272de63c26-94","maize",30.58,-1.8
"39272de63c26-95","maize",30.58,-1.81
"39272de63c26-96","maize",30.58,-1.8
"39272de63c26-97","maize",30.57,-1.8
"39272de63c26-98","maize",30.59,-1.82
"39272de63c26-99","maize",30.57,-1.8
"39272de63c26-100","maize",30.58,-1.8
"39272de63c26-101","maize",30.5,-1.77
"39272de63c26-102","maize",30.51,-1.77
"39272de63c26-103","maize",30.51,-1.76
"39272de63c26-104","maize",30.51,-1.8
"39272de63c26-105","maize",30.51,-1.79
"39272de63c26-106","maize",30.51,-1.78
"39272de63c26-107","maize",30.53,-1.77
"39272de63c26-108","maize",30.51,-1.77
"39272de63c26-109","maize",30.51,-1.77
"39272de63c26-110","maize",30.51,-1.78
"39272de63c26-111","maize",30.5,-1.78
"39272de63c26-112","maize",30.52,-1.77
"39272de63c26-113","maize",30.52,-1.79
"39272de63c26-114","maize",30.51,-1.77
"39272de63c26-115","maize",30.53,-1.78
"39272de63c26-116","maize",30.51,-1.78
"39272de63c26-117","maize",30.5,-1.78
"39272de63c26-118","maize",30.51,-1.78
"39272de63c26-119","maize",30.52,-1.8
"39272de63c26-120","maize",30.51,-1.79
"39272de63c26-121","maize",30.19,-2.12
"39272de63c26-122","maize",30.2,-2.11
"39272de63c26-123","maize",30.18,-2.13
"39272de63c26-124","maize",30.2,-2.12
"39272de63c26-125","maize",30.21,-2.11
"39272de63c26-126","maize",30.18,-2.12
"39272de63c26-127","maize",30.19,-2.12
"39272de63c26-128","maize",30.19,-2.11
"39272de63c26-129","maize",30.19,-2.12
"39272de63c26-130","maize",30.19,-2.1
"39272de63c26-131","maize",30.18,-2.11
"39272de63c26-132","maize",30.18,-2.12
"39272de63c26-133","maize",30.2,-2.1
"39272de63c26-134","maize",30.18,-2.12
"39272de63c26-135","maize",30.19,-2.11
"39272de63c26-136","maize",30.19,-2.1
"39272de63c26-137","maize",30.19,-2.11
"39272de63c26-138","maize",30.18,-2.12
"39272de63c26-139","maize",30.19,-2.12
"39272de63c26-140","maize",30.2,-2.12
"39272de63c26-141","maize",30.21,-2.11
"39272de63c26-142","maize",30.21,-2.12
"39272de63c26-143","maize",30.2,-2.12
"39272de63c26-144","maize",30.21,-2.13
"39272de63c26-145","maize",30.2,-2.12
"39272de63c26-146","maize",30.21,-2.12
"39272de63c26-147","maize",30.22,-2.13
"39272de63c26-148","maize",30.21,-2.12
"39272de63c26-149","maize",30.21,-2.11
"39272de63c26-150","maize",30.21,-2.13
"39272de63c26-151","maize",30.2,-2.12
"39272de63c26-152","maize",30.22,-2.14
"39272de63c26-153","maize",30.21,-2.14
"39272de63c26-154","maize",30.23,-2.12
"39272de63c26-155","maize",30.22,-2.12
"39272de63c26-156","maize",30.22,-2.12
"39272de63c26-157","maize",30.22,-2.13
"39272de63c26-158","maize",30.2,-2.12
"39272de63c26-159","maize",30.21,-2.14
"39272de63c26-160","maize",30.21,-2.11
"39272de63c26-161","maize",30.26,-1.38
"39272de63c26-162","maize",30.25,-1.39
"39272de63c26-163","maize",30.26,-1.37
"39272de63c26-164","maize",30.26,-1.39
"39272de63c26-165","maize",30.25,-1.37
"39272de63c26-166","maize",30.27,-1.38
"39272de63c26-167","maize",30.25,-1.39
"39272de63c26-168","maize",30.26,-1.37
"39272de63c26-169","maize",30.25,-1.38
"39272de63c26-170","maize",30.27,-1.38
"39272de63c26-171","maize",30.26,-1.38
"39272de63c26-172","maize",30.27,-1.37
"39272de63c26-173","maize",30.25,-1.38
"39272de63c26-174","maize",30.26,-1.36
"39272de63c26-175","maize",30.26,-1.38
"39272de63c26-176","maize",30.25,-1.39
"39272de63c26-177","maize",30.26,-1.39
"39272de63c26-178","maize",30.27,-1.36
"39272de63c26-179","maize",30.26,-1.36
"39272de63c26-180","maize",30.27,-1.38
"39272de63c26-181","maize",30.29,-1.42
"39272de63c26-182","maize",30.29,-1.43
"39272de63c26-183","maize",30.3,-1.44
"39272de63c26-184","maize",30.31,-1.43
"39272de63c26-185","maize",30.3,-1.42
"39272de63c26-186","maize",30.3,-1.44
"39272de63c26-187","maize",30.3,-1.43
"39272de63c26-188","maize",30.29,-1.44
"39272de63c26-189","maize",30.29,-1.43
"39272de63c26-190","maize",30.29,-1.42
"39272de63c26-191","maize",30.3,-1.43
"39272de63c26-192","maize",30.28,-1.43
"39272de63c26-193","maize",30.31,-1.44
"39272de63c26-194","maize",30.29,-1.43
"39272de63c26-195","maize",30.29,-1.43
"39272de63c26-196","maize",30.3,-1.43
"39272de63c26-197","maize",30.29,-1.42
"39272de63c26-198","maize",30.3,-1.43
"39272de63c26-199","maize",30.28,-1.42
"39272de63c26-200","maize",30.3,-1.43
"39272de63c26-201","maize",29.92,-2.46
"39272de63c26-202","maize",29.92,-2.46
"39272de63c26-203","maize",29.91,-2.46
"39272de63c26-204","maize",29.92,-2.47
"39272de63c26-205","maize",29.91,-2.47
"39272de63c26-206","maize",29.92,-2.45
"39272de63c26-207","maize",29.92,-2.47
"39272de63c26-208","maize",29.91,-2.47
"39272de63c26-209","maize",29.92,-2.46
"39272de63c26-210","maize",29.91,-2.48
"39272de63c26-211","maize",29.91,-2.48
"39272de63c26-212","maize",29.9,-2.46
"39272de63c26-213","maize",29.92,-2.48
"39272de63c26-214","maize",29.91,-2.46
"39272de63c26-215","maize",29.91,-2.49
"39272de63c26-216","maize",29.91,-2.48
"39272de63c26-217","maize",29.93,-2.47
"39272de63c26-218","maize",29.9,-2.46
"39272de63c26-219","maize",29.92,-2.45
"39272de63c26-220","maize",29.93,-2.46
"39272de63c26-221","maize",29.89,-2.48
"39272de63c26-222","maize",29.9,-2.47
"39272de63c26-223","maize",29.89,-2.48
"39272de63c26-224","maize",29.9,-2.5
"39272de63c26-225","maize",29.9,-2.47
"39272de63c26-226","maize",29.9,-2.49
"39272de63c26-227","maize",29.89,-2.49
"39272de63c26-228","maize",29.89,-2.49
"39272de63c26-229","maize",29.89,-2.5
"39272de63c26-230","maize",29.9,-2.49
"39272de63c26-231","maize",29.9,-2.47
"39272de63c26-232","maize",29.89,-2.48
"39272de63c26-233","maize",29.89,-2.49
"39272de63c26-234","maize",29.91,-2.48
"39272de63c26-235","maize",29.91,-2.48
"39272de63c26-236","maize",29.9,-2.48
"39272de63c26-237","maize",29.89,-2.46
"39272de63c26-238","maize",29.9,-2.47
"39272de63c26-239","maize",29.9,-2.46
"39272de63c26-240","maize",29.89,-2.46
"5cb3c93ebc3d-1","maize",29.78,-1.5
"5cb3c93ebc3d-2","maize",29.77,-1.49
"5cb3c93ebc3d-3","maize",29.79,-1.51
"5cb3c93ebc3d-4","maize",29.77,-1.5
"5cb3c93ebc3d-5","maize",29.78,-1.5
"5cb3c93ebc3d-6","maize",29.75,-1.51
"5cb3c93ebc3d-7","maize",29.77,-1.5
"5cb3c93ebc3d-8","maize",29.78,-1.49
"5cb3c93ebc3d-9","maize",29.75,-1.5
"5cb3c93ebc3d-10","maize",29.76,-1.51
"5cb3c93ebc3d-11","maize",29.76,-1.51
"5cb3c93ebc3d-12","maize",29.77,-1.5
"5cb3c93ebc3d-13","maize",29.76,-1.49
"5cb3c93ebc3d-14","maize",29.79,-1.51
"5cb3c93ebc3d-15","maize",29.79,-1.51
"5cb3c93ebc3d-16","maize",29.77,-1.5
"5cb3c93ebc3d-17","maize",29.72,-1.47
"5cb3c93ebc3d-18","maize",29.74,-1.47
"5cb3c93ebc3d-19","maize",29.7,-1.47
"5cb3c93ebc3d-20","maize",29.72,-1.47
"5cb3c93ebc3d-21","maize",29.75,-1.48
"5cb3c93ebc3d-22","maize",29.73,-1.46
"5cb3c93ebc3d-23","maize",29.73,-1.47
"5cb3c93ebc3d-24","maize",29.73,-1.47
"5cb3c93ebc3d-25","maize",29.74,-1.46
"5cb3c93ebc3d-26","maize",29.73,-1.47
"5cb3c93ebc3d-27","maize",29.73,-1.48
"5cb3c93ebc3d-28","maize",29.75,-1.47
"5cb3c93ebc3d-29","maize",29.72,-1.47
"5cb3c93ebc3d-30","maize",29.74,-1.45
"5cb3c93ebc3d-31","maize",29.72,-1.48
"5cb3c93ebc3d-32","maize",29.7,-1.47
"5cb3c93ebc3d-33","maize",29.71,-1.6
"5cb3c93ebc3d-34","maize",29.68,-1.59
"5cb3c93ebc3d-35","maize",29.7,-1.6
"5cb3c93ebc3d-36","maize",29.69,-1.61
"5cb3c93ebc3d-37","maize",29.7,-1.6
"5cb3c93ebc3d-38","maize",29.7,-1.6
"5cb3c93ebc3d-39","maize",29.69,-1.6
"5cb3c93ebc3d-40","maize",29.71,-1.59
"5cb3c93ebc3d-41","maize",29.68,-1.6
"5cb3c93ebc3d-42","maize",29.71,-1.6
"5cb3c93ebc3d-43","maize",29.7,-1.61
"5cb3c93ebc3d-44","maize",29.69,-1.6
"5cb3c93ebc3d-45","maize",29.71,-1.59
"5cb3c93ebc3d-46","maize",29.69,-1.59
"5cb3c93ebc3d-47","maize",29.69,-1.59
"5cb3c93ebc3d-48","maize",29.69,-1.58
"5cb3c93ebc3d-49","maize",29.69,-1.6
"5cb3c93ebc3d-50","maize",29.7,-1.61
"5cb3c93ebc3d-51","maize",29.7,-1.58
"5cb3c93ebc3d-52","maize",29.68,-1.6
"5cb3c93ebc3d-53","maize",29.68,-1.59
"5cb3c93ebc3d-54","maize",29.69,-1.59
"5cb3c93ebc3d-55","maize",29.68,-1.59
"5cb3c93ebc3d-56","maize",29.66,-1.59
"5cb3c93ebc3d-57","maize",29.68,-1.58
"5cb3c93ebc3d-58","maize",29.68,-1.58
"5cb3c93ebc3d-59","maize",29.68,-1.6
"5cb3c93ebc3d-60","maize",29.69,-1.59
"5cb3c93ebc3d-61","maize",29.68,-1.59
"5cb3c93ebc3d-62","maize",29.67,-1.58
"5cb3c93ebc3d-63","maize",29.69,-1.6
"5cb3c93ebc3d-64","maize",29.68,-1.59
"5cb3c93ebc3d-65","maize",29.68,-1.6
"5cb3c93ebc3d-66","maize",29.67,-1.59
"5cb3c93ebc3d-67","maize",29.69,-1.59
"5cb3c93ebc3d-68","maize",29.67,-1.58
"5cb3c93ebc3d-69","maize",29.68,-1.58
"5cb3c93ebc3d-70","maize",29.68,-1.56
"5cb3c93ebc3d-71","maize",29.67,-1.59
"5cb3c93ebc3d-72","maize",29.69,-1.58
"5cb3c93ebc3d-73","maize",29.75,-2.41
"5cb3c93ebc3d-74","maize",29.74,-2.41
"5cb3c93ebc3d-75","maize",29.76,-2.42
"5cb3c93ebc3d-76","maize",29.75,-2.4
"5cb3c93ebc3d-77","maize",29.77,-2.4
"5cb3c93ebc3d-78","maize",29.76,-2.4
"5cb3c93ebc3d-79","maize",29.77,-2.41
"5cb3c93ebc3d-80","maize",29.77,-2.41
"5cb3c93ebc3d-81","maize",29.78,-2.4
"5cb3c93ebc3d-82","maize",29.75,-2.4
"5cb3c93ebc3d-83","maize",29.76,-2.42
"5cb3c93ebc3d-84","maize",29.78,-2.42
"5cb3c93ebc3d-85","maize",29.76,-2.41
"5cb3c93ebc3d-86","maize",29.77,-2.4
"5cb3c93ebc3d-87","maize",29.75,-2.42
"5cb3c93ebc3d-88","maize",29.75,-2.4
"5cb3c93ebc3d-89","maize",29.77,-2.42
"5cb3c93ebc3d-90","maize",29.77,-2.43
"5cb3c93ebc3d-91","maize",29.78,-2.41
"5cb3c93ebc3d-92","maize",29.15,-2.32
"5cb3c93ebc3d-93","maize",29.16,-2.33
"5cb3c93ebc3d-94","maize",29.14,-2.34
"5cb3c93ebc3d-95","maize",29.14,-2.34
"5cb3c93ebc3d-96","maize",29.17,-2.33
"5cb3c93ebc3d-97","maize",29.16,-2.35
"5cb3c93ebc3d-98","maize",29.15,-2.34
"5cb3c93ebc3d-99","maize",29.15,-2.34
"5cb3c93ebc3d-100","maize",29.14,-2.33
"5cb3c93ebc3d-101","maize",29.16,-2.32
"5cb3c93ebc3d-102","maize",29.15,-2.33
"5cb3c93ebc3d-103","maize",29.14,-2.32
"5cb3c93ebc3d-104","maize",29.17,-2.33
"5cb3c93ebc3d-105","maize",29.16,-2.34
"5cb3c93ebc3d-106","maize",29.16,-2.35
"5cb3c93ebc3d-107","maize",29.17,-2.34
"5cb3c93ebc3d-108","maize",29.16,-2.31
"5cb3c93ebc3d-109","maize",29.15,-2.35
"5cb3c93ebc3d-110","maize",29.15,-2.35
"5cb3c93ebc3d-111","maize",28.93,-2.55
"5cb3c93ebc3d-112","maize",28.93,-2.56
"5cb3c93ebc3d-113","maize",28.91,-2.55
"5cb3c93ebc3d-114","maize",28.93,-2.54
"5cb3c93ebc3d-115","maize",28.9,-2.55
"5cb3c93ebc3d-116","maize",28.93,-2.55
"5cb3c93ebc3d-117","maize",28.91,-2.54
"5cb3c93ebc3d-118","maize",28.93,-2.54
"5cb3c93ebc3d-119","maize",28.92,-2.54
"5cb3c93ebc3d-120","maize",28.91,-2.53
"5cb3c93ebc3d-121","maize",28.92,-2.54
"5cb3c93ebc3d-122","maize",28.92,-2.54
"5cb3c93ebc3d-123","maize",28.93,-2.54
"5cb3c93ebc3d-124","maize",28.92,-2.54
"5cb3c93ebc3d-125","maize",28.93,-2.55
"5cb3c93ebc3d-126","maize",29.41,-2.1
"5cb3c93ebc3d-127","maize",29.4,-2.12
"5cb3c93ebc3d-128","maize",29.41,-2.11
"5cb3c93ebc3d-129","maize",29.39,-2.11
"5cb3c93ebc3d-130","maize",29.41,-2.11
"5cb3c93ebc3d-131","maize",29.42,-2.09
"5cb3c93ebc3d-132","maize",29.4,-2.11
"5cb3c93ebc3d-133","maize",29.39,-2.11
"5cb3c93ebc3d-134","maize",29.39,-2.09
"5cb3c93ebc3d-135","maize",29.4,-2.12
"5cb3c93ebc3d-136","maize",29.4,-2.12
"5cb3c93ebc3d-137","maize",29.4,-2.11
"5cb3c93ebc3d-138","maize",29.41,-2.1
"5cb3c93ebc3d-139","maize",29.41,-2.09
"5cb3c93ebc3d-140","maize",29.42,-2.11
"5cb3c93ebc3d-141","maize",29.4,-2.11
"5cb3c93ebc3d-142","maize",29.38,-1.89
"5cb3c93ebc3d-143","maize",29.39,-1.88
"5cb3c93ebc3d-144","maize",29.39,-1.9
"5cb3c93ebc3d-145","maize",29.38,-1.9
"5cb3c93ebc3d-146","maize",29.4,-1.9
"5cb3c93ebc3d-147","maize",29.38,-1.9
"5cb3c93ebc3d-148","maize",29.38,-1.91
"5cb3c93ebc3d-149","maize",29.37,-1.9
"5cb3c93ebc3d-150","maize",29.39,-1.88
"5cb3c93ebc3d-151","maize",29.38,-1.89
"5cb3c93ebc3d-152","maize",29.39,-1.89
"5cb3c93ebc3d-153","maize",29.38,-1.9
"5cb3c93ebc3d-154","maize",29.38,-1.9
"5cb3c93ebc3d-155","maize",29.39,-1.89
"5cb3c93ebc3d-156","maize",29.38,-1.91
"5cb3c93ebc3d-157","maize",29.38,-1.9
"5cb3c93ebc3d-158","maize",29.37,-1.88
"5cb3c93ebc3d-159","maize",29.39,-1.91
"5cb3c93ebc3d-160","maize",29.39,-1.89
"5cb3c93ebc3d-161","maize",29.4,-1.9
"7964b0e4982e-1","maize",29.85,-1.49
"7964b0e4982e-2","maize",29.86,-1.5
"7964b0e4982e-3","maize",29.86,-1.5
"7964b0e4982e-4","maize",29.88,-1.5
"7964b0e4982e-5","maize",29.86,-1.49
"7964b0e4982e-6","maize",29.85,-1.51
"7964b0e4982e-7","maize",29.86,-1.49
"7964b0e4982e-8","maize",29.87,-1.49
"7964b0e4982e-9","maize",29.86,-1.52
"7964b0e4982e-10","maize",29.88,-1.5
"7964b0e4982e-11","maize",29.85,-1.51
"7964b0e4982e-12","maize",29.87,-1.49
"7964b0e4982e-13","maize",29.85,-1.5
"7964b0e4982e-14","maize",29.87,-1.5
"7964b0e4982e-15","maize",29.86,-1.51
"7964b0e4982e-16","maize",29.86,-1.52
"7964b0e4982e-17","maize",29.85,-1.5
"7964b0e4982e-18","maize",29.86,-1.53
"7964b0e4982e-19","maize",29.86,-1.5
"7964b0e4982e-20","maize",29.86,-1.52
"7964b0e4982e-21","maize",29.84,-1.5
"7964b0e4982e-22","maize",29.85,-1.49
"7964b0e4982e-23","maize",29.84,-1.5
"7964b0e4982e-24","maize",29.85,-1.5
"7964b0e4982e-25","maize",29.86,-1.49
"7964b0e4982e-26","maize",29.85,-1.51
"7964b0e4982e-27","maize",29.87,-1.52
"7964b0e4982e-28","maize",29.85,-1.5
"7964b0e4982e-29","maize",29.86,-1.51
"7964b0e4982e-30","maize",29.85,-1.49
"7964b0e4982e-31","maize",29.86,-1.5
"7964b0e4982e-32","maize",29.85,-1.52
"7964b0e4982e-33","maize",29.83,-1.49
"7964b0e4982e-34","maize",29.85,-1.49
"7964b0e4982e-35","maize",29.85,-1.49
"7964b0e4982e-36","maize",29.8,-1.52
"7964b0e4982e-37","maize",29.79,-1.51
"7964b0e4982e-38","maize",29.8,-1.52
"7964b0e4982e-39","maize",29.8,-1.52
"7964b0e4982e-40","maize",29.8,-1.5
"7964b0e4982e-41","maize",29.8,-1.5
"7964b0e4982e-42","maize",29.79,-1.52
"7964b0e4982e-43","maize",29.81,-1.51
"7964b0e4982e-44","maize",29.81,-1.51
"7964b0e4982e-45","maize",29.8,-1.51
"7964b0e4982e-46","maize",29.8,-1.52
"7964b0e4982e-47","maize",29.81,-1.52
"7964b0e4982e-48","maize",29.73,-1.45
"7964b0e4982e-49","maize",29.73,-1.43
"7964b0e4982e-50","maize",29.75,-1.44
"7964b0e4982e-51","maize",29.74,-1.43
"7964b0e4982e-52","maize",29.74,-1.44
"7964b0e4982e-53","maize",29.71,-1.43
"7964b0e4982e-54","maize",29.73,-1.44
"7964b0e4982e-55","maize",29.74,-1.43
"7964b0e4982e-56","maize",29.71,-1.43
"7964b0e4982e-57","maize",29.73,-1.44
"7964b0e4982e-58","maize",29.72,-1.44
"7964b0e4982e-59","maize",29.72,-1.44
"7964b0e4982e-60","maize",29.56,-1.48
"7964b0e4982e-61","maize",29.57,-1.48
"7964b0e4982e-62","maize",29.57,-1.49
"7964b0e4982e-63","maize",29.56,-1.48
"7964b0e4982e-64","maize",29.57,-1.49
"7964b0e4982e-65","maize",29.58,-1.48
"7964b0e4982e-66","maize",29.56,-1.49
"7964b0e4982e-67","maize",29.56,-1.49
"7964b0e4982e-68","maize",29.57,-1.48
"7964b0e4982e-69","maize",29.58,-1.49
"7964b0e4982e-70","maize",29.58,-1.49
"7964b0e4982e-71","maize",29.56,-1.48
"7964b0e4982e-72","maize",29.58,-1.48
"7964b0e4982e-73","maize",29.56,-1.48
"7964b0e4982e-74","maize",29.57,-1.48
"7964b0e4982e-75","maize",29.56,-1.47
"7964b0e4982e-76","maize",29.56,-1.49
"7964b0e4982e-77","maize",29.56,-1.48
"7964b0e4982e-78","maize",29.57,-1.48
"7964b0e4982e-79","maize",29.58,-1.48
"7964b0e4982e-80","maize",29.55,-1.47
"7964b0e4982e-81","maize",29.55,-1.46
"7964b0e4982e-82","maize",29.55,-1.47
"7964b0e4982e-83","maize",29.54,-1.47
"7964b0e4982e-84","maize",29.56,-1.47
"7964b0e4982e-85","maize",29.54,-1.48
"7964b0e4982e-86","maize",29.55,-1.47
"7964b0e4982e-87","maize",29.55,-1.48
"7964b0e4982e-88","maize",29.54,-1.48
"7964b0e4982e-89","maize",29.54,-1.48
"7964b0e4982e-90","maize",29.55,-1.46
"7964b0e4982e-91","maize",29.57,-1.48
"7964b0e4982e-92","maize",29.55,-1.48
"7964b0e4982e-93","maize",29.55,-1.46
"7964b0e4982e-94","maize",29.55,-1.48
"7964b0e4982e-95","maize",29.55,-1.48
"7964b0e4982e-96","maize",29.54,-1.46
"7964b0e4982e-97","maize",29.55,-1.46
"7964b0e4982e-98","maize",29.55,-1.48
"7964b0e4982e-99","maize",29.54,-1.48
"7964b0e4982e-100","maize",29.49,-2.5
"7964b0e4982e-101","maize",29.49,-2.49
"7964b0e4982e-102","maize",29.5,-2.48
"7964b0e4982e-103","maize",29.5,-2.48
"7964b0e4982e-104","maize",29.48,-2.49
"7964b0e4982e-105","maize",29.48,-2.48
"7964b0e4982e-106","maize",29.48,-2.48
"7964b0e4982e-107","maize",29.49,-2.48
"7964b0e4982e-108","maize",29.48,-2.48
"7964b0e4982e-109","maize",29.49,-2.49
"7964b0e4982e-110","maize",29.49,-2.49
"7964b0e4982e-111","maize",29.47,-2.48
"7964b0e4982e-112","maize",29.51,-2.5
"7964b0e4982e-113","maize",29.48,-2.5
"7964b0e4982e-114","maize",29.48,-2.5
"7964b0e4982e-115","maize",29.5,-2.5
"7964b0e4982e-116","maize",29.48,-2.49
"7964b0e4982e-117","maize",29.48,-2.49
"7964b0e4982e-118","maize",29.49,-2.5
"7964b0e4982e-119","maize",29.49,-2.5
"7964b0e4982e-120","maize",29.5,-2.51
"7964b0e4982e-121","maize",29.48,-2.5
"7964b0e4982e-122","maize",29.49,-2.5
"7964b0e4982e-123","maize",29.5,-2.49
"7964b0e4982e-124","maize",29.47,-2.04
"7964b0e4982e-125","maize",29.48,-2.02
"7964b0e4982e-126","maize",29.47,-2.03
"7964b0e4982e-127","maize",29.49,-2.03
"7964b0e4982e-128","maize",29.47,-2.03
"7964b0e4982e-129","maize",29.48,-2.03
"7964b0e4982e-130","maize",29.47,-2.04
"7964b0e4982e-131","maize",29.48,-2.03
"7964b0e4982e-132","maize",29.48,-2.04
"7964b0e4982e-133","maize",29.48,-2.03
"7964b0e4982e-134","maize",29.48,-2.03
"7964b0e4982e-135","maize",29.48,-2.03
"7964b0e4982e-136","maize",29.54,-2.08
"7964b0e4982e-137","maize",29.55,-2.08
"7964b0e4982e-138","maize",29.55,-2.07
"7964b0e4982e-139","maize",29.56,-2.08
"7964b0e4982e-140","maize",29.55,-2.08
"7964b0e4982e-141","maize",29.56,-2.07
"7964b0e4982e-142","maize",29.56,-2.06
"7964b0e4982e-143","maize",29.56,-2.06
"7964b0e4982e-144","maize",29.55,-2.09
"7964b0e4982e-145","maize",29.56,-2.07
"7964b0e4982e-146","maize",29.57,-2.07
"7964b0e4982e-147","maize",29.56,-2.07
"7964b0e4982e-148","maize",29.41,-1.91
"7964b0e4982e-149","maize",29.41,-1.92
"7964b0e4982e-150","maize",29.39,-1.91
"7964b0e4982e-151","maize",29.4,-1.92
"7964b0e4982e-152","maize",29.4,-1.93
"7964b0e4982e-153","maize",29.41,-1.91
"7964b0e4982e-154","maize",29.38,-1.92
"7964b0e4982e-155","maize",29.41,-1.93
"7964b0e4982e-156","maize",29.4,-1.91
"7964b0e4982e-157","maize",29.4,-1.91
"7964b0e4982e-158","maize",29.42,-1.92
"7964b0e4982e-159","maize",29.4,-1.91
"7964b0e4982e-160","maize",29.39,-1.93
"7964b0e4982e-161","maize",29.41,-1.92
"2f16e9c6a9f9-1","forages",29.86,-1.49
"2f16e9c6a9f9-2","forages",29.86,-1.49
"2f16e9c6a9f9-3","forages",29.86,-1.52
"2f16e9c6a9f9-4","forages",29.87,-1.51
"2f16e9c6a9f9-5","forages",29.85,-1.49
"2f16e9c6a9f9-6","forages",29.86,-1.49
"2f16e9c6a9f9-7","forages",29.86,-1.5
"2f16e9c6a9f9-8","forages",29.85,-1.51
"2f16e9c6a9f9-9","forages",29.88,-1.5
"2f16e9c6a9f9-10","forages",29.86,-1.51
"2f16e9c6a9f9-11","forages",29.86,-1.51
"2f16e9c6a9f9-12","forages",29.86,-1.51
"2f16e9c6a9f9-13","forages",29.89,-1.49
"2f16e9c6a9f9-14","forages",29.86,-1.51
"2f16e9c6a9f9-15","forages",29.85,-1.48
"2f16e9c6a9f9-16","forages",29.84,-1.49
"2f16e9c6a9f9-17","forages",29.86,-1.51
"2f16e9c6a9f9-18","forages",29.86,-1.49
"2f16e9c6a9f9-19","forages",29.87,-1.51
"2f16e9c6a9f9-20","forages",29.86,-1.51
"2f16e9c6a9f9-21","forages",29.8,-1.53
"2f16e9c6a9f9-22","forages",29.81,-1.5
"2f16e9c6a9f9-23","forages",29.81,-1.5
"2f16e9c6a9f9-24","forages",29.81,-1.53
"2f16e9c6a9f9-25","forages",29.8,-1.52
"2f16e9c6a9f9-26","forages",29.8,-1.52
"2f16e9c6a9f9-27","forages",29.8,-1.5
"2f16e9c6a9f9-28","forages",29.8,-1.52
"2f16e9c6a9f9-29","forages",29.81,-1.5
"2f16e9c6a9f9-30","forages",29.8,-1.5
"2f16e9c6a9f9-31","forages",29.81,-1.52
"2f16e9c6a9f9-32","forages",29.79,-1.52
"2f16e9c6a9f9-33","forages",29.81,-1.52
"2f16e9c6a9f9-34","forages",29.78,-1.52
"2f16e9c6a9f9-35","forages",29.79,-1.51
"2f16e9c6a9f9-36","forages",29.8,-1.51
"2f16e9c6a9f9-37","forages",29.8,-1.53
"2f16e9c6a9f9-38","forages",29.79,-1.52
"2f16e9c6a9f9-39","forages",29.8,-1.5
"2f16e9c6a9f9-40","forages",29.79,-1.52
"2f16e9c6a9f9-41","forages",29.74,-1.43
"2f16e9c6a9f9-42","forages",29.75,-1.44
"2f16e9c6a9f9-43","forages",29.72,-1.42
"2f16e9c6a9f9-44","forages",29.72,-1.45
"2f16e9c6a9f9-45","forages",29.73,-1.44
"2f16e9c6a9f9-46","forages",29.73,-1.44
"2f16e9c6a9f9-47","forages",29.72,-1.44
"2f16e9c6a9f9-48","forages",29.74,-1.43
"2f16e9c6a9f9-49","forages",29.73,-1.44
"2f16e9c6a9f9-50","forages",29.74,-1.44
"2f16e9c6a9f9-51","forages",29.73,-1.44
"2f16e9c6a9f9-52","forages",29.72,-1.44
"2f16e9c6a9f9-53","forages",29.72,-1.44
"2f16e9c6a9f9-54","forages",29.75,-1.45
"2f16e9c6a9f9-55","forages",29.71,-1.42
"2f16e9c6a9f9-56","forages",29.74,-1.44
"2f16e9c6a9f9-57","forages",29.72,-1.42
"2f16e9c6a9f9-58","forages",29.74,-1.44
"2f16e9c6a9f9-59","forages",29.73,-1.43
"2f16e9c6a9f9-60","forages",29.73,-1.44
"2f16e9c6a9f9-61","forages",29.56,-1.46
"2f16e9c6a9f9-62","forages",29.57,-1.48
"2f16e9c6a9f9-63","forages",29.57,-1.47
"2f16e9c6a9f9-64","forages",29.56,-1.49
"2f16e9c6a9f9-65","forages",29.55,-1.49
"2f16e9c6a9f9-66","forages",29.56,-1.48
"2f16e9c6a9f9-67","forages",29.56,-1.48
"2f16e9c6a9f9-68","forages",29.58,-1.48
"2f16e9c6a9f9-69","forages",29.57,-1.48
"2f16e9c6a9f9-70","forages",29.57,-1.47
"2f16e9c6a9f9-71","forages",29.56,-1.49
"2f16e9c6a9f9-72","forages",29.58,-1.49
"2f16e9c6a9f9-73","forages",29.58,-1.49
"2f16e9c6a9f9-74","forages",29.58,-1.48
"2f16e9c6a9f9-75","forages",29.56,-1.48
"2f16e9c6a9f9-76","forages",29.57,-1.47
"2f16e9c6a9f9-77","forages",29.55,-1.48
"2f16e9c6a9f9-78","forages",29.57,-1.48
"2f16e9c6a9f9-79","forages",29.56,-1.49
"2f16e9c6a9f9-80","forages",29.56,-1.49
"2f16e9c6a9f9-81","forages",29.5,-2.49
"2f16e9c6a9f9-82","forages",29.5,-2.51
"2f16e9c6a9f9-83","forages",29.51,-2.49
"2f16e9c6a9f9-84","forages",29.49,-2.5
"2f16e9c6a9f9-85","forages",29.51,-2.5
"2f16e9c6a9f9-86","forages",29.49,-2.49
"2f16e9c6a9f9-87","forages",29.48,-2.49
"2f16e9c6a9f9-88","forages",29.5,-2.51
"2f16e9c6a9f9-89","forages",29.49,-2.48
"2f16e9c6a9f9-90","forages",29.49,-2.49
"2f16e9c6a9f9-91","forages",29.49,-2.5
"2f16e9c6a9f9-92","forages",29.5,-2.49
"2f16e9c6a9f9-93","forages",29.5,-2.49
"2f16e9c6a9f9-94","forages",29.5,-2.5
"2f16e9c6a9f9-95","forages",29.49,-2.48
"2f16e9c6a9f9-96","forages",29.47,-2.04
"2f16e9c6a9f9-97","forages",29.46,-2.04
"2f16e9c6a9f9-98","forages",29.48,-2.02
"2f16e9c6a9f9-99","forages",29.48,-2.03
"2f16e9c6a9f9-100","forages",29.47,-2.02
"2f16e9c6a9f9-101","forages",29.49,-2.05
"2f16e9c6a9f9-102","forages",29.49,-2.04
"2f16e9c6a9f9-103","forages",29.47,-2.03
"2f16e9c6a9f9-104","forages",29.48,-2.02
"2f16e9c6a9f9-105","forages",29.47,-2.04
"2f16e9c6a9f9-106","forages",29.47,-2.03
"2f16e9c6a9f9-107","forages",29.49,-2.03
"2f16e9c6a9f9-108","forages",29.46,-2.04
"2f16e9c6a9f9-109","forages",29.47,-2.03
"2f16e9c6a9f9-110","forages",29.48,-2.04
"2f16e9c6a9f9-111","forages",29.49,-2.03
"2f16e9c6a9f9-112","forages",29.46,-2.04
"2f16e9c6a9f9-113","forages",29.46,-2.04
"2f16e9c6a9f9-114","forages",29.39,-1.92
"2f16e9c6a9f9-115","forages",29.42,-1.92
"2f16e9c6a9f9-116","forages",29.39,-1.91
"2f16e9c6a9f9-117","forages",29.42,-1.93
"2f16e9c6a9f9-118","forages",29.39,-1.92
"2f16e9c6a9f9-119","forages",29.4,-1.92
"2f16e9c6a9f9-120","forages",29.39,-1.91
"2f16e9c6a9f9-121","forages",29.41,-1.92
"2f16e9c6a9f9-122","forages",29.41,-1.93
"2f16e9c6a9f9-123","forages",29.4,-1.91
"2f16e9c6a9f9-124","forages",29.4,-1.93
"2f16e9c6a9f9-125","forages",29.4,-1.92
"2f16e9c6a9f9-126","forages",29.4,-1.91
"2f16e9c6a9f9-127","forages",29.4,-1.93
"2f16e9c6a9f9-128","forages",29.41,-1.93
"2f16e9c6a9f9-129","forages",29.41,-1.93
"2f16e9c6a9f9-130","forages",29.41,-1.91
"2f16e9c6a9f9-131","forages",30.49,-2.07
"2f16e9c6a9f9-132","forages",30.5,-2.07
"2f16e9c6a9f9-133","forages",30.5,-2.08
"2f16e9c6a9f9-134","forages",30.52,-2.08
"2f16e9c6a9f9-135","forages",30.52,-2.08
"2f16e9c6a9f9-136","forages",30.51,-2.07
"2f16e9c6a9f9-137","forages",30.5,-2.06
"2f16e9c6a9f9-138","forages",30.51,-2.06
"2f16e9c6a9f9-139","forages",30.5,-2.07
"2f16e9c6a9f9-140","forages",30.49,-2.06
"2f16e9c6a9f9-141","forages",30.48,-2.07
"2f16e9c6a9f9-142","forages",30.52,-2.07
"2f16e9c6a9f9-143","forages",30.32,-1.68
"2f16e9c6a9f9-144","forages",30.32,-1.67
"2f16e9c6a9f9-145","forages",30.3,-1.68
"2f16e9c6a9f9-146","forages",30.3,-1.68
"2f16e9c6a9f9-147","forages",30.32,-1.68
"2f16e9c6a9f9-148","forages",30.3,-1.68
"2f16e9c6a9f9-149","forages",30.31,-1.66
"2f16e9c6a9f9-150","forages",30.31,-1.67
"2f16e9c6a9f9-151","forages",30.31,-1.67
"2f16e9c6a9f9-152","forages",30.31,-1.67
"2f16e9c6a9f9-153","forages",30.32,-1.68
"2f16e9c6a9f9-154","forages",30.31,-1.69
"2f16e9c6a9f9-155","forages",30.51,-1.79
"2f16e9c6a9f9-156","forages",30.52,-1.78
"2f16e9c6a9f9-157","forages",30.52,-1.78
"2f16e9c6a9f9-158","forages",30.51,-1.77
"2f16e9c6a9f9-159","forages",30.51,-1.8
"2f16e9c6a9f9-160","forages",30.52,-1.79
"2f16e9c6a9f9-161","forages",30.52,-1.78
"2f16e9c6a9f9-162","forages",30.52,-1.78
"2f16e9c6a9f9-163","forages",30.52,-1.8
"2f16e9c6a9f9-164","forages",30.52,-1.77
"2f16e9c6a9f9-165","forages",30.53,-1.8
"2f16e9c6a9f9-166","forages",30.51,-1.77
"2f16e9c6a9f9-167","forages",30.52,-1.77
"2f16e9c6a9f9-168","forages",30.52,-1.77
"2f16e9c6a9f9-169","forages",30.5,-1.78
"2f16e9c6a9f9-170","forages",30.59,-1.8
"2f16e9c6a9f9-171","forages",30.59,-1.81
"2f16e9c6a9f9-172","forages",30.59,-1.81
"2f16e9c6a9f9-173","forages",30.58,-1.8
"2f16e9c6a9f9-174","forages",30.59,-1.82
"2f16e9c6a9f9-175","forages",30.58,-1.81
"2f16e9c6a9f9-176","forages",30.58,-1.8
"2f16e9c6a9f9-177","forages",30.58,-1.82
"2f16e9c6a9f9-178","forages",30.59,-1.81
"2f16e9c6a9f9-179","forages",30.58,-1.81
"2f16e9c6a9f9-180","forages",30.59,-1.81
"2f16e9c6a9f9-181","forages",30.59,-1.81
"2f16e9c6a9f9-182","forages",30.56,-1.81
"2f16e9c6a9f9-183","forages",30.57,-1.8
"2f16e9c6a9f9-184","forages",30.59,-1.8
"2f16e9c6a9f9-185","forages",30.18,-2.11
"2f16e9c6a9f9-186","forages",30.18,-2.1
"2f16e9c6a9f9-187","forages",30.18,-2.12
"2f16e9c6a9f9-188","forages",30.2,-2.1
"2f16e9c6a9f9-189","forages",30.18,-2.11
"2f16e9c6a9f9-190","forages",30.18,-2.11
"2f16e9c6a9f9-191","forages",30.18,-2.1
"2f16e9c6a9f9-192","forages",30.19,-2.12
"2f16e9c6a9f9-193","forages",30.19,-2.12
"2f16e9c6a9f9-194","forages",30.2,-2.11
"2f16e9c6a9f9-195","forages",30.2,-2.12
"2f16e9c6a9f9-196","forages",30.18,-2.12
"2f16e9c6a9f9-197","forages",30.3,-1.45
"2f16e9c6a9f9-198","forages",30.29,-1.43
"2f16e9c6a9f9-199","forages",30.29,-1.43
"2f16e9c6a9f9-200","forages",30.29,-1.44
"2f16e9c6a9f9-201","forages",30.29,-1.44
"2f16e9c6a9f9-202","forages",30.3,-1.43
"2f16e9c6a9f9-203","forages",30.31,-1.44
"2f16e9c6a9f9-204","forages",30.29,-1.44
"2f16e9c6a9f9-205","forages",30.29,-1.42
"2f16e9c6a9f9-206","forages",30.28,-1.43
"2f16e9c6a9f9-207","forages",29.9,-2.46
"2f16e9c6a9f9-208","forages",29.91,-2.47
"2f16e9c6a9f9-209","forages",29.9,-2.45
"2f16e9c6a9f9-210","forages",29.91,-2.47
"2f16e9c6a9f9-211","forages",29.92,-2.46
"2f16e9c6a9f9-212","forages",29.92,-2.47
"2f16e9c6a9f9-213","forages",29.92,-2.48
"2f16e9c6a9f9-214","forages",29.9,-2.46
"2f16e9c6a9f9-215","forages",29.91,-2.46
"2f16e9c6a9f9-216","forages",29.92,-2.46
"2f16e9c6a9f9-217","forages",29.92,-2.48
"2f16e9c6a9f9-218","forages",29.76,-2.55
"2f16e9c6a9f9-219","forages",29.77,-2.56
"2f16e9c6a9f9-220","forages",29.74,-2.55
"2f16e9c6a9f9-221","forages",29.75,-2.55
"2f16e9c6a9f9-222","forages",29.77,-2.54
"2f16e9c6a9f9-223","forages",29.76,-2.54
"2f16e9c6a9f9-224","forages",29.75,-2.56
"2f16e9c6a9f9-225","forages",29.77,-2.56
"2f16e9c6a9f9-226","forages",29.76,-2.55
"2f16e9c6a9f9-227","forages",29.76,-2.55
"2f16e9c6a9f9-228","forages",29.75,-2.54
"2f16e9c6a9f9-229","forages",29.75,-2.56
"2f16e9c6a9f9-230","forages",29.77,-2.56
"2f16e9c6a9f9-231","forages",29.75,-2.56
"2f16e9c6a9f9-232","forages",29.74,-2.55
"2f16e9c6a9f9-233","forages",29.74,-2.55
"2f16e9c6a9f9-234","forages",29.75,-2.56
"2f16e9c6a9f9-235","forages",29.86,-2.33
"2f16e9c6a9f9-236","forages",29.87,-2.32
"2f16e9c6a9f9-237","forages",29.86,-2.32
"2f16e9c6a9f9-238","forages",29.87,-2.32
"2f16e9c6a9f9-239","forages",29.86,-2.32
"2f16e9c6a9f9-240","forages",29.88,-2.32
"2f16e9c6a9f9-241","forages",29.85,-2.34
"2f16e9c6a9f9-242","forages",29.87,-2.34
"2f16e9c6a9f9-243","forages",29.88,-2.34
"2f16e9c6a9f9-244","forages",29.87,-2.32
"2f16e9c6a9f9-245","forages",29.89,-2.32
"2f16e9c6a9f9-246","forages",29.88,-2.32
"2f16e9c6a9f9-247","forages",29.86,-2.32
"2f16e9c6a9f9-248","forages",29.1,-2.35
"2f16e9c6a9f9-249","forages",29.09,-2.35
"2f16e9c6a9f9-250","forages",29.09,-2.37
"2f16e9c6a9f9-251","forages",29.16,-2.35
"2f16e9c6a9f9-252","forages",29.16,-2.34
"2f16e9c6a9f9-253","forages",29.09,-2.35
"2f16e9c6a9f9-254","forages",29.15,-2.34
"2f16e9c6a9f9-255","forages",29.1,-2.35
"2f16e9c6a9f9-256","forages",29.15,-2.33
"2f16e9c6a9f9-257","forages",29.15,-2.34
"2f16e9c6a9f9-258","forages",29.15,-2.31
"2f16e9c6a9f9-259","forages",29.16,-2.29
"2f16e9c6a9f9-260","forages",29.15,-2.28
"2f16e9c6a9f9-261","forages",29.14,-2.28
"2f16e9c6a9f9-262","forages",29.16,-2.28
"2f16e9c6a9f9-263","forages",29.15,-2.31
"2f16e9c6a9f9-264","forages",29.14,-2.29
"2f16e9c6a9f9-265","forages",29.15,-2.28
"2f16e9c6a9f9-266","forages",29.16,-2.27
"2f16e9c6a9f9-267","forages",29.17,-2.28
"2f16e9c6a9f9-268","forages",29.04,-2.69
"2f16e9c6a9f9-269","forages",29.04,-2.71
"2f16e9c6a9f9-270","forages",29.05,-2.67
"2f16e9c6a9f9-271","forages",29.03,-2.67
"2f16e9c6a9f9-272","forages",29.04,-2.69
"2f16e9c6a9f9-273","forages",29.04,-2.68
"2f16e9c6a9f9-274","forages",29.03,-2.68
"2f16e9c6a9f9-275","forages",29.04,-2.67
"2f16e9c6a9f9-276","forages",29.04,-2.68
"2f16e9c6a9f9-277","forages",29.05,-2.68
"2f16e9c6a9f9-278","forages",29.01,-2.38
"2f16e9c6a9f9-279","forages",29.02,-2.37
"2f16e9c6a9f9-280","forages",29.02,-2.37
"2f16e9c6a9f9-281","forages",29.03,-2.38
"2f16e9c6a9f9-282","forages",29.03,-2.39
"2f16e9c6a9f9-283","forages",29.02,-2.38
"2f16e9c6a9f9-284","forages",29.03,-2.39
"2f16e9c6a9f9-285","forages",29.01,-2.39
"2f16e9c6a9f9-286","forages",29.03,-2.39
"2f16e9c6a9f9-287","forages",29.01,-2.4
"2f16e9c6a9f9-288","forages",29.01,-2.39
"2f16e9c6a9f9-289","forages",29.02,-2.39
"2f16e9c6a9f9-290","forages",29.01,-2.39
"2f16e9c6a9f9-291","forages",29.01,-2.4
"2f16e9c6a9f9-292","forages",29.01,-2.38
"2f16e9c6a9f9-293","forages",29.02,-2.38
"2f16e9c6a9f9-294","forages",29.02,-2.39
"2f16e9c6a9f9-295","forages",29.02,-2.38
"2f16e9c6a9f9-296","forages",29.01,-2.38
"2f16e9c6a9f9-297","forages",29,-2.38
"2f16e9c6a9f9-298","forages",28.88,-2.51
"2f16e9c6a9f9-299","forages",28.9,-2.5
"2f16e9c6a9f9-300","forages",28.89,-2.51
"2f16e9c6a9f9-301","forages",28.89,-2.51
"2f16e9c6a9f9-302","forages",28.9,-2.5
"2f16e9c6a9f9-303","forages",28.88,-2.52
"2f16e9c6a9f9-304","forages",28.89,-2.5
"2f16e9c6a9f9-305","forages",28.9,-2.51
"2f16e9c6a9f9-306","forages",28.89,-2.49
"2f16e9c6a9f9-307","forages",28.88,-2.49
"2f16e9c6a9f9-308","forages",28.89,-2.51
"2f16e9c6a9f9-309","forages",28.89,-2.5
"2f16e9c6a9f9-310","forages",28.91,-2.49
"2f16e9c6a9f9-311","forages",28.88,-2.52
"2f16e9c6a9f9-312","forages",28.9,-2.5
"2f16e9c6a9f9-313","forages",28.88,-2.51
"2f16e9c6a9f9-314","forages",28.88,-2.52
"2f16e9c6a9f9-315","forages",28.89,-2.52
"2f16e9c6a9f9-316","forages",28.88,-2.51
"2f16e9c6a9f9-317","forages",28.89,-2.5
"2f16e9c6a9f9-318","forages",29.41,-2.12
"2f16e9c6a9f9-319","forages",29.4,-2.1
"2f16e9c6a9f9-320","forages",29.41,-2.09
"2f16e9c6a9f9-321","forages",29.42,-2.11
"2f16e9c6a9f9-322","forages",29.41,-2.1
"2f16e9c6a9f9-323","forages",29.39,-2.1
"2f16e9c6a9f9-324","forages",29.41,-2.1
"2f16e9c6a9f9-325","forages",29.41,-2.11
"2f16e9c6a9f9-326","forages",29.41,-2.1
"2f16e9c6a9f9-327","forages",29.41,-2.1
"2f16e9c6a9f9-328","forages",29.41,-2.09
"2f16e9c6a9f9-329","forages",29.41,-2.12
"2f16e9c6a9f9-330","forages",29.4,-2.1
"2f16e9c6a9f9-331","forages",29.41,-2.09
"2f16e9c6a9f9-332","forages",29.41,-2.11
"2f16e9c6a9f9-333","forages",29.39,-2.09
"2f16e9c6a9f9-334","forages",29.4,-2.09
"2f16e9c6a9f9-335","forages",29.41,-2.12
"2f16e9c6a9f9-336","forages",29.41,-2.11
"2f16e9c6a9f9-337","forages",29.4,-2.1
"2f16e9c6a9f9-338","forages",29.68,-1.6
"2f16e9c6a9f9-339","forages",29.68,-1.59
"2f16e9c6a9f9-340","forages",29.67,-1.58
"2f16e9c6a9f9-341","forages",29.67,-1.59
"2f16e9c6a9f9-342","forages",29.69,-1.6
"2f16e9c6a9f9-343","forages",29.68,-1.58
"2f16e9c6a9f9-344","forages",29.67,-1.59
"2f16e9c6a9f9-345","forages",29.67,-1.56
"2f16e9c6a9f9-346","forages",29.67,-1.58
"2f16e9c6a9f9-347","forages",29.67,-1.59
"065041c60456-1","chilipepper",2.62,6.95
"065041c60456-2","chilipepper",2.64,6.99
"065041c60456-3","chilipepper",2.6,6.99
"065041c60456-4","chilipepper",2.62,6.99
"065041c60456-5","chilipepper",2.61,6.99
"065041c60456-6","chilipepper",2.61,7
"065041c60456-7","chilipepper",2.62,7
"065041c60456-8","chilipepper",2.6,6.9
"065041c60456-9","chilipepper",2.61,6.89
"065041c60456-10","chilipepper",2.63,6.89
"065041c60456-11","chilipepper",2.59,6.99
"065041c60456-12","chilipepper",2.61,6.89
"065041c60456-13","chilipepper",2.61,6.89
"065041c60456-14","chilipepper",2.62,7
"065041c60456-15","chilipepper",2.62,6.87
"065041c60456-16","chilipepper",2.61,6.98
"065041c60456-17","chilipepper",2.61,6.89
"065041c60456-18","chilipepper",2.62,6.89
"065041c60456-19","chilipepper",2.61,7
"065041c60456-20","chilipepper",2.6,6.99
"065041c60456-21","chilipepper",2.6,6.99
"065041c60456-22","chilipepper",2.59,7
"065041c60456-23","chilipepper",2.6,6.99
"065041c60456-24","chilipepper",2.58,6.98
"065041c60456-25","chilipepper",2.57,7.1
"065041c60456-26","chilipepper",2.64,6.92
"065041c60456-27","chilipepper",2.58,7.09
"065041c60456-28","chilipepper",2.62,6.99
"065041c60456-29","chilipepper",2.62,6.9
"065041c60456-30","chilipepper",2.62,6.88
"065041c60456-31","chilipepper",2.53,6.92
"065041c60456-32","chilipepper",2.54,7.2
"065041c60456-33","chilipepper",2.61,6.9
"065041c60456-34","chilipepper",2.61,6.88
"065041c60456-35","chilipepper",2.61,7
"065041c60456-36","chilipepper",2.61,6.99
"065041c60456-37","chilipepper",2.63,6.88
"065041c60456-38","chilipepper",2.62,6.9
"065041c60456-39","chilipepper",2.62,6.86
"065041c60456-40","chilipepper",2.53,7.22
"065041c60456-41","chilipepper",2.63,6.99
"065041c60456-42","chilipepper",2.65,7
"065041c60456-43","chilipepper",2.55,6.93
"065041c60456-44","chilipepper",2.61,6.98
"065041c60456-45","chilipepper",2.54,6.91
"065041c60456-46","chilipepper",2.52,6.92
"065041c60456-47","chilipepper",2.61,6.98
"065041c60456-48","chilipepper",2.61,6.99
"065041c60456-49","chilipepper",2.52,6.92
"065041c60456-50","chilipepper",2.53,7.19
"065041c60456-51","chilipepper",2.53,6.78
"065041c60456-52","chilipepper",2.54,6.79
"065041c60456-53","chilipepper",2.47,6.75
"065041c60456-54","chilipepper",2.48,6.71
"065041c60456-55","chilipepper",2.49,6.71
"065041c60456-56","chilipepper",2.47,6.75
"065041c60456-57","chilipepper",2.52,6.64
"065041c60456-58","chilipepper",2.54,6.8
"065041c60456-59","chilipepper",2.52,6.65
"065041c60456-60","chilipepper",2.54,6.65
"065041c60456-61","chilipepper",2.51,6.62
"065041c60456-62","chilipepper",2.52,6.64
"065041c60456-63","chilipepper",2.53,6.58
"065041c60456-64","chilipepper",2.49,6.71
"065041c60456-65","chilipepper",2.53,6.63
"065041c60456-66","chilipepper",2.56,6.62
"065041c60456-67","chilipepper",2.54,6.61
"065041c60456-68","chilipepper",2.53,6.65
"065041c60456-69","chilipepper",2.51,6.78
"065041c60456-70","chilipepper",2.51,6.77
"065041c60456-71","chilipepper",2.53,6.66
"065041c60456-72","chilipepper",2.53,6.77
"065041c60456-73","chilipepper",2.51,6.66
"065041c60456-74","chilipepper",2.5,6.67
"065041c60456-75","chilipepper",2.51,6.67
"065041c60456-76","chilipepper",2.52,6.67
"065041c60456-77","chilipepper",2.51,6.66
"065041c60456-78","chilipepper",2.52,6.63
"065041c60456-79","chilipepper",2.52,6.63
"065041c60456-80","chilipepper",2.52,6.64
"065041c60456-81","chilipepper",2.5,6.64
"065041c60456-82","chilipepper",2.5,6.63
"065041c60456-83","chilipepper",2.51,6.63
"065041c60456-84","chilipepper",2.48,6.73
"065041c60456-85","chilipepper",2.48,6.72
"065041c60456-86","chilipepper",2.5,6.66
"065041c60456-87","chilipepper",2.5,6.66
"065041c60456-88","chilipepper",2.51,6.66
"065041c60456-89","chilipepper",2.49,6.64
"065041c60456-90","chilipepper",2.5,6.67
"065041c60456-91","chilipepper",2.51,6.7
"065041c60456-92","chilipepper",2.51,6.68
"065041c60456-93","chilipepper",2.47,6.81
"065041c60456-94","chilipepper",2.49,6.79
"065041c60456-95","chilipepper",2.5,6.67
"065041c60456-96","chilipepper",2.51,6.65
"065041c60456-97","chilipepper",2.51,6.66
"065041c60456-98","chilipepper",2.51,6.67
"065041c60456-99","chilipepper",2.51,6.67
"065041c60456-100","chilipepper",2.53,6.66
"065041c60456-101","chilipepper",1.98,6.66
"065041c60456-102","chilipepper",2.01,6.72
"065041c60456-103","chilipepper",1.97,6.63
"065041c60456-104","chilipepper",1.94,6.59
"065041c60456-105","chilipepper",1.99,6.63
"065041c60456-106","chilipepper",1.97,6.63
"065041c60456-107","chilipepper",1.96,6.65
"065041c60456-108","chilipepper",1.98,6.65
"065041c60456-109","chilipepper",1.97,6.66
"065041c60456-110","chilipepper",1.97,6.67
"065041c60456-111","chilipepper",1.99,6.64
"065041c60456-112","chilipepper",1.98,6.66
"065041c60456-113","chilipepper",1.96,6.64
"065041c60456-114","chilipepper",1.98,6.65
"065041c60456-115","chilipepper",1.98,6.64
"065041c60456-116","chilipepper",1.98,6.63
"065041c60456-117","chilipepper",1.99,6.63
"065041c60456-118","chilipepper",1.97,6.65
"065041c60456-119","chilipepper",1.97,6.64
"065041c60456-120","chilipepper",1.98,6.66
"065041c60456-121","chilipepper",1.99,6.64
"065041c60456-122","chilipepper",1.98,6.65
"065041c60456-123","chilipepper",2,6.68
"065041c60456-124","chilipepper",1.97,6.65
"065041c60456-125","chilipepper",2.02,6.72
"065041c60456-126","chilipepper",1.98,6.67
"065041c60456-127","chilipepper",2.02,6.72
"065041c60456-128","chilipepper",2.02,6.72
"065041c60456-129","chilipepper",2.02,6.71
"065041c60456-130","chilipepper",2.03,6.73
"065041c60456-131","chilipepper",1.97,6.64
"065041c60456-132","chilipepper",1.98,6.63
"065041c60456-133","chilipepper",1.97,6.65
"065041c60456-134","chilipepper",1.94,6.59
"065041c60456-135","chilipepper",1.98,6.55
"065041c60456-136","chilipepper",1.95,6.59
"065041c60456-137","chilipepper",1.99,6.65
"065041c60456-138","chilipepper",1.99,6.66
"065041c60456-139","chilipepper",1.98,6.65
"065041c60456-140","chilipepper",1.98,6.66
"065041c60456-141","chilipepper",1.93,6.59
"065041c60456-142","chilipepper",1.99,6.66
"065041c60456-143","chilipepper",1.98,6.67
"065041c60456-144","chilipepper",2.02,6.71
"065041c60456-145","chilipepper",2.02,6.71
"065041c60456-146","chilipepper",2.01,6.72
"065041c60456-147","chilipepper",2.03,6.7
"065041c60456-148","chilipepper",1.97,6.63
"065041c60456-149","chilipepper",1.98,6.66
"065041c60456-150","chilipepper",2.03,6.72
"065041c60456-151","chilipepper",1.72,6.59
"065041c60456-152","chilipepper",1.72,6.62
"065041c60456-153","chilipepper",1.76,6.63
"065041c60456-154","chilipepper",1.71,6.6
"065041c60456-155","chilipepper",1.76,6.62
"065041c60456-156","chilipepper",1.78,6.64
"065041c60456-157","chilipepper",1.76,6.63
"065041c60456-158","chilipepper",1.7,6.62
"065041c60456-159","chilipepper",1.71,6.61
"065041c60456-160","chilipepper",1.73,6.6
"065041c60456-161","chilipepper",1.71,6.6
"065041c60456-162","chilipepper",1.72,6.61
"065041c60456-163","chilipepper",1.72,6.61
"065041c60456-164","chilipepper",1.72,6.6
"065041c60456-165","chilipepper",1.72,6.61
"065041c60456-166","chilipepper",1.71,6.56
"065041c60456-167","chilipepper",1.64,6.66
"065041c60456-168","chilipepper",1.7,6.6
"065041c60456-169","chilipepper",1.74,6.65
"065041c60456-170","chilipepper",1.73,6.64
"065041c60456-171","chilipepper",1.68,6.6
"065041c60456-172","chilipepper",1.74,6.58
"065041c60456-173","chilipepper",1.72,6.6
"065041c60456-174","chilipepper",1.74,6.59
"065041c60456-175","chilipepper",1.67,6.59
"065041c60456-176","chilipepper",1.7,6.56
"065041c60456-177","chilipepper",1.72,6.58
"065041c60456-178","chilipepper",1.7,6.56
"065041c60456-179","chilipepper",1.69,6.6
"065041c60456-180","chilipepper",1.71,6.55
"065041c60456-181","chilipepper",1.75,6.58
"065041c60456-182","chilipepper",1.67,6.56
"065041c60456-183","chilipepper",1.73,6.57
"065041c60456-184","chilipepper",1.75,6.58
"065041c60456-185","chilipepper",1.7,6.55
"065041c60456-186","chilipepper",1.72,6.61
"065041c60456-187","chilipepper",1.66,6.63
"065041c60456-188","chilipepper",1.73,6.61
"065041c60456-189","chilipepper",1.67,6.57
"065041c60456-190","chilipepper",1.72,6.58
"065041c60456-191","chilipepper",1.72,6.6
"065041c60456-192","chilipepper",1.66,6.58
"065041c60456-193","chilipepper",1.7,6.6
"065041c60456-194","chilipepper",1.76,6.54
"065041c60456-195","chilipepper",1.72,6.6
"065041c60456-196","chilipepper",1.74,6.57
"065041c60456-197","chilipepper",1.71,6.56
"065041c60456-198","chilipepper",1.66,6.57
"065041c60456-199","chilipepper",1.67,6.6
"065041c60456-200","chilipepper",1.7,6.58
"1e94bed9e90b-1","tomato",2.6,6.89
"1e94bed9e90b-2","tomato",2.62,6.99
"1e94bed9e90b-3","tomato",2.51,6.9
"1e94bed9e90b-4","tomato",2.62,6.96
"1e94bed9e90b-5","tomato",2.63,7
"1e94bed9e90b-6","tomato",2.6,6.99
"1e94bed9e90b-7","tomato",2.61,6.99
"1e94bed9e90b-8","tomato",2.61,7
"1e94bed9e90b-9","tomato",2.6,7
"1e94bed9e90b-10","tomato",2.5,7.21
"1e94bed9e90b-11","tomato",2.61,6.99
"1e94bed9e90b-12","tomato",2.51,7.22
"1e94bed9e90b-13","tomato",2.52,6.92
"1e94bed9e90b-14","tomato",2.6,7
"1e94bed9e90b-15","tomato",2.61,7
"1e94bed9e90b-16","tomato",2.63,6.89
"1e94bed9e90b-17","tomato",2.6,6.9
"1e94bed9e90b-18","tomato",2.63,6.89
"1e94bed9e90b-19","tomato",2.63,6.89
"1e94bed9e90b-20","tomato",2.61,7
"1e94bed9e90b-21","tomato",2.63,6.93
"1e94bed9e90b-22","tomato",2.58,7.1
"1e94bed9e90b-23","tomato",2.61,6.99
"1e94bed9e90b-24","tomato",2.62,6.9
"1e94bed9e90b-25","tomato",2.61,6.89
"1e94bed9e90b-26","tomato",2.53,6.9
"1e94bed9e90b-27","tomato",2.6,6.99
"1e94bed9e90b-28","tomato",2.53,6.92
"1e94bed9e90b-29","tomato",2.56,6.88
"1e94bed9e90b-30","tomato",2.6,6.98
"1e94bed9e90b-31","tomato",2.65,7
"1e94bed9e90b-32","tomato",2.57,6.93
"1e94bed9e90b-33","tomato",2.52,7.21
"1e94bed9e90b-34","tomato",2.62,6.88
"1e94bed9e90b-35","tomato",2.62,6.89
"1e94bed9e90b-36","tomato",2.62,6.98
"1e94bed9e90b-37","tomato",2.58,7.1
"1e94bed9e90b-38","tomato",2.6,6.97
"1e94bed9e90b-39","tomato",2.6,6.99
"1e94bed9e90b-40","tomato",2.59,6.99
"1e94bed9e90b-41","tomato",2.61,7.01
"1e94bed9e90b-42","tomato",2.61,7.01
"1e94bed9e90b-43","tomato",2.62,6.88
"1e94bed9e90b-44","tomato",2.6,6.99
"1e94bed9e90b-45","tomato",2.62,6.88
"1e94bed9e90b-46","tomato",2.63,6.94
"1e94bed9e90b-47","tomato",2.61,6.88
"1e94bed9e90b-48","tomato",2.61,6.9
"1e94bed9e90b-49","tomato",2.61,6.89
"1e94bed9e90b-50","tomato",2.6,7
"1e94bed9e90b-51","tomato",2.49,6.66
"1e94bed9e90b-52","tomato",2.52,6.65
"1e94bed9e90b-53","tomato",2.52,6.66
"1e94bed9e90b-54","tomato",2.5,6.66
"1e94bed9e90b-55","tomato",2.51,6.78
"1e94bed9e90b-56","tomato",2.52,6.78
"1e94bed9e90b-57","tomato",2.52,6.65
"1e94bed9e90b-58","tomato",2.52,6.77
"1e94bed9e90b-59","tomato",2.51,6.63
"1e94bed9e90b-60","tomato",2.5,6.68
"1e94bed9e90b-61","tomato",2.55,6.63
"1e94bed9e90b-62","tomato",2.55,6.62
"1e94bed9e90b-63","tomato",2.55,6.62
"1e94bed9e90b-64","tomato",2.54,6.63
"1e94bed9e90b-65","tomato",2.54,6.65
"1e94bed9e90b-66","tomato",2.56,6.63
"1e94bed9e90b-67","tomato",2.55,6.64
"1e94bed9e90b-68","tomato",2.54,6.62
"1e94bed9e90b-69","tomato",2.54,6.62
"1e94bed9e90b-70","tomato",2.53,6.63
"1e94bed9e90b-71","tomato",2.52,6.62
"1e94bed9e90b-72","tomato",2.54,6.63
"1e94bed9e90b-73","tomato",2.55,6.63
"1e94bed9e90b-74","tomato",2.54,6.64
"1e94bed9e90b-75","tomato",2.52,6.62
"1e94bed9e90b-76","tomato",2.54,6.64
"1e94bed9e90b-77","tomato",2.55,6.62
"1e94bed9e90b-78","tomato",2.55,6.57
"1e94bed9e90b-79","tomato",2.54,6.61
"1e94bed9e90b-80","tomato",2.53,6.62
"1e94bed9e90b-81","tomato",2.49,6.73
"1e94bed9e90b-82","tomato",2.49,6.72
"1e94bed9e90b-83","tomato",2.52,6.65
"1e94bed9e90b-84","tomato",2.49,6.71
"1e94bed9e90b-85","tomato",2.51,6.66
"1e94bed9e90b-86","tomato",2.49,6.66
"1e94bed9e90b-87","tomato",2.49,6.66
"1e94bed9e90b-88","tomato",2.49,6.64
"1e94bed9e90b-89","tomato",2.49,6.66
"1e94bed9e90b-90","tomato",2.52,6.7
"1e94bed9e90b-91","tomato",2.49,6.66
"1e94bed9e90b-92","tomato",2.49,6.68
"1e94bed9e90b-93","tomato",2.47,6.82
"1e94bed9e90b-94","tomato",2.47,6.8
"1e94bed9e90b-95","tomato",2.49,6.66
"1e94bed9e90b-96","tomato",2.52,6.67
"1e94bed9e90b-97","tomato",2.51,6.67
"1e94bed9e90b-98","tomato",2.52,6.65
"1e94bed9e90b-99","tomato",2.52,6.65
"1e94bed9e90b-100","tomato",2.5,6.65
"1e94bed9e90b-101","tomato",1.98,6.66
"1e94bed9e90b-102","tomato",1.97,6.64
"1e94bed9e90b-103","tomato",1.99,6.67
"1e94bed9e90b-104","tomato",1.99,6.65
"1e94bed9e90b-105","tomato",1.96,6.6
"1e94bed9e90b-106","tomato",1.98,6.62
"1e94bed9e90b-107","tomato",1.99,6.65
"1e94bed9e90b-108","tomato",1.98,6.65
"1e94bed9e90b-109","tomato",2.01,6.72
"1e94bed9e90b-110","tomato",2.02,6.7
"1e94bed9e90b-111","tomato",2.02,6.71
"1e94bed9e90b-112","tomato",1.99,6.64
"1e94bed9e90b-113","tomato",1.98,6.65
"1e94bed9e90b-114","tomato",1.98,6.66
"1e94bed9e90b-115","tomato",2.02,6.72
"1e94bed9e90b-116","tomato",1.94,6.6
"1e94bed9e90b-117","tomato",1.95,6.6
"1e94bed9e90b-118","tomato",1.95,6.59
"1e94bed9e90b-119","tomato",1.96,6.58
"1e94bed9e90b-120","tomato",1.99,6.66
"1e94bed9e90b-121","tomato",2.01,6.71
"1e94bed9e90b-122","tomato",1.98,6.57
"1e94bed9e90b-123","tomato",2.03,6.71
"1e94bed9e90b-124","tomato",2.01,6.71
"1e94bed9e90b-125","tomato",2.04,6.71
"1e94bed9e90b-126","tomato",2.03,6.71
"1e94bed9e90b-127","tomato",2.02,6.71
"1e94bed9e90b-128","tomato",2,6.67
"1e94bed9e90b-129","tomato",1.99,6.67
"1e94bed9e90b-130","tomato",1.99,6.65
"1e94bed9e90b-131","tomato",1.97,6.63
"1e94bed9e90b-132","tomato",1.99,6.68
"1e94bed9e90b-133","tomato",1.97,6.65
"1e94bed9e90b-134","tomato",1.98,6.66
"1e94bed9e90b-135","tomato",1.99,6.63
"1e94bed9e90b-136","tomato",1.99,6.65
"1e94bed9e90b-137","tomato",1.97,6.65
"1e94bed9e90b-138","tomato",1.99,6.65
"1e94bed9e90b-139","tomato",1.99,6.66
"1e94bed9e90b-140","tomato",1.98,6.63
"1e94bed9e90b-141","tomato",1.98,6.65
"1e94bed9e90b-142","tomato",1.98,6.63
"1e94bed9e90b-143","tomato",1.98,6.64
"1e94bed9e90b-144","tomato",1.99,6.64
"1e94bed9e90b-145","tomato",1.99,6.64
"1e94bed9e90b-146","tomato",2.02,6.7
"1e94bed9e90b-147","tomato",1.98,6.67
"1e94bed9e90b-148","tomato",1.95,6.58
"1e94bed9e90b-149","tomato",1.97,6.63
"1e94bed9e90b-150","tomato",1.97,6.65
"1e94bed9e90b-151","tomato",1.72,6.62
"1e94bed9e90b-152","tomato",1.72,6.6
"1e94bed9e90b-153","tomato",1.76,6.63
"1e94bed9e90b-154","tomato",1.72,6.6
"1e94bed9e90b-155","tomato",1.77,6.63
"1e94bed9e90b-156","tomato",1.76,6.63
"1e94bed9e90b-157","tomato",1.78,6.62
"1e94bed9e90b-158","tomato",1.77,6.62
"1e94bed9e90b-159","tomato",1.71,6.63
"1e94bed9e90b-160","tomato",1.71,6.61
"1e94bed9e90b-161","tomato",1.73,6.61
"1e94bed9e90b-162","tomato",1.71,6.61
"1e94bed9e90b-163","tomato",1.72,6.61
"1e94bed9e90b-164","tomato",1.72,6.61
"1e94bed9e90b-165","tomato",1.71,6.61
"1e94bed9e90b-166","tomato",1.73,6.64
"1e94bed9e90b-167","tomato",1.72,6.65
"1e94bed9e90b-168","tomato",1.66,6.56
"1e94bed9e90b-169","tomato",1.7,6.56
"1e94bed9e90b-170","tomato",1.65,6.65
"1e94bed9e90b-171","tomato",1.67,6.58
"1e94bed9e90b-172","tomato",1.7,6.56
"1e94bed9e90b-173","tomato",1.75,6.56
"1e94bed9e90b-174","tomato",1.71,6.6
"1e94bed9e90b-175","tomato",1.75,6.58
"1e94bed9e90b-176","tomato",1.68,6.6
"1e94bed9e90b-177","tomato",1.7,6.57
"1e94bed9e90b-178","tomato",1.72,6.59
"1e94bed9e90b-179","tomato",1.71,6.58
"1e94bed9e90b-180","tomato",1.69,6.6
"1e94bed9e90b-181","tomato",1.71,6.56
"1e94bed9e90b-182","tomato",1.75,6.58
"1e94bed9e90b-183","tomato",1.66,6.58
"1e94bed9e90b-184","tomato",1.74,6.58
"1e94bed9e90b-185","tomato",1.76,6.56
"1e94bed9e90b-186","tomato",1.74,6.61
"1e94bed9e90b-187","tomato",1.71,6.62
"1e94bed9e90b-188","tomato",1.65,6.63
"1e94bed9e90b-189","tomato",1.67,6.59
"1e94bed9e90b-190","tomato",1.7,6.6
"1e94bed9e90b-191","tomato",1.7,6.61
"1e94bed9e90b-192","tomato",1.75,6.55
"1e94bed9e90b-193","tomato",1.74,6.58
"1e94bed9e90b-194","tomato",1.69,6.58
"1e94bed9e90b-195","tomato",1.71,6.6
"1e94bed9e90b-196","tomato",1.67,6.57
"1e94bed9e90b-197","tomato",1.66,6.56
"1e94bed9e90b-198","tomato",1.72,6.57
"1e94bed9e90b-199","tomato",1.74,6.55
"1e94bed9e90b-200","tomato",1.71,6.56
"39fbcd196863-1","commonbean",30.51,-2.07
"39fbcd196863-2","commonbean",30.5,-2.05
"39fbcd196863-3","commonbean",30.52,-2.08
"39fbcd196863-4","commonbean",30.49,-2.07
"39fbcd196863-5","commonbean",30.5,-2.07
"39fbcd196863-6","commonbean",30.56,-2.09
"39fbcd196863-7","commonbean",30.57,-2.08
"39fbcd196863-8","commonbean",30.57,-2.09
"39fbcd196863-9","commonbean",30.56,-2.06
"39fbcd196863-10","commonbean",30.55,-2.07
"39fbcd196863-11","commonbean",30.31,-1.67
"39fbcd196863-12","commonbean",30.3,-1.69
"39fbcd196863-13","commonbean",30.31,-1.68
"39fbcd196863-14","commonbean",30.31,-1.67
"39fbcd196863-15","commonbean",30.31,-1.68
"39fbcd196863-16","commonbean",30.31,-1.65
"39fbcd196863-17","commonbean",30.29,-1.65
"39fbcd196863-18","commonbean",30.31,-1.66
"39fbcd196863-19","commonbean",30.31,-1.64
"39fbcd196863-20","commonbean",30.3,-1.65
"39fbcd196863-21","commonbean",30.58,-1.8
"39fbcd196863-22","commonbean",30.58,-1.8
"39fbcd196863-23","commonbean",30.58,-1.8
"39fbcd196863-24","commonbean",30.58,-1.81
"39fbcd196863-25","commonbean",30.59,-1.81
"39fbcd196863-26","commonbean",30.57,-1.81
"39fbcd196863-27","commonbean",30.57,-1.8
"39fbcd196863-28","commonbean",30.56,-1.81
"39fbcd196863-29","commonbean",30.53,-1.79
"39fbcd196863-30","commonbean",30.52,-1.77
"39fbcd196863-31","commonbean",30.53,-1.78
"39fbcd196863-32","commonbean",30.52,-1.78
"39fbcd196863-33","commonbean",30.5,-1.77
"39fbcd196863-34","commonbean",30.52,-1.79
"39fbcd196863-35","commonbean",30.52,-1.78
"39fbcd196863-36","commonbean",30.19,-2.1
"39fbcd196863-37","commonbean",30.19,-2.12
"39fbcd196863-38","commonbean",30.19,-2.11
"39fbcd196863-39","commonbean",30.19,-2.11
"39fbcd196863-40","commonbean",30.19,-2.11
"39fbcd196863-41","commonbean",30.2,-2.12
"39fbcd196863-42","commonbean",30.21,-2.12
"39fbcd196863-43","commonbean",30.19,-2.12
"39fbcd196863-44","commonbean",30.19,-2.12
"39fbcd196863-45","commonbean",30.2,-2.14
"39fbcd196863-46","commonbean",30.27,-1.38
"39fbcd196863-47","commonbean",30.28,-1.38
"39fbcd196863-48","commonbean",30.27,-1.38
"39fbcd196863-49","commonbean",30.3,-1.44
"39fbcd196863-50","commonbean",30.29,-1.44
"39fbcd196863-51","commonbean",29.76,-2.41
"39fbcd196863-52","commonbean",29.78,-2.42
"39fbcd196863-53","commonbean",29.76,-2.42
"39fbcd196863-54","commonbean",29.76,-2.42
"39fbcd196863-55","commonbean",29.77,-2.42
"39fbcd196863-56","commonbean",29.78,-2.4
"39fbcd196863-57","commonbean",29.76,-2.41
"39fbcd196863-58","commonbean",29.75,-2.41
"39fbcd196863-59","commonbean",29.75,-2.4
"39fbcd196863-60","commonbean",29.77,-2.43
"39fbcd196863-61","commonbean",29.76,-2.42
"39fbcd196863-62","commonbean",29.77,-2.4
"39fbcd196863-63","commonbean",29.39,-2.01
"39fbcd196863-64","commonbean",29.75,-2.41
"39fbcd196863-65","commonbean",29.75,-2.41
"39fbcd196863-66","commonbean",29.86,-2.33
"39fbcd196863-67","commonbean",29.86,-2.33
"39fbcd196863-68","commonbean",29.86,-2.32
"39fbcd196863-69","commonbean",29.86,-2.33
"39fbcd196863-70","commonbean",29.86,-2.33
"39fbcd196863-71","commonbean",29.86,-2.31
"39fbcd196863-72","commonbean",29.87,-2.33
"39fbcd196863-73","commonbean",29.86,-2.33
"39fbcd196863-74","commonbean",29.88,-2.32
"39fbcd196863-75","commonbean",29.86,-2.33
"39fbcd196863-76","commonbean",29.86,-2.32
"39fbcd196863-77","commonbean",29.85,-2.32
"39fbcd196863-78","commonbean",29.85,-2.33
"39fbcd196863-79","commonbean",29.85,-2.33
"39fbcd196863-80","commonbean",29.84,-2.32
"39fbcd196863-81","commonbean",29.84,-2.34
"39fbcd196863-82","commonbean",29.85,-2.33
"39fbcd196863-83","commonbean",29.85,-2.31
"39fbcd196863-84","commonbean",29.86,-2.31
"39fbcd196863-85","commonbean",29.84,-2.33
"39fbcd196863-86","commonbean",29.84,-2.32
"39fbcd196863-87","commonbean",29.85,-2.31
"39fbcd196863-88","commonbean",29.85,-2.31
"39fbcd196863-89","commonbean",29.86,-2.33
"39fbcd196863-90","commonbean",29.86,-2.33
"39fbcd196863-91","commonbean",29.92,-2.45
"39fbcd196863-92","commonbean",29.92,-2.46
"39fbcd196863-93","commonbean",29.91,-2.46
"39fbcd196863-94","commonbean",29.91,-2.46
"39fbcd196863-95","commonbean",29.93,-2.45
"39fbcd196863-96","commonbean",29.9,-2.49
"39fbcd196863-97","commonbean",29.9,-2.49
"39fbcd196863-98","commonbean",29.9,-2.5
"39fbcd196863-99","commonbean",29.9,-2.48
"39fbcd196863-100","commonbean",29.9,-2.49
"39fbcd196863-101","commonbean",29.15,-2.3
"39fbcd196863-102","commonbean",29.17,-2.29
"39fbcd196863-103","commonbean",29.14,-2.3
"39fbcd196863-104","commonbean",29.18,-2.29
"39fbcd196863-105","commonbean",29.14,-2.27
"39fbcd196863-106","commonbean",29.16,-2.28
"39fbcd196863-107","commonbean",29.17,-2.27
"39fbcd196863-108","commonbean",29,-2.64
"39fbcd196863-109","commonbean",29.01,-2.62
"39fbcd196863-110","commonbean",29,-2.63
"39fbcd196863-111","commonbean",29,-2.62
"39fbcd196863-112","commonbean",28.96,-2.48
"39fbcd196863-113","commonbean",29.05,-2.69
"39fbcd196863-114","commonbean",29.05,-2.67
"39fbcd196863-115","commonbean",29.05,-2.68
"39fbcd196863-116","commonbean",29.05,-2.69
"39fbcd196863-117","commonbean",29.04,-2.68
"39fbcd196863-118","commonbean",28.91,-2.5
"39fbcd196863-119","commonbean",28.89,-2.51
"39fbcd196863-120","commonbean",28.9,-2.49
"39fbcd196863-121","commonbean",28.89,-2.51
"39fbcd196863-122","commonbean",28.9,-2.49
"39fbcd196863-123","commonbean",28.91,-2.5
"39fbcd196863-124","commonbean",28.89,-2.5
"39fbcd196863-125","commonbean",28.88,-2.51
"39fbcd196863-126","commonbean",29.39,-2
"39fbcd196863-127","commonbean",29.38,-2
"39fbcd196863-128","commonbean",29.38,-2.03
"39fbcd196863-129","commonbean",29.37,-2
"87fd9a95bead-1","commonbean",29.87,-1.51
"87fd9a95bead-2","commonbean",29.88,-1.51
"87fd9a95bead-3","commonbean",29.86,-1.49
"87fd9a95bead-4","commonbean",29.86,-1.49
"87fd9a95bead-5","commonbean",29.81,-1.51
"87fd9a95bead-6","commonbean",29.87,-1.5
"87fd9a95bead-7","commonbean",29.88,-1.51
"87fd9a95bead-8","commonbean",29.86,-1.49
"87fd9a95bead-9","commonbean",29.86,-1.51
"87fd9a95bead-10","commonbean",29.87,-1.5
"87fd9a95bead-11","commonbean",29.85,-1.49
"87fd9a95bead-12","commonbean",29.85,-1.5
"87fd9a95bead-13","commonbean",29.86,-1.5
"87fd9a95bead-14","commonbean",29.84,-1.5
"87fd9a95bead-15","commonbean",29.85,-1.49
"87fd9a95bead-16","commonbean",29.86,-1.51
"87fd9a95bead-17","commonbean",29.84,-1.51
"87fd9a95bead-18","commonbean",29.86,-1.52
"87fd9a95bead-19","commonbean",29.85,-1.49
"87fd9a95bead-20","commonbean",29.85,-1.52
"87fd9a95bead-21","commonbean",29.76,-1.5
"87fd9a95bead-22","commonbean",29.76,-1.51
"87fd9a95bead-23","commonbean",29.77,-1.49
"87fd9a95bead-24","commonbean",29.76,-1.5
"87fd9a95bead-25","commonbean",29.77,-1.51
"87fd9a95bead-26","commonbean",29.77,-1.49
"87fd9a95bead-27","commonbean",29.8,-1.52
"87fd9a95bead-28","commonbean",29.8,-1.52
"87fd9a95bead-29","commonbean",29.81,-1.51
"87fd9a95bead-30","commonbean",29.81,-1.51
"87fd9a95bead-31","commonbean",29.8,-1.5
"87fd9a95bead-32","commonbean",29.8,-1.51
"87fd9a95bead-33","commonbean",29.82,-1.5
"87fd9a95bead-34","commonbean",29.79,-1.52
"87fd9a95bead-35","commonbean",29.79,-1.5
"87fd9a95bead-36","commonbean",29.74,-1.46
"87fd9a95bead-37","commonbean",29.72,-1.49
"87fd9a95bead-38","commonbean",29.73,-1.49
"87fd9a95bead-39","commonbean",29.72,-1.48
"87fd9a95bead-40","commonbean",29.73,-1.48
"87fd9a95bead-41","commonbean",29.72,-1.47
"87fd9a95bead-42","commonbean",29.72,-1.48
"87fd9a95bead-43","commonbean",29.71,-1.47
"87fd9a95bead-44","commonbean",29.74,-1.48
"87fd9a95bead-45","commonbean",29.72,-1.48
"87fd9a95bead-46","commonbean",29.72,-1.43
"87fd9a95bead-47","commonbean",29.74,-1.44
"87fd9a95bead-48","commonbean",29.72,-1.42
"87fd9a95bead-49","commonbean",29.72,-1.42
"87fd9a95bead-50","commonbean",29.72,-1.44
"87fd9a95bead-51","commonbean",29.73,-1.43
"87fd9a95bead-52","commonbean",29.74,-1.44
"87fd9a95bead-53","commonbean",29.73,-1.44
"87fd9a95bead-54","commonbean",29.74,-1.44
"87fd9a95bead-55","commonbean",29.73,-1.43
"87fd9a95bead-56","commonbean",29.63,-1.51
"87fd9a95bead-57","commonbean",29.63,-1.51
"87fd9a95bead-58","commonbean",29.63,-1.51
"87fd9a95bead-59","commonbean",29.56,-1.49
"87fd9a95bead-60","commonbean",29.56,-1.49
"87fd9a95bead-61","commonbean",29.62,-1.51
"87fd9a95bead-62","commonbean",29.58,-1.5
"87fd9a95bead-63","commonbean",29.58,-1.48
"87fd9a95bead-64","commonbean",29.63,-1.51
"87fd9a95bead-65","commonbean",29.62,-1.51
"87fd9a95bead-66","commonbean",29.57,-1.49
"87fd9a95bead-67","commonbean",29.57,-1.47
"87fd9a95bead-68","commonbean",29.58,-1.48
"87fd9a95bead-69","commonbean",29.57,-1.47
"87fd9a95bead-70","commonbean",29.58,-1.48
"87fd9a95bead-71","commonbean",29.63,-1.5
"87fd9a95bead-72","commonbean",29.61,-1.51
"87fd9a95bead-73","commonbean",29.63,-1.52
"87fd9a95bead-74","commonbean",29.6,-1.49
"87fd9a95bead-75","commonbean",29.59,-1.5
"87fd9a95bead-76","commonbean",29.61,-1.5
"87fd9a95bead-77","commonbean",29.6,-1.5
"87fd9a95bead-78","commonbean",29.61,-1.51
"87fd9a95bead-79","commonbean",29.63,-1.5
"87fd9a95bead-80","commonbean",29.59,-1.49
"87fd9a95bead-81","commonbean",29.59,-1.48
"87fd9a95bead-82","commonbean",29.61,-1.5
"87fd9a95bead-83","commonbean",29.62,-1.52
"87fd9a95bead-84","commonbean",29.56,-1.48
"87fd9a95bead-85","commonbean",29.61,-1.52
"87fd9a95bead-86","commonbean",29.69,-1.59
"87fd9a95bead-87","commonbean",29.68,-1.6
"87fd9a95bead-88","commonbean",29.69,-1.6
"87fd9a95bead-89","commonbean",29.69,-1.61
"87fd9a95bead-90","commonbean",29.7,-1.59
"87fd9a95bead-91","commonbean",29.7,-1.6
"87fd9a95bead-92","commonbean",29.69,-1.6
"87fd9a95bead-93","commonbean",29.7,-1.59
"87fd9a95bead-94","commonbean",29.66,-1.58
"87fd9a95bead-95","commonbean",29.69,-1.59
"87fd9a95bead-96","commonbean",29.8,-2.24
"87fd9a95bead-97","commonbean",29.8,-2.2
"87fd9a95bead-98","commonbean",29.68,-1.59
"87fd9a95bead-99","commonbean",29.67,-1.57
"87fd9a95bead-100","commonbean",29.69,-1.58
"87fd9a95bead-101","commonbean",29.76,-2.56
"87fd9a95bead-102","commonbean",29.75,-2.56
"87fd9a95bead-103","commonbean",29.77,-2.56
"87fd9a95bead-104","commonbean",29.76,-2.56
"87fd9a95bead-105","commonbean",29.75,-2.57
"87fd9a95bead-106","commonbean",29.76,-2.56
"87fd9a95bead-107","commonbean",29.74,-2.56
"87fd9a95bead-108","commonbean",29.77,-2.55
"87fd9a95bead-109","commonbean",29.75,-2.56
"87fd9a95bead-110","commonbean",29.76,-2.57
"87fd9a95bead-111","commonbean",29.47,-2.49
"87fd9a95bead-112","commonbean",29.49,-2.5
"87fd9a95bead-113","commonbean",29.49,-2.5
"87fd9a95bead-114","commonbean",29.49,-2.48
"87fd9a95bead-115","commonbean",29.46,-2.49
"87fd9a95bead-116","commonbean",29.5,-2.48
"87fd9a95bead-117","commonbean",29.49,-2.48
"87fd9a95bead-118","commonbean",29.5,-2.49
"87fd9a95bead-119","commonbean",29.48,-2.49
"87fd9a95bead-121","commonbean",29.5,-2.5
"87fd9a95bead-122","commonbean",29.5,-2.5
"87fd9a95bead-123","commonbean",29.49,-2.5
"87fd9a95bead-124","commonbean",29.49,-2.51
"87fd9a95bead-125","commonbean",29.5,-2.49
"87fd9a95bead-126","commonbean",29.48,-2.5
"87fd9a95bead-127","commonbean",29.5,-2.5
"87fd9a95bead-128","commonbean",29.5,-2.5
"87fd9a95bead-129","commonbean",29.49,-2.5
"87fd9a95bead-130","commonbean",29.49,-2.51
"87fd9a95bead-131","commonbean",29.17,-2.34
"87fd9a95bead-132","commonbean",29.15,-2.33
"87fd9a95bead-133","commonbean",29.12,-2.33
"87fd9a95bead-134","commonbean",29.16,-2.35
"87fd9a95bead-135","commonbean",29.16,-2.35
"87fd9a95bead-136","commonbean",29.09,-2.35
"87fd9a95bead-137","commonbean",29.09,-2.36
"87fd9a95bead-138","commonbean",29.1,-2.34
"87fd9a95bead-139","commonbean",29.09,-2.37
"87fd9a95bead-140","commonbean",29.08,-2.35
"87fd9a95bead-141","commonbean",29.23,-2.21
"87fd9a95bead-142","commonbean",29.22,-2.23
"87fd9a95bead-143","commonbean",29.23,-2.23
"87fd9a95bead-144","commonbean",29.23,-2.23
"87fd9a95bead-145","commonbean",29.23,-2.22
"87fd9a95bead-146","commonbean",29.01,-2.39
"87fd9a95bead-147","commonbean",29.02,-2.38
"87fd9a95bead-148","commonbean",29.02,-2.4
"87fd9a95bead-149","commonbean",29.01,-2.37
"87fd9a95bead-150","commonbean",29.01,-2.38
"87fd9a95bead-151","commonbean",29.02,-2.4
"87fd9a95bead-152","commonbean",29.01,-2.38
"87fd9a95bead-153","commonbean",29.04,-2.38
"87fd9a95bead-154","commonbean",29.03,-2.39
"87fd9a95bead-155","commonbean",29.02,-2.39
"87fd9a95bead-156","commonbean",29.04,-2.49
"87fd9a95bead-157","commonbean",29.03,-2.49
"87fd9a95bead-158","commonbean",29.05,-2.45
"87fd9a95bead-159","commonbean",29.03,-2.49
"87fd9a95bead-160","commonbean",29.05,-2.49
"87fd9a95bead-161","commonbean",29.02,-2.5
"87fd9a95bead-162","commonbean",29.03,-2.49
"87fd9a95bead-163","commonbean",29.03,-2.49
"87fd9a95bead-164","commonbean",29.02,-2.49
"87fd9a95bead-165","commonbean",29.04,-2.49
"87fd9a95bead-166","commonbean",28.91,-2.55
"87fd9a95bead-167","commonbean",28.92,-2.54
"87fd9a95bead-168","commonbean",28.92,-2.55
"87fd9a95bead-169","commonbean",28.91,-2.55
"87fd9a95bead-170","commonbean",28.92,-2.55
"87fd9a95bead-171","commonbean",28.92,-2.54
"87fd9a95bead-172","commonbean",28.92,-2.54
"87fd9a95bead-173","commonbean",28.92,-2.54
"87fd9a95bead-174","commonbean",28.91,-2.55
"87fd9a95bead-175","commonbean",28.92,-2.55
"87fd9a95bead-177","commonbean",29.4,-2.1
"87fd9a95bead-178","commonbean",29.4,-2.1
"87fd9a95bead-179","commonbean",29.4,-2.12
"87fd9a95bead-180","commonbean",29.41,-2.1
"87fd9a95bead-181","commonbean",29.43,-2.11
"87fd9a95bead-182","commonbean",29.41,-2.1
"87fd9a95bead-183","commonbean",29.4,-2.11
"87fd9a95bead-184","commonbean",29.4,-2.1
"87fd9a95bead-185","commonbean",29.4,-2.11
"87fd9a95bead-186","commonbean",29.47,-2.06
"87fd9a95bead-187","commonbean",29.47,-2.05
"87fd9a95bead-188","commonbean",29.46,-2.04
"87fd9a95bead-189","commonbean",29.47,-2.04
"87fd9a95bead-190","commonbean",29.49,-2.06
"87fd9a95bead-191","commonbean",29.47,-2.03
"87fd9a95bead-192","commonbean",29.47,-2.03
"87fd9a95bead-193","commonbean",29.48,-2.04
"87fd9a95bead-194","commonbean",29.47,-2.04
"87fd9a95bead-195","commonbean",29.48,-2.04
"87fd9a95bead-196","commonbean",29.56,-2.06
"87fd9a95bead-197","commonbean",29.56,-2.07
"87fd9a95bead-198","commonbean",29.55,-2.06
"87fd9a95bead-199","commonbean",29.54,-2.08
"87fd9a95bead-200","commonbean",29.56,-2.07
"87fd9a95bead-201","commonbean",29.57,-2.07
"87fd9a95bead-202","commonbean",29.55,-2.08
"87fd9a95bead-203","commonbean",29.57,-2.07
"87fd9a95bead-204","commonbean",29.54,-2.08
"87fd9a95bead-205","commonbean",29.56,-2.08
"87fd9a95bead-206","commonbean",29.41,-1.91
"87fd9a95bead-207","commonbean",29.4,-1.91
"87fd9a95bead-208","commonbean",29.41,-1.93
"87fd9a95bead-209","commonbean",29.4,-1.92
"87fd9a95bead-210","commonbean",29.4,-1.91
"87fd9a95bead-211","commonbean",29.41,-1.92
"87fd9a95bead-212","commonbean",29.39,-1.91
"87fd9a95bead-213","commonbean",29.4,-1.92
"87fd9a95bead-214","commonbean",29.4,-1.91
"87fd9a95bead-215","commonbean",29.41,-1.91
"87fd9a95bead-216","commonbean",29.38,-1.91
"87fd9a95bead-217","commonbean",29.39,-1.91
"87fd9a95bead-218","commonbean",29.38,-1.91
"87fd9a95bead-219","commonbean",29.39,-1.9
"87fd9a95bead-220","commonbean",29.39,-1.9
"87fd9a95bead-221","commonbean",29.4,-1.89
"87fd9a95bead-222","commonbean",29.39,-1.89
"87fd9a95bead-224","commonbean",29.38,-1.89
"87fd9a95bead-225","commonbean",29.39,-1.89
"d2cfc0a9f40a-10","amaranth",-7.67,12.6
"d2cfc0a9f40a-11","amaranth",-7.68,12.59
"d2cfc0a9f40a-12","amaranth",-7.68,12.58
"d2cfc0a9f40a-13","amaranth",-7.66,12.59
"d2cfc0a9f40a-14","amaranth",-7.66,12.6
"d2cfc0a9f40a-15","amaranth",-7.67,12.59
"d2cfc0a9f40a-16","amaranth",-7.67,12.6
"d2cfc0a9f40a-17","amaranth",-7.68,12.59
"d2cfc0a9f40a-18","amaranth",-7.68,12.59
"d2cfc0a9f40a-19","amaranth",-7.67,12.6
"d2cfc0a9f40a-20","amaranth",-7.67,12.61
"d2cfc0a9f40a-21","amaranth",-7.66,12.6
"d2cfc0a9f40a-22","amaranth",-7.67,12.58
"d2cfc0a9f40a-24","amaranth",-7.65,12.59
"d2cfc0a9f40a-25","amaranth",-7.67,12.59
"d2cfc0a9f40a-26","amaranth",-7.67,12.58
"d2cfc0a9f40a-27","amaranth",-7.66,12.59
"d2cfc0a9f40a-28","amaranth",-7.92,12.66
"d2cfc0a9f40a-32","amaranth",-6.01,11.37
"d2cfc0a9f40a-33","amaranth",-6.01,11.37
"d2cfc0a9f40a-35","amaranth",-6.01,11.38
"d2cfc0a9f40a-38","amaranth",-6,11.36
"d2cfc0a9f40a-40","amaranth",-6,11.37
"d2cfc0a9f40a-41","amaranth",-6.02,11.36
"d2cfc0a9f40a-42","amaranth",-5.99,11.36
"d2cfc0a9f40a-43","amaranth",-6,11.37
"d2cfc0a9f40a-44","amaranth",-6,11.36
"d2cfc0a9f40a-45","amaranth",-6.01,11.36
"d2cfc0a9f40a-46","amaranth",-6.01,11.38
"d2cfc0a9f40a-48","amaranth",-6.01,11.37
"d2cfc0a9f40a-49","amaranth",-6,11.38
"d2cfc0a9f40a-50","amaranth",-6.01,11.37
"d2cfc0a9f40a-51","amaranth",-6.01,11.37
"d2cfc0a9f40a-53","amaranth",-6,11.37
"d2cfc0a9f40a-54","amaranth",-5.99,11.37
"d2cfc0a9f40a-56","amaranth",-6,11.36
"d2cfc0a9f40a-62","amaranth",-6.01,11.36
"d2cfc0a9f40a-63","amaranth",-6.01,11.38
"d2cfc0a9f40a-76","amaranth",-6.01,11.38
"d2cfc0a9f40a-78","amaranth",-6,11.37
"d2cfc0a9f40a-82","amaranth",-6,11.36
"d2cfc0a9f40a-105","amaranth",-7.59,11.35
"d2cfc0a9f40a-106","amaranth",-7.57,11.37
"d2cfc0a9f40a-108","amaranth",-7.57,11.35
"d2cfc0a9f40a-110","amaranth",-7.58,11.36
"d2cfc0a9f40a-116","amaranth",-7.58,11.37
"d2cfc0a9f40a-119","amaranth",-7.58,11.35
"d2cfc0a9f40a-121","amaranth",-7.59,11.36
"d2cfc0a9f40a-122","amaranth",-7.58,11.35
"d2cfc0a9f40a-124","amaranth",-7.59,11.36
"d2cfc0a9f40a-128","amaranth",-7.58,11.37
"d2cfc0a9f40a-131","amaranth",-7.59,11.35
"d2cfc0a9f40a-134","amaranth",-7.58,11.35
"d2cfc0a9f40a-139","amaranth",-7.59,11.38
"d2cfc0a9f40a-143","amaranth",-7.58,11.36
"d2cfc0a9f40a-144","amaranth",-7.58,11.36
"d2cfc0a9f40a-146","amaranth",-7.57,11.35
"d2cfc0a9f40a-148","amaranth",-7.57,11.36
"d2cfc0a9f40a-170","amaranth",-7.42,11.37
"d2cfc0a9f40a-178","amaranth",-7.43,11.38
"d2cfc0a9f40a-196","amaranth",-7.42,11.37
"d2cfc0a9f40a-197","amaranth",-7.43,11.38
"d2cfc0a9f40a-198","amaranth",-7.42,11.37
"d2cfc0a9f40a-226","amaranth",-8.29,12.35
"d2cfc0a9f40a-227","amaranth",-8.33,12.37
"d2cfc0a9f40a-228","amaranth",-8.27,12.31
"d2cfc0a9f40a-229","amaranth",-8.27,12.32
"d2cfc0a9f40a-230","amaranth",-8.29,12.36
"d2cfc0a9f40a-231","amaranth",-8.31,12.37
"d2cfc0a9f40a-232","amaranth",-8.29,12.37
"d2cfc0a9f40a-233","amaranth",-8.33,12.38
"d2cfc0a9f40a-234","amaranth",-8.28,12.32
"d2cfc0a9f40a-235","amaranth",-8.3,12.36
"d2cfc0a9f40a-258","amaranth",-7.5,11.45
"d2cfc0a9f40a-259","amaranth",-7.48,11.44
"d2cfc0a9f40a-262","amaranth",-7.47,11.43
"d2cfc0a9f40a-263","amaranth",-7.47,11.45
"d2cfc0a9f40a-264","amaranth",-7.47,11.43
"d2cfc0a9f40a-265","amaranth",-7.47,11.43
"d2cfc0a9f40a-267","amaranth",-7.48,11.44
"d2cfc0a9f40a-272","amaranth",-7.48,11.43
"d2cfc0a9f40a-273","amaranth",-7.47,11.44
"d2cfc0a9f40a-275","amaranth",-7.47,11.42
"d2cfc0a9f40a-279","amaranth",-7.49,11.43
"d2cfc0a9f40a-290","amaranth",-7.47,11.41
"d2cfc0a9f40a-291","amaranth",-7.5,11.45
"c564f83b89c5-61","amaranth",2.39,6.36
"c564f83b89c5-66","amaranth",2.39,6.37
"c564f83b89c5-118","amaranth",2.59,6.37
"c564f83b89c5-121","amaranth",2.6,6.36
"c564f83b89c5-146","amaranth",2.58,6.38
"c564f83b89c5-151","amaranth",2.55,6.56
"c564f83b89c5-155","amaranth",2.55,6.55
"c564f83b89c5-156","amaranth",2.54,6.57
"c564f83b89c5-157","amaranth",2.55,6.59
"c564f83b89c5-158","amaranth",2.53,6.61
"c564f83b89c5-159","amaranth",2.53,6.62
"c564f83b89c5-160","amaranth",2.57,6.63
"c564f83b89c5-163","amaranth",2.55,6.59
"c564f83b89c5-164","amaranth",2.54,6.62
"c564f83b89c5-166","amaranth",2.55,6.59
"c564f83b89c5-169","amaranth",2.53,6.62
"c564f83b89c5-171","amaranth",2.56,6.59
"c564f83b89c5-172","amaranth",2.54,6.61
"c564f83b89c5-175","amaranth",2.54,6.64
"c564f83b89c5-177","amaranth",2.55,6.61
"c564f83b89c5-179","amaranth",2.55,6.58
"c564f83b89c5-181","amaranth",2.53,6.6
"c564f83b89c5-183","amaranth",2.54,6.63
"c564f83b89c5-185","amaranth",2.56,6.59
"c564f83b89c5-195","amaranth",2.55,6.61
"c564f83b89c5-196","amaranth",2.54,6.62
"c564f83b89c5-197","amaranth",2.53,6.64
"c564f83b89c5-199","amaranth",2.55,6.53
"c564f83b89c5-200","amaranth",2.56,6.62
"c564f83b89c5-209","amaranth",1.72,6.27
"c564f83b89c5-217","amaranth",1.75,6.26
"c564f83b89c5-220","amaranth",1.82,6.27
"c564f83b89c5-223","amaranth",1.84,6.28
"c564f83b89c5-228","amaranth",1.76,6.27
"c564f83b89c5-234","amaranth",2.63,6.46
"c564f83b89c5-240","amaranth",2.62,6.47
"c564f83b89c5-252","amaranth",2.63,6.47
"c564f83b89c5-254","amaranth",2.63,6.48
"c564f83b89c5-258","amaranth",2.57,6.51
"c3c46a31b5cb-23","groundnut",32.13,-6.75
"c3c46a31b5cb-34","groundnut",32.09,-6.81
"c3c46a31b5cb-38","groundnut",32.1,-6.82
"c3c46a31b5cb-46","groundnut",32.01,-6.72
"c3c46a31b5cb-47","groundnut",32.01,-6.77
"c3c46a31b5cb-49","groundnut",32.03,-6.78
"c3c46a31b5cb-50","groundnut",32.02,-6.76
"c3c46a31b5cb-51","groundnut",32.01,-6.76
"c3c46a31b5cb-52","groundnut",32.01,-6.77
"c3c46a31b5cb-66","groundnut",31.34,-6.46
"c3c46a31b5cb-74","groundnut",31.34,-6.45
"c3c46a31b5cb-93","groundnut",31.17,-6.37
"c3c46a31b5cb-94","groundnut",31.19,-6.36
"c3c46a31b5cb-97","groundnut",31.18,-6.35
"c3c46a31b5cb-114","groundnut",31.17,-6.34
"c3c46a31b5cb-117","groundnut",31.09,-6.37
"c3c46a31b5cb-145","groundnut",30.19,-4.4
"c3c46a31b5cb-152","groundnut",30.2,-4.42
"c3c46a31b5cb-153","groundnut",30.19,-4.42
"c3c46a31b5cb-155","groundnut",30.2,-4.42
"c3c46a31b5cb-156","groundnut",30.19,-4.4
"c3c46a31b5cb-181","groundnut",30.92,-3.32
"c3c46a31b5cb-182","groundnut",30.92,-3.31
"c3c46a31b5cb-193","groundnut",31.9,-3.45
"c3c46a31b5cb-194","groundnut",31.9,-3.46
"c3c46a31b5cb-198","groundnut",31.9,-3.46
"c3c46a31b5cb-229","groundnut",33.43,-2.6
"c3c46a31b5cb-262","groundnut",33.79,-3.09
"c3c46a31b5cb-288","groundnut",32.41,-3.91
"c3c46a31b5cb-289","groundnut",32.4,-3.9
"c3c46a31b5cb-290","groundnut",32.39,-3.91
"c3c46a31b5cb-291","groundnut",32.39,-3.9
"c3c46a31b5cb-293","groundnut",32.39,-3.91
"c3c46a31b5cb-315","groundnut",36.78,-6.3
"c3c46a31b5cb-316","groundnut",36.86,-6.31
"c3c46a31b5cb-318","groundnut",36.87,-6.3
"c3c46a31b5cb-319","groundnut",36.78,-6.31
"c3c46a31b5cb-320","groundnut",36.86,-6.31
"c3c46a31b5cb-321","groundnut",36.77,-6.31
"c3c46a31b5cb-322","groundnut",36.87,-6.29
"c3c46a31b5cb-323","groundnut",36.88,-6.32
"c3c46a31b5cb-325","groundnut",36.87,-6.3
"c3c46a31b5cb-329","groundnut",36.78,-6.3
"c3c46a31b5cb-330","groundnut",36.87,-6.3
"c3c46a31b5cb-331","groundnut",36.78,-6.32
"c3c46a31b5cb-332","groundnut",36.87,-6.3
"c3c46a31b5cb-333","groundnut",36.87,-6.32
"c3c46a31b5cb-338","groundnut",36.86,-6.31
"c3c46a31b5cb-341","groundnut",36.87,-6.3
"c3c46a31b5cb-350","groundnut",36.79,-6.31
"c3c46a31b5cb-416","groundnut",35.94,-5.9
"c3c46a31b5cb-422","groundnut",35.94,-5.9
"c3c46a31b5cb-423","groundnut",35.76,-5.83
"c3c46a31b5cb-424","groundnut",35.76,-5.85
"c3c46a31b5cb-425","groundnut",35.75,-5.84
"c3c46a31b5cb-426","groundnut",35.75,-5.83
"c3c46a31b5cb-427","groundnut",35.77,-5.85
"c3c46a31b5cb-428","groundnut",40.18,-10.36
"c3c46a31b5cb-429","groundnut",35.75,-5.85
"c3c46a31b5cb-430","groundnut",35.75,-5.85
"c3c46a31b5cb-431","groundnut",35.77,-5.84
"c3c46a31b5cb-432","groundnut",35.75,-5.84
"c3c46a31b5cb-433","groundnut",35.75,-5.84
"c3c46a31b5cb-435","groundnut",35.76,-5.84
"c3c46a31b5cb-436","groundnut",35.76,-5.85
"c3c46a31b5cb-437","groundnut",35.76,-5.85
"c3c46a31b5cb-438","groundnut",35.76,-5.85
"c3c46a31b5cb-439","groundnut",35.77,-5.85
"c3c46a31b5cb-441","groundnut",35.77,-5.85
"c3c46a31b5cb-442","groundnut",35.75,-5.85
"c3c46a31b5cb-443","groundnut",35.77,-5.84
"c3c46a31b5cb-444","groundnut",35.76,-5.85
"c3c46a31b5cb-445","groundnut",35.77,-5.83
"c3c46a31b5cb-446","groundnut",35.77,-5.84
"c3c46a31b5cb-447","groundnut",35.77,-5.85
"c3c46a31b5cb-449","groundnut",35.76,-5.84
"c3c46a31b5cb-450","groundnut",35.76,-5.85
"c3c46a31b5cb-451","groundnut",35.77,-5.86
"c3c46a31b5cb-452","groundnut",35.76,-5.83
"c3c46a31b5cb-453","groundnut",35.6,-5.94
"c3c46a31b5cb-454","groundnut",35.6,-5.92
"c3c46a31b5cb-455","groundnut",35.61,-5.93
"c3c46a31b5cb-456","groundnut",35.6,-5.95
"c3c46a31b5cb-457","groundnut",35.6,-5.94
"c3c46a31b5cb-458","groundnut",35.6,-5.93
"c3c46a31b5cb-459","groundnut",35.62,-5.93
"c3c46a31b5cb-460","groundnut",35.6,-5.93
"c3c46a31b5cb-461","groundnut",35.6,-5.94
"c3c46a31b5cb-462","groundnut",35.61,-5.93
"c3c46a31b5cb-463","groundnut",35.59,-5.94
"c3c46a31b5cb-464","groundnut",35.61,-5.94
"c3c46a31b5cb-465","groundnut",35.6,-5.93
"c3c46a31b5cb-466","groundnut",35.61,-5.94
"c3c46a31b5cb-467","groundnut",35.61,-5.93
"c3c46a31b5cb-468","groundnut",35.61,-5.93
"c3c46a31b5cb-469","groundnut",35.59,-5.94
"c3c46a31b5cb-470","groundnut",35.6,-5.93
"c3c46a31b5cb-471","groundnut",35.6,-5.95
"c3c46a31b5cb-472","groundnut",40.17,-10.36
"c3c46a31b5cb-482","groundnut",35.55,-5.95
"c3c46a31b5cb-483","groundnut",35.55,-5.96
"c3c46a31b5cb-486","groundnut",35.53,-5.95
"c3c46a31b5cb-487","groundnut",35.54,-5.94
"c3c46a31b5cb-490","groundnut",35.54,-5.95
"c3c46a31b5cb-491","groundnut",35.55,-5.96
"c3c46a31b5cb-492","groundnut",35.56,-5.93
"c3c46a31b5cb-495","groundnut",35.55,-5.96
"c3c46a31b5cb-496","groundnut",35.55,-5.95
"c3c46a31b5cb-497","groundnut",35.55,-5.94
"c3c46a31b5cb-498","groundnut",35.54,-5.94
"c3c46a31b5cb-499","groundnut",35.56,-5.96
"c3c46a31b5cb-500","groundnut",35.54,-5.94
"c3c46a31b5cb-501","groundnut",35.55,-5.96
"c3c46a31b5cb-502","groundnut",35.53,-5.95
"c3c46a31b5cb-503","groundnut",35.54,-5.94
"c3c46a31b5cb-504","groundnut",35.55,-5.96
"c3c46a31b5cb-505","groundnut",35.55,-5.95
"c3c46a31b5cb-506","groundnut",35.54,-5.94
"c3c46a31b5cb-507","groundnut",35.55,-5.96
"c3c46a31b5cb-508","groundnut",35.54,-5.94
"c3c46a31b5cb-509","groundnut",35.54,-5.94
"c3c46a31b5cb-510","groundnut",35.55,-5.95
"c3c46a31b5cb-511","groundnut",35.53,-5.95
"c3c46a31b5cb-512","groundnut",35.55,-5.95
"c3c46a31b5cb-513","groundnut",35.55,-5.95
"c3c46a31b5cb-514","groundnut",35.55,-5.96
"c3c46a31b5cb-515","groundnut",35.65,-6.17
"c3c46a31b5cb-516","groundnut",35.66,-6.18
"c3c46a31b5cb-517","groundnut",35.64,-6.17
"c3c46a31b5cb-521","groundnut",35.65,-6.17
"c3c46a31b5cb-522","groundnut",35.65,-6.18
"c3c46a31b5cb-525","groundnut",35.64,-6.18
"c3c46a31b5cb-532","groundnut",35.71,-6.16
"c3c46a31b5cb-533","groundnut",35.72,-6.16
"c3c46a31b5cb-535","groundnut",35.71,-6.16
"c3c46a31b5cb-536","groundnut",35.72,-6.17
"c3c46a31b5cb-538","groundnut",35.71,-6.16
"c3c46a31b5cb-539","groundnut",35.71,-6.15
"c3c46a31b5cb-540","groundnut",35.72,-6.16
"c3c46a31b5cb-544","groundnut",35.75,-6.37
"c3c46a31b5cb-545","groundnut",35.74,-6.37
"c3c46a31b5cb-546","groundnut",35.74,-6.36
"c3c46a31b5cb-547","groundnut",35.74,-6.37
"c3c46a31b5cb-548","groundnut",35.75,-6.37
"c3c46a31b5cb-549","groundnut",35.74,-6.36
"c3c46a31b5cb-550","groundnut",35.76,-6.37
"c3c46a31b5cb-552","groundnut",35.74,-6.37
"c3c46a31b5cb-553","groundnut",35.73,-6.36
"c3c46a31b5cb-554","groundnut",35.75,-6.38
"c3c46a31b5cb-555","groundnut",35.75,-6.38
"c3c46a31b5cb-556","groundnut",35.73,-6.37
"c3c46a31b5cb-557","groundnut",35.76,-6.37
"c3c46a31b5cb-558","groundnut",35.75,-6.38
"c3c46a31b5cb-559","groundnut",35.74,-6.38
"c3c46a31b5cb-560","groundnut",35.75,-6.37
"c3c46a31b5cb-561","groundnut",35.74,-6.36
"c3c46a31b5cb-562","groundnut",35.73,-6.37
"c3c46a31b5cb-563","groundnut",35.75,-6.37
"c3c46a31b5cb-564","groundnut",35.75,-6.37
"c3c46a31b5cb-601","groundnut",32.87,-9.18
"c3c46a31b5cb-602","groundnut",32.86,-9.18
"c3c46a31b5cb-603","groundnut",32.88,-9.16
"c3c46a31b5cb-604","groundnut",32.86,-9.17
"c3c46a31b5cb-605","groundnut",32.87,-9.16
"c3c46a31b5cb-606","groundnut",32.86,-9.16
"c3c46a31b5cb-607","groundnut",32.86,-9.16
"c3c46a31b5cb-608","groundnut",32.88,-9.16
"c3c46a31b5cb-609","groundnut",32.88,-9.17
"c3c46a31b5cb-610","groundnut",32.86,-9.18
"c3c46a31b5cb-611","groundnut",32.86,-9.18
"c3c46a31b5cb-612","groundnut",32.86,-9.17
"c3c46a31b5cb-613","groundnut",32.88,-9.18
"c3c46a31b5cb-614","groundnut",32.88,-9.16
"c3c46a31b5cb-615","groundnut",32.89,-9.17
"c3c46a31b5cb-616","groundnut",32.88,-9.18
"c3c46a31b5cb-617","groundnut",32.87,-9.16
"c3c46a31b5cb-618","groundnut",32.88,-9.17
"c3c46a31b5cb-619","groundnut",32.86,-9.17
"c3c46a31b5cb-620","groundnut",32.88,-9.16
"c3c46a31b5cb-621","groundnut",32.86,-9.17
"c3c46a31b5cb-622","groundnut",32.87,-9.18
"c3c46a31b5cb-623","groundnut",32.86,-9.18
"c3c46a31b5cb-624","groundnut",32.88,-9.18
"c3c46a31b5cb-625","groundnut",32.87,-9.18
"c3c46a31b5cb-626","groundnut",32.88,-9.16
"c3c46a31b5cb-627","groundnut",32.88,-9.17
"c3c46a31b5cb-628","groundnut",32.88,-9.17
"c3c46a31b5cb-629","groundnut",32.87,-9.17
"c3c46a31b5cb-630","groundnut",32.87,-9.17
"c3c46a31b5cb-631","groundnut",32.88,-9.17
"c3c46a31b5cb-632","groundnut",32.87,-9.17
"c3c46a31b5cb-633","groundnut",32.86,-9.17
"c3c46a31b5cb-634","groundnut",32.86,-9.17
"c3c46a31b5cb-635","groundnut",32.87,-9.17
"c3c46a31b5cb-636","groundnut",32.88,-9.16
"c3c46a31b5cb-637","groundnut",32.86,-9.16
"c3c46a31b5cb-638","groundnut",32.87,-9.16
"c3c46a31b5cb-639","groundnut",32.88,-9.17
"c3c46a31b5cb-640","groundnut",32.88,-9.17
"c3c46a31b5cb-641","groundnut",32.86,-9.16
"c3c46a31b5cb-642","groundnut",32.87,-9.17
"c3c46a31b5cb-643","groundnut",32.87,-9.17
"c3c46a31b5cb-644","groundnut",32.87,-9.18
"c3c46a31b5cb-645","groundnut",32.86,-9.17
"c3c46a31b5cb-646","groundnut",32.87,-9.18
"c3c46a31b5cb-647","groundnut",32.88,-9.17
"c3c46a31b5cb-648","groundnut",32.88,-9.18
"c3c46a31b5cb-649","groundnut",32.86,-9.17
"c3c46a31b5cb-650","groundnut",32.86,-9.16
"c3c46a31b5cb-651","groundnut",32.87,-9.16
"c3c46a31b5cb-652","groundnut",32.87,-9.17
"c3c46a31b5cb-653","groundnut",32.87,-9.16
"c3c46a31b5cb-654","groundnut",32.88,-9.17
"c3c46a31b5cb-655","groundnut",32.87,-9.16
"c3c46a31b5cb-656","groundnut",32.88,-9.17
"c3c46a31b5cb-657","groundnut",32.87,-9.17
"c3c46a31b5cb-658","groundnut",32.87,-9.18
"c3c46a31b5cb-659","groundnut",32.86,-9.17
"c3c46a31b5cb-660","groundnut",32.88,-9.17
"c3c46a31b5cb-661","groundnut",32.88,-9.16
"c3c46a31b5cb-662","groundnut",32.88,-9.17
"c3c46a31b5cb-663","groundnut",32.87,-9.16
"c3c46a31b5cb-664","groundnut",32.88,-9.16
"c3c46a31b5cb-665","groundnut",32.87,-9.16
"c3c46a31b5cb-666","groundnut",32.87,-9.16
"c3c46a31b5cb-667","groundnut",32.87,-9.17
"c3c46a31b5cb-668","groundnut",32.88,-9.18
"c3c46a31b5cb-669","groundnut",32.86,-9.16
"c3c46a31b5cb-670","groundnut",32.86,-9.17
"c3c46a31b5cb-723","groundnut",32.97,-9.04
"c3c46a31b5cb-732","groundnut",32.97,-9.03
"c3c46a31b5cb-868","groundnut",39.03,-10.49
"c3c46a31b5cb-869","groundnut",39.03,-10.48
"c3c46a31b5cb-870","groundnut",39.05,-10.48
"c3c46a31b5cb-871","groundnut",39.04,-10.49
"c3c46a31b5cb-872","groundnut",39.02,-10.49
"c3c46a31b5cb-873","groundnut",39.02,-10.49
"c3c46a31b5cb-874","groundnut",39.05,-10.48
"c3c46a31b5cb-875","groundnut",39.02,-10.49
"c3c46a31b5cb-881","groundnut",39.06,-10.48
"c3c46a31b5cb-882","groundnut",39.04,-10.48
"c3c46a31b5cb-886","groundnut",39.06,-10.47
"c3c46a31b5cb-887","groundnut",39.06,-10.47
"c3c46a31b5cb-905","groundnut",39.91,-10.25
"c3c46a31b5cb-928","groundnut",40.14,-10.32
"c3c46a31b5cb-982","groundnut",40.16,-10.36
"f9d88801f7fa-41","groundnut",32.15,-6.75
"f9d88801f7fa-42","groundnut",32.13,-6.75
"f9d88801f7fa-89","groundnut",31.17,-6.34
"f9d88801f7fa-112","groundnut",29.74,-4.81
"f9d88801f7fa-157","groundnut",33.46,-2.63
"f9d88801f7fa-213","groundnut",31.91,-3.48
"f9d88801f7fa-220","groundnut",31.98,-3.48
"f9d88801f7fa-319","groundnut",36.27,-10.32
"f9d88801f7fa-371","groundnut",32.96,-9.07
"f9d88801f7fa-420","groundnut",32.8,-9.13
"f9d88801f7fa-483","groundnut",36.36,-6.22
"f9d88801f7fa-485","groundnut",36.34,-6.23
"f9d88801f7fa-503","groundnut",35.59,-5.93
"f9d88801f7fa-529","groundnut",35.96,-5.89
"f9d88801f7fa-530","groundnut",35.95,-5.9
"f9d88801f7fa-531","groundnut",35.94,-5.89
"f9d88801f7fa-532","groundnut",35.94,-5.88
"f9d88801f7fa-533","groundnut",35.95,-5.9
"f9d88801f7fa-534","groundnut",35.96,-5.9
"f9d88801f7fa-535","groundnut",35.95,-5.88
"f9d88801f7fa-536","groundnut",35.95,-5.9
"f9d88801f7fa-537","groundnut",35.96,-5.91
"f9d88801f7fa-538","groundnut",35.94,-5.9
"f9d88801f7fa-554","groundnut",39.07,-6.67
"f9d88801f7fa-555","groundnut",39.09,-6.68
"f9d88801f7fa-559","groundnut",39.63,-10.06
"f9d88801f7fa-567","groundnut",39.63,-10.06
"f9d88801f7fa-575","groundnut",40.24,-10.34
"f9d88801f7fa-578","groundnut",40.24,-10.34
"f9d88801f7fa-580","groundnut",40.24,-10.35
"f9d88801f7fa-582","groundnut",40.23,-10.34
"f9d88801f7fa-599","groundnut",40.17,-10.38
"7525d0c24f31-6","groundnut",31.13,-6.17
"7525d0c24f31-7","groundnut",31.11,-6.17
"7525d0c24f31-8","groundnut",31.12,-6.17
"7525d0c24f31-9","groundnut",31.13,-6.18
"7525d0c24f31-12","groundnut",31.13,-6.17
"7525d0c24f31-13","groundnut",31.12,-6.16
"7525d0c24f31-14","groundnut",31.11,-6.16
"7525d0c24f31-41","groundnut",31.19,-6.36
"7525d0c24f31-73","groundnut",31.34,-6.45
"7525d0c24f31-82","groundnut",32,-6.64
"7525d0c24f31-85","groundnut",32.01,-6.66
"7525d0c24f31-88","groundnut",32,-6.66
"7525d0c24f31-143","groundnut",33.46,-2.64
"7525d0c24f31-145","groundnut",33.45,-2.62
"7525d0c24f31-152","groundnut",33.72,-2.05
"7525d0c24f31-155","groundnut",33.72,-2.05
"7525d0c24f31-158","groundnut",33.73,-2.05
"7525d0c24f31-162","groundnut",33.72,-2.04
"7525d0c24f31-168","groundnut",33.66,-3.21
"7525d0c24f31-187","groundnut",32.4,-3.92
"7525d0c24f31-218","groundnut",39.09,-10.47
"7525d0c24f31-222","groundnut",39.06,-10.47
"7525d0c24f31-223","groundnut",36.12,-10.48
"7525d0c24f31-224","groundnut",39.05,-10.48
"7525d0c24f31-226","groundnut",39.05,-10.47
"7525d0c24f31-229","groundnut",39.04,-10.48
"7525d0c24f31-231","groundnut",39.05,-10.49
"7525d0c24f31-239","groundnut",39.04,-10.47
"7525d0c24f31-287","groundnut",38.63,-10.84
"7525d0c24f31-290","groundnut",38.61,-10.82
"7525d0c24f31-315","groundnut",39.06,-10.48
"7525d0c24f31-323","groundnut",36.12,-10.48
"7525d0c24f31-325","groundnut",36.13,-10.46
"7525d0c24f31-329","groundnut",36.13,-10.47
"7525d0c24f31-357","groundnut",36.28,-10.32
"7525d0c24f31-361","groundnut",36.28,-10.33
"7525d0c24f31-366","groundnut",36.27,-10.32
"7525d0c24f31-369","groundnut",36.27,-10.33
"7525d0c24f31-410","groundnut",32.96,-9.03
"7525d0c24f31-429","groundnut",32.96,-9.05
"7525d0c24f31-637","groundnut",36.35,-7.03
"7525d0c24f31-641","groundnut",36.37,-7.02
"7525d0c24f31-674","groundnut",35.61,-5.94
"7525d0c24f31-683","groundnut",35.55,-5.95
"7525d0c24f31-759","groundnut",35.96,-5.95
"7525d0c24f31-782","groundnut",36.42,-6.19
"7525d0c24f31-784","groundnut",36.41,-6.2
"7525d0c24f31-785","groundnut",36.41,-6.21
"7525d0c24f31-786","groundnut",36.41,-6.22
"7525d0c24f31-790","groundnut",36.42,-6.07
"7525d0c24f31-791","groundnut",36.43,-6.08
"7525d0c24f31-792","groundnut",36.41,-6.08
"7525d0c24f31-799","groundnut",36.47,-6.22
"7525d0c24f31-800","groundnut",36.46,-6.21
"7525d0c24f31-801","groundnut",36.48,-6.23
"7525d0c24f31-811","groundnut",36.82,-6.31
"7525d0c24f31-816","groundnut",36.82,-6.32
"7525d0c24f31-817","groundnut",36.83,-6.33
"7525d0c24f31-838","groundnut",39.1,-6.68
"7525d0c24f31-840","groundnut",39.09,-6.67
"7525d0c24f31-842","groundnut",39.09,-6.66
"7525d0c24f31-844","groundnut",39.1,-6.67
"7525d0c24f31-845","groundnut",39.09,-6.66
"7525d0c24f31-846","groundnut",39.08,-6.68
"7525d0c24f31-850","groundnut",39.09,-6.68
"7525d0c24f31-854","groundnut",40.17,-10.36
"7525d0c24f31-887","groundnut",40.25,-10.35
"6cb1e0412309-5","groundnut",33.44,-2.59
"6cb1e0412309-16","groundnut",32.16,-5.09
"6cb1e0412309-19","groundnut",32.1,-5.08
"6cb1e0412309-24","groundnut",32.15,-5.09
"6cb1e0412309-36","groundnut",32.06,-6.72
"6cb1e0412309-37","groundnut",32,-6.75
"6cb1e0412309-38","groundnut",31.99,-6.74
"6cb1e0412309-39","groundnut",32.06,-6.72
"6cb1e0412309-59","groundnut",31.99,-3.48
"6cb1e0412309-60","groundnut",32.25,-3.68
"6cb1e0412309-61","groundnut",32.25,-3.7
"6cb1e0412309-62","groundnut",32.24,-3.71
"6cb1e0412309-63","groundnut",32.24,-3.69
"6cb1e0412309-64","groundnut",32.24,-3.71
"6cb1e0412309-66","groundnut",32.41,-3.91
"6cb1e0412309-132","groundnut",32.97,-9.05
"6cb1e0412309-162","groundnut",35.55,-5.95
"6cb1e0412309-163","groundnut",35.55,-5.95
"6cb1e0412309-166","groundnut",35.54,-5.94
"88f82a3f073e-121","potato",9.27,9.45
"88f82a3f073e-163","potato",9.32,9.4
"e5f6c564977b-119","forages",37.84,7.55
"e5f6c564977b-201","forages",37.46,11.69
"e5f6c564977b-253","forages",36.83,11.35
"b473fcd6d3d2-23","cowpea",8.57,11.98
"b473fcd6d3d2-25","cowpea",8.55,11.99
"b473fcd6d3d2-26","cowpea",8.56,11.98
"b473fcd6d3d2-27","cowpea",8.55,11.98
"b473fcd6d3d2-30","cowpea",8.56,11.98
"b473fcd6d3d2-31","cowpea",8.57,11.99
"b473fcd6d3d2-32","cowpea",8.55,11.97
"b473fcd6d3d2-33","cowpea",8.57,11.98
"b473fcd6d3d2-35","cowpea",8.56,11.98
"b473fcd6d3d2-36","cowpea",8.57,11.98
"b473fcd6d3d2-37","cowpea",8.55,11.98
"b473fcd6d3d2-38","cowpea",8.55,11.99
"b473fcd6d3d2-39","cowpea",8.55,11.98
"b473fcd6d3d2-49","cowpea",8.57,11.98
"b473fcd6d3d2-50","cowpea",8.55,11.99
"b473fcd6d3d2-51","cowpea",8.57,11.98
"b473fcd6d3d2-52","cowpea",8.57,11.98
"b473fcd6d3d2-53","cowpea",8.56,11.98
"b473fcd6d3d2-54","cowpea",8.56,11.98
"b473fcd6d3d2-73","cowpea",8.56,11.99
"b473fcd6d3d2-75","cowpea",8.57,11.98
"b473fcd6d3d2-77","cowpea",8.55,11.98
"b473fcd6d3d2-78","cowpea",8.56,11.99
"b473fcd6d3d2-86","cowpea",8.55,11.99
"b473fcd6d3d2-90","cowpea",8.55,11.98
"b473fcd6d3d2-91","cowpea",8.56,11.98
"b473fcd6d3d2-94","cowpea",8.57,11.99
"b473fcd6d3d2-95","cowpea",8.57,11.98
"b473fcd6d3d2-96","cowpea",8.56,11.98
"b473fcd6d3d2-102","cowpea",8.57,11.98
"b473fcd6d3d2-103","cowpea",8.56,11.99
"b473fcd6d3d2-104","cowpea",8.56,11.98
"b473fcd6d3d2-105","cowpea",8.55,11.98
"b473fcd6d3d2-109","cowpea",8.55,11.99
"b473fcd6d3d2-110","cowpea",8.55,11.99
"b473fcd6d3d2-111","cowpea",8.56,11.99
"b473fcd6d3d2-115","cowpea",8.57,11.98
"b473fcd6d3d2-116","cowpea",8.57,11.99
"b473fcd6d3d2-117","cowpea",8.56,11.97
"b473fcd6d3d2-118","cowpea",8.56,11.98
"b473fcd6d3d2-119","cowpea",8.57,11.99
"b473fcd6d3d2-120","cowpea",8.56,11.97
"46c9305acadb-111","cowpea",8.74,8.42
"46c9305acadb-112","cowpea",8.74,8.43
"46c9305acadb-113","cowpea",8.72,8.43
"46c9305acadb-114","cowpea",8.73,8.44
"46c9305acadb-115","cowpea",8.73,8.42
"46c9305acadb-116","cowpea",8.73,8.41
"46c9305acadb-117","cowpea",8.74,8.41
"46c9305acadb-118","cowpea",8.72,8.42
"46c9305acadb-119","cowpea",8.73,8.43
"46c9305acadb-120","cowpea",8.73,8.44
"46c9305acadb-121","cowpea",8.48,8.47
"46c9305acadb-122","cowpea",8.68,8.45
"46c9305acadb-123","cowpea",8.68,8.45
"46c9305acadb-124","cowpea",8.69,8.46
"46c9305acadb-125","cowpea",8.67,8.45
"46c9305acadb-126","cowpea",8.69,8.46
"46c9305acadb-127","cowpea",8.68,8.46
"46c9305acadb-128","cowpea",8.67,8.45
"46c9305acadb-129","cowpea",8.69,8.46
"46c9305acadb-131","cowpea",8.68,8.47
"46c9305acadb-132","cowpea",8.49,8.48
"46c9305acadb-199","cowpea",7.6,11.15
"46c9305acadb-200","cowpea",7.58,11.13
"46c9305acadb-207","cowpea",7.36,11.35
"46c9305acadb-212","cowpea",7.44,11.34
"46c9305acadb-430","cowpea",6.56,9.05
"46c9305acadb-487","cowpea",7.65,10.96
"46c9305acadb-488","cowpea",7.61,10.95
"46c9305acadb-491","cowpea",7.64,10.95
"46c9305acadb-492","cowpea",7.63,10.95
"46c9305acadb-493","cowpea",7.62,10.93
"46c9305acadb-494","cowpea",7.65,10.97
"46c9305acadb-495","cowpea",7.63,10.95
"46c9305acadb-496","cowpea",7.61,10.95
"46c9305acadb-497","cowpea",7.63,10.85
"46c9305acadb-498","cowpea",7.64,10.96
"46c9305acadb-499","cowpea",7.61,10.94
"46c9305acadb-500","cowpea",7.66,10.95
"46c9305acadb-501","cowpea",7.63,10.94
"46c9305acadb-502","cowpea",7.61,10.87
"46c9305acadb-503","cowpea",7.63,10.85
"46c9305acadb-504","cowpea",7.63,10.97
"46c9305acadb-505","cowpea",7.63,10.93
"46c9305acadb-506","cowpea",7.66,10.99
"46c9305acadb-509","cowpea",8.12,11.21
"46c9305acadb-514","cowpea",8.23,11.18
"46c9305acadb-517","cowpea",8.09,11.31
"ed642e7497d4-91","maize",29.77,-2.42
"ed642e7497d4-92","maize",29.77,-2.43
"ed642e7497d4-96","maize",29.78,-2.42
"ed642e7497d4-103","maize",29.77,-2.41
"ed642e7497d4-152","maize",28.92,-2.54
"904627e2e84c-54","maize",29.58,-1.49
"904627e2e84c-63","maize",29.59,-1.5
"a4e942501f57-453","maize",30.21,-2.13
"a4e942501f57-454","maize",30.22,-2.13
"39fbcd196863-130","commonbean",29.38,-2.01
"87fd9a95bead-120","commonbean",29.48,-2.48
"87fd9a95bead-176","commonbean",30.27,-1.91
"87fd9a95bead-223","commonbean",29.39,-1.89
